1,7,294,294,16,0,0,552,4.1343412,0,1,1,0,0,0
0,0,0,0,17,0,0,0,0,0,0,0,0,0,0
0,0,0,0,18,0,0,0,0,0,0,0,0,0,0
0,0,0,0,19,0,0,0,0,0,0,0,0,0,0
0,0,0,0,20,0,0,0,0,0,0,0,0,0,1
1,2,811,811,21,0,0,82505,3.2292066,0,1,0,0,0,0
0,0,0,0,22,0,0,0,0,0,0,0,0,0,0
0,0,0,0,23,0,0,0,0,0,0,0,0,0,0
0,0,0,0,0,0,0,0,0,0,0,0,0,0,0
0,0,0,0,1,0,0,0,0,0,0,0,0,0,0
0,0,0,0,2,0,0,0,0,0,0,0,0,0,0
0,0,0,0,3,0,0,0,0,0,0,0,0,0,0
0,0,0,0,4,0,0,0,0,0,0,0,0,0,0
0,0,0,0,5,0,0,0,0,0,0,0,0,0,0
0,0,0,0,6,0,0,0,0,0,0,0,0,0,0
0,0,0,0,7,0,0,0,0,0,0,0,0,0,0
0,0,0,0,8,0,0,0,0,0,0,0,0,0,0
0,0,0,0,9,0,0,0,0,0,0,0,0,0,0
0,0,0,0,10,0,0,0,0,0,0,0,0,0,0
0,0,0,0,11,0,0,0,0,0,0,0,0,0,0
0,0,0,0,12,0,0,0,0,0,0,0,0,0,0
0,0,0,0,13,0,0,0,0,0,0,0,0,0,0
0,0,0,0,14,0,0,0,0,0,0,0,0,0,0
0,0,0,0,15,0,0,0,0,0,0,0,0,0,0
0,0,0,0,16,0,0,0,0,0,0,0,0,0,0
0,0,0,0,17,0,0,0,0,0,0,0,0,0,0
0,0,0,0,18,0,0,0,0,0,0,0,0,0,0
0,0,0,0,19,0,0,0,0,0,0,0,0,0,0
0,0,0,0,20,0,0,0,0,0,0,0,0,0,0
0,0,0,0,21,0,0,0,0,0,0,0,0,0,0
0,0,0,0,22,0,0,0,0,0,0,0,0,0,0
0,0,0,0,23,0,0,0,0,0,0,0,0,0,0
0,0,0,0,0,0,0,0,0,0,0,0,0,0,0
0,0,0,0,1,0,0,0,0,0,0,0,0,0,0
0,0,0,0,2,0,0,0,0,0,0,0,0,0,0
0,0,0,0,3,0,0,0,0,0,0,0,0,0,0
0,0,0,0,4,0,0,0,0,0,0,0,0,0,0
0,0,0,0,5,0,0,0,0,0,0,0,0,0,0
0,0,0,0,6,0,0,0,0,0,0,0,0,0,0
0,0,0,0,7,0,0,0,0,0,0,0,0,0,0
0,0,0,0,8,0,0,0,0,0,0,0,0,0,0
0,0,0,0,9,0,0,0,0,0,0,0,0,0,0
0,0,0,0,10,0,0,0,0,0,0,0,0,0,0
0,0,0,0,11,0,0,0,0,0,0,0,0,0,0
0,0,0,0,12,0,0,0,0,0,0,0,0,0,0
0,0,0,0,13,0,0,0,0,0,0,0,0,0,0
0,0,0,0,14,0,0,0,0,0,0,0,0,0,0
0,0,0,0,15,0,0,0,0,0,0,0,0,0,0
0,0,0,0,16,0,0,0,0,0,0,0,0,0,0
0,0,0,0,17,0,0,0,0,0,0,0,0,0,0
0,0,0,0,18,0,0,0,0,0,0,0,0,0,0
0,0,0,0,19,0,0,0,0,0,0,0,0,0,0
0,0,0,0,20,0,0,0,0,0,0,0,0,0,0
0,0,0,0,21,0,0,0,0,0,0,0,0,0,0
0,0,0,0,22,0,0,0,0,0,0,0,0,0,0
0,0,0,0,23,0,0,0,0,0,0,0,0,0,0
0,0,0,0,0,0,0,0,0,0,0,0,0,0,0
0,0,0,0,1,0,0,0,0,0,0,0,0,0,0
0,0,0,0,2,0,0,0,0,0,0,0,0,0,0
0,0,0,0,3,0,0,0,0,0,0,0,0,0,0
0,0,0,0,4,0,0,0,0,0,0,0,0,0,0
0,0,0,0,5,0,0,0,0,0,0,0,0,0,0
0,0,0,0,6,0,0,0,0,0,0,0,0,0,0
0,0,0,0,7,0,0,0,0,0,0,0,0,0,0
0,0,0,0,8,0,0,0,0,0,0,0,0,0,0
0,0,0,0,9,0,0,0,0,0,0,0,0,0,0
0,0,0,0,10,0,0,0,0,0,0,0,0,0,0
0,0,0,0,11,0,0,0,0,0,0,0,0,0,0
0,0,0,0,12,0,0,0,0,0,0,0,0,0,0
0,0,0,0,13,0,0,0,0,0,0,0,0,0,0
0,0,0,0,14,0,0,0,0,0,0,0,0,0,0
0,0,0,0,15,0,0,0,0,0,0,0,0,0,0
0,0,0,0,16,0,0,0,0,0,0,0,0,0,0
0,0,0,0,17,0,0,0,0,0,0,0,0,0,0
0,0,0,0,18,0,0,0,0,0,0,0,0,0,0
0,0,0,0,19,0,0,0,0,0,0,0,0,0,0
0,0,0,0,20,0,0,0,0,0,0,0,0,0,0
0,0,0,0,21,0,0,0,0,0,0,0,0,0,0
0,0,0,0,22,0,0,0,0,0,0,0,0,0,0
0,0,0,0,23,0,0,0,0,0,0,0,0,0,0
0,0,0,0,0,0,0,0,0,0,0,0,0,0,0
0,0,0,0,1,0,0,0,0,0,0,0,0,0,0
0,0,0,0,2,0,0,0,0,0,0,0,0,0,0
0,0,0,0,3,0,0,0,0,0,0,0,0,0,0
0,0,0,0,4,0,0,0,0,0,0,0,0,0,0
0,0,0,0,5,0,0,0,0,0,0,0,0,0,0
0,0,0,0,6,0,0,0,0,0,0,0,0,0,0
0,0,0,0,7,0,0,0,0,0,0,0,0,0,0
0,0,0,0,8,0,0,0,0,0,0,0,0,0,0
0,0,0,0,9,0,0,0,0,0,0,0,0,0,0
0,0,0,0,10,0,0,0,0,0,0,0,0,0,0
0,0,0,0,11,0,0,0,0,0,0,0,0,0,0
0,0,0,0,12,0,0,0,0,0,0,0,0,0,0
0,0,0,0,13,0,0,0,0,0,0,0,0,0,0
0,0,0,0,14,0,0,0,0,0,0,0,0,0,0
0,0,0,0,15,0,0,0,0,0,0,0,0,0,0
0,0,0,0,16,0,0,0,0,0,0,0,0,0,0
0,0,0,0,17,0,0,0,0,0,0,0,0,0,0
0,0,0,0,18,0,0,0,0,0,0,0,0,0,0
0,0,0,0,19,0,0,0,0,0,0,0,0,0,0
0,0,0,0,20,0,0,0,0,0,0,0,0,0,0
0,0,0,0,21,0,0,0,0,0,0,0,0,0,0
0,0,0,0,22,0,0,0,0,0,0,0,0,0,0
0,0,0,0,23,0,0,0,0,0,0,0,0,0,0
0,0,0,0,0,0,0,0,0,0,0,0,0,0,0
0,0,0,0,1,0,0,0,0,0,0,0,0,0,0
0,0,0,0,2,0,0,0,0,0,0,0,0,0,0
0,0,0,0,3,0,0,0,0,0,0,0,0,0,0
0,0,0,0,4,0,0,0,0,0,0,0,0,0,0
0,0,0,0,5,0,0,0,0,0,0,0,0,0,0
0,0,0,0,6,0,0,0,0,0,0,0,0,0,0
0,0,0,0,7,0,0,0,0,0,0,0,0,0,0
0,0,0,0,8,0,0,0,0,0,0,0,0,0,0
0,0,0,0,9,0,0,0,0,0,0,0,0,0,0
0,0,0,0,10,0,0,0,0,0,0,0,0,0,0
0,0,0,0,11,0,0,0,0,0,0,0,0,0,0
0,0,0,0,12,0,0,0,0,0,0,0,0,0,0
0,0,0,0,13,0,0,0,0,0,0,0,0,0,0
0,0,0,0,14,0,0,0,0,0,0,0,0,0,0
0,0,0,0,15,0,0,0,0,0,0,0,0,0,0
0,0,0,0,16,0,0,0,0,0,0,0,0,0,0
0,0,0,0,17,0,0,0,0,0,0,0,0,0,0
0,0,0,0,18,0,0,0,0,0,0,0,0,0,0
0,0,0,0,19,0,0,0,0,0,0,0,0,0,0
0,0,0,0,20,0,0,0,0,0,0,0,0,0,0
0,0,0,0,21,0,0,0,0,0,0,0,0,0,0
0,0,0,0,22,0,0,0,0,0,0,0,0,0,0
0,0,0,0,23,0,0,0,0,0,0,0,0,0,0
0,0,0,0,0,0,0,0,0,0,0,0,0,0,0
0,0,0,0,1,0,0,0,0,0,0,0,0,0,0
0,0,0,0,2,0,0,0,0,0,0,0,0,0,0
0,0,0,0,3,0,0,0,0,0,0,0,0,0,1
1,15,132,132,4,0,0,427,4.0334744,0,1,1,0,0,0
0,0,0,0,5,0,0,0,0,0,0,0,0,0,0
0,0,0,0,6,0,0,0,0,0,0,0,0,0,1
1,2,1116,1116,7,0,0,5463,6.9444513,1,1,0,0,0,0
0,0,0,0,8,0,0,0,0,0,0,0,0,0,0
0,0,0,0,9,0,0,0,0,0,0,0,0,0,0
0,0,0,0,10,0,0,0,0,0,0,0,0,0,0
0,0,0,0,11,0,0,0,0,0,0,0,0,0,0
0,0,0,0,12,0,0,0,0,0,0,0,0,0,0
0,0,0,0,13,0,0,0,0,0,0,0,0,0,0
0,0,0,0,14,0,0,0,0,0,0,0,0,0,0
0,0,0,0,15,0,0,0,0,0,0,0,0,0,0
0,0,0,0,16,0,0,0,0,0,0,0,0,0,0
0,0,0,0,17,0,0,0,0,0,0,0,0,0,0
0,0,0,0,18,0,0,0,0,0,0,0,0,0,0
0,0,0,0,19,0,0,0,0,0,0,0,0,0,0
0,0,0,0,20,0,0,0,0,0,0,0,0,0,0
0,0,0,0,21,0,0,0,0,0,0,0,0,0,0
0,0,0,0,22,0,0,0,0,0,0,0,0,0,0
0,0,0,0,23,0,0,0,0,0,0,0,0,0,0
0,0,0,0,0,0,0,0,0,0,0,0,0,0,0
0,0,0,0,1,0,0,0,0,0,0,0,0,0,0
0,0,0,0,2,0,0,0,0,0,0,0,0,0,0
0,0,0,0,3,0,0,0,0,0,0,0,0,0,0
0,0,0,0,4,0,0,0,0,0,0,0,0,0,0
0,0,0,0,5,0,0,0,0,0,0,0,0,0,0
0,0,0,0,6,0,0,0,0,0,0,0,0,0,0
0,0,0,0,7,0,0,0,0,0,0,0,0,0,0
0,0,0,0,8,0,0,0,0,0,0,0,0,0,0
0,0,0,0,9,0,0,0,0,0,0,0,0,0,0
0,0,0,0,10,0,0,0,0,0,0,0,0,0,0
0,0,0,0,11,0,0,0,0,0,0,0,0,0,0
0,0,0,0,12,0,0,0,0,0,0,0,0,0,0
0,0,0,0,13,0,0,0,0,0,0,0,0,0,0
0,0,0,0,14,0,0,0,0,0,0,0,0,0,0
0,0,0,0,15,0,0,0,0,0,0,0,0,0,0
0,0,0,0,16,0,0,0,0,0,0,0,0,0,0
0,0,0,0,17,0,0,0,0,0,0,0,0,0,0
0,0,0,0,18,0,0,0,0,0,0,0,0,0,0
0,0,0,0,19,0,0,0,0,0,0,0,0,0,0
0,0,0,0,20,0,0,0,0,0,0,0,0,0,0
0,0,0,0,21,0,0,0,0,0,0,0,0,0,0
0,0,0,0,22,0,0,0,0,0,0,0,0,0,0
0,0,0,0,23,0,0,0,0,0,0,0,0,0,0
0,0,0,0,0,0,0,0,0,0,0,0,0,0,0
0,0,0,0,1,0,0,0,0,0,0,0,0,0,0
0,0,0,0,2,0,0,0,0,0,0,0,0,0,0
0,0,0,0,3,0,0,0,0,0,0,0,0,0,0
0,0,0,0,4,0,0,0,0,0,0,0,0,0,0
0,0,0,0,5,0,0,0,0,0,0,0,0,0,0
0,0,0,0,6,0,0,0,0,0,0,0,0,0,0
0,0,0,0,7,0,0,0,0,0,0,0,0,0,0
0,0,0,0,8,0,0,0,0,0,0,0,0,0,0
0,0,0,0,9,0,0,0,0,0,0,0,0,0,0
0,0,0,0,10,0,0,0,0,0,0,0,0,0,0
0,0,0,0,11,0,0,0,0,0,0,0,0,0,0
0,0,0,0,12,0,0,0,0,0,0,0,0,0,0
0,0,0,0,13,0,0,0,0,0,0,0,0,0,0
0,0,0,0,14,0,0,0,0,0,0,0,0,0,0
0,0,0,0,15,0,0,0,0,0,0,0,0,0,0
0,0,0,0,16,0,0,0,0,0,0,0,0,0,0
0,0,0,0,17,0,0,0,0,0,0,0,0,0,0
0,0,0,0,18,0,0,0,0,0,0,0,0,0,0
0,0,0,0,19,0,0,0,0,0,0,0,0,0,0
0,0,0,0,20,0,0,0,0,0,0,0,0,0,0
0,0,0,0,21,0,0,0,0,0,0,0,0,0,0
0,0,0,0,22,0,0,0,0,0,0,0,0,0,0
0,0,0,0,23,0,0,0,0,0,0,0,0,0,0
0,0,0,0,0,0,0,0,0,0,0,0,0,0,0
0,0,0,0,1,0,0,0,0,0,0,0,0,0,0
0,0,0,0,2,0,0,0,0,0,0,0,0,0,0
0,0,0,0,3,0,0,0,0,0,0,0,0,0,0
0,0,0,0,4,0,0,0,0,0,0,0,0,0,0
0,0,0,0,5,0,0,0,0,0,0,0,0,0,0
0,0,0,0,6,0,0,0,0,0,0,0,0,0,0
0,0,0,0,7,0,0,0,0,0,0,0,0,0,0
0,0,0,0,8,0,0,0,0,0,0,0,0,0,0
0,0,0,0,9,0,0,0,0,0,0,0,0,0,0
0,0,0,0,10,0,0,0,0,0,0,0,0,0,0
0,0,0,0,11,0,0,0,0,0,0,0,0,0,0
0,0,0,0,12,0,0,0,0,0,0,0,0,0,0
0,0,0,0,13,0,0,0,0,0,0,0,0,0,0
0,0,0,0,14,0,0,0,0,0,0,0,0,0,0
0,0,0,0,15,0,0,0,0,0,0,0,0,0,0
0,0,0,0,16,0,0,0,0,0,0,0,0,0,0
0,0,0,0,17,0,0,0,0,0,0,0,0,0,0
0,0,0,0,18,0,0,0,0,0,0,0,0,0,0
0,0,0,0,19,0,0,0,0,0,0,0,0,0,0
0,0,0,0,20,0,0,0,0,0,0,0,0,0,1
1,2,96,96,21,0,0,60,6.6606402,1,1,0,0,0,0
0,0,0,0,22,0,0,0,0,0,0,0,0,0,0
0,0,0,0,23,0,0,0,0,0,0,0,0,0,0
0,0,0,0,0,0,0,0,0,0,0,0,0,0,0
0,0,0,0,1,0,0,0,0,0,0,0,0,0,0
0,0,0,0,2,0,0,0,0,0,0,0,0,0,0
0,0,0,0,3,0,0,0,0,0,0,0,0,0,0
0,0,0,0,4,0,0,0,0,0,0,0,0,0,0
0,0,0,0,5,0,0,0,0,0,0,0,0,0,0
0,0,0,0,6,0,0,0,0,0,0,0,0,0,0
0,0,0,0,7,0,0,0,0,0,0,0,0,0,0
0,0,0,0,8,0,0,0,0,0,0,0,0,0,0
0,0,0,0,9,0,0,0,0,0,0,0,0,0,0
0,0,0,0,10,0,0,0,0,0,0,0,0,0,0
0,0,0,0,11,0,0,0,0,0,0,0,0,0,0
0,0,0,0,12,0,0,0,0,0,0,0,0,0,0
0,0,0,0,13,0,0,0,0,0,0,0,0,0,0
0,0,0,0,14,0,0,0,0,0,0,0,0,0,0
0,0,0,0,15,0,0,0,0,0,0,0,0,0,0
0,0,0,0,16,0,0,0,0,0,0,0,0,0,0
0,0,0,0,17,0,0,0,0,0,0,0,0,0,0
0,0,0,0,18,0,0,0,0,0,0,0,0,0,0
0,0,0,0,19,0,0,0,0,0,0,0,0,0,0
0,0,0,0,20,0,0,0,0,0,0,0,0,0,0
0,0,0,0,21,0,0,0,0,0,0,0,0,0,0
0,0,0,0,22,0,0,0,0,0,0,0,0,0,0
0,0,0,0,23,0,0,0,0,0,0,0,0,0,0
0,0,0,0,0,0,0,0,0,0,0,0,0,0,0
0,0,0,0,1,0,0,0,0,0,0,0,0,0,0
0,0,0,0,2,0,0,0,0,0,0,0,0,0,0
0,0,0,0,3,0,0,0,0,0,0,0,0,0,0
0,0,0,0,4,0,0,0,0,0,0,0,0,0,0
0,0,0,0,5,0,0,0,0,0,0,0,0,0,0
0,0,0,0,6,0,0,0,0,0,0,0,0,0,0
0,0,0,0,7,0,0,0,0,0,0,0,0,0,0
0,0,0,0,8,0,0,0,0,0,0,0,0,0,0
0,0,0,0,9,0,0,0,0,0,0,0,0,0,0
0,0,0,0,10,0,0,0,0,0,0,0,0,0,0
0,0,0,0,11,0,0,0,0,0,0,0,0,0,0
0,0,0,0,12,0,0,0,0,0,0,0,0,0,0
0,0,0,0,13,0,0,0,0,0,0,0,0,0,0
0,0,0,0,14,0,0,0,0,0,0,0,0,0,0
0,0,0,0,15,0,0,0,0,0,0,0,0,0,0
0,0,0,0,16,0,0,0,0,0,0,0,0,0,0
0,0,0,0,17,0,0,0,0,0,0,0,0,0,0
0,0,0,0,18,0,0,0,0,0,0,0,0,0,0
0,0,0,0,19,0,0,0,0,0,0,0,0,0,0
0,0,0,0,20,0,0,0,0,0,0,0,0,0,0
0,0,0,0,21,0,0,0,0,0,0,0,0,0,0
0,0,0,0,22,0,0,0,0,0,0,0,0,0,0
0,0,0,0,23,0,0,0,0,0,0,0,0,0,0
0,0,0,0,0,0,0,0,0,0,0,0,0,0,0
0,0,0,0,1,0,0,0,0,0,0,0,0,0,0
0,0,0,0,2,0,0,0,0,0,0,0,0,0,0
0,0,0,0,3,0,0,0,0,0,0,0,0,0,0
0,0,0,0,4,0,0,0,0,0,0,0,0,0,0
0,0,0,0,5,0,0,0,0,0,0,0,0,0,0
0,0,0,0,6,0,0,0,0,0,0,0,0,0,0
0,0,0,0,7,0,0,0,0,0,0,0,0,0,0
0,0,0,0,8,0,0,0,0,0,0,0,0,0,0
0,0,0,0,9,0,0,0,0,0,0,0,0,0,0
0,0,0,0,10,0,0,0,0,0,0,0,0,0,0
0,0,0,0,11,0,0,0,0,0,0,0,0,0,0
0,0,0,0,12,0,0,0,0,0,0,0,0,0,0
0,0,0,0,13,0,0,0,0,0,0,0,0,0,0
0,0,0,0,14,0,0,0,0,0,0,0,0,0,0
0,0,0,0,15,0,0,0,0,0,0,0,0,0,0
0,0,0,0,16,0,0,0,0,0,0,0,0,0,0
0,0,0,0,17,0,0,0,0,0,0,0,0,0,0
0,0,0,0,18,0,0,0,0,0,0,0,0,0,0
0,0,0,0,19,0,0,0,0,0,0,0,0,0,0
0,0,0,0,20,0,0,0,0,0,0,0,0,0,1
1,10,26207,26207,21,0,0,20427,4.0537267,0,1,1,0,0,0
0,0,0,0,22,0,0,0,0,0,0,0,0,0,0
0,0,0,0,23,0,0,0,0,0,0,0,0,0,0
0,0,0,0,0,0,0,0,0,0,0,0,0,0,0
0,0,0,0,1,0,0,0,0,0,0,0,0,0,0
0,0,0,0,2,0,0,0,0,0,0,0,0,0,0
0,0,0,0,3,0,0,0,0,0,0,0,0,0,0
0,0,0,0,4,0,0,0,0,0,0,0,0,0,0
0,0,0,0,5,0,0,0,0,0,0,0,0,0,0
0,0,0,0,6,0,0,0,0,0,0,0,0,0,0
0,0,0,0,7,0,0,0,0,0,0,0,0,0,0
0,0,0,0,8,0,0,0,0,0,0,0,0,0,0
0,0,0,0,9,0,0,0,0,0,0,0,0,0,0
0,0,0,0,10,0,0,0,0,0,0,0,0,0,0
0,0,0,0,11,0,0,0,0,0,0,0,0,0,0
0,0,0,0,12,0,0,0,0,0,0,0,0,0,0
0,0,0,0,13,0,0,0,0,0,0,0,0,0,0
0,0,0,0,14,0,0,0,0,0,0,0,0,0,0
0,0,0,0,15,0,0,0,0,0,0,0,0,0,0
0,0,0,0,16,0,0,0,0,0,0,0,0,0,0
0,0,0,0,17,0,0,0,0,0,0,0,0,0,1
1,7,179957,179957,18,0,0,4598,3.8561826,0,1,1,0,0,0
0,0,0,0,19,0,0,0,0,0,0,0,0,0,0
0,0,0,0,20,0,0,0,0,0,0,0,0,0,0
0,0,0,0,21,0,0,0,0,0,0,0,0,0,0
0,0,0,0,22,0,0,0,0,0,0,0,0,0,1
1,34,32039,32039,23,0,0,14011,4.2724833,3,1,1,0,0,0
0,0,0,0,0,0,0,0,0,0,0,0,0,0,0
0,0,0,0,1,0,0,0,0,0,0,0,0,0,1
1,2,2555,2555,2,0,0,28934,4.401643,0,1,0,0,0,1
1,3,144592,144592,3,0,0,93597,6.762922,0,1,1,2,0,0
0,0,0,0,4,0,0,0,0,0,0,0,0,0,0
0,0,0,0,5,0,0,0,0,0,0,0,0,0,0
0,0,0,0,6,0,0,0,0,0,0,0,0,0,0
0,0,0,0,7,0,0,0,0,0,0,0,0,0,0
0,0,0,0,8,0,0,0,0,0,0,0,0,0,0
0,0,0,0,9,0,0,0,0,0,0,0,0,0,0
0,0,0,0,10,0,0,0,0,0,0,0,0,0,0
0,0,0,0,11,0,0,0,0,0,0,0,0,0,0
0,0,0,0,12,0,0,0,0,0,0,0,0,0,1
1,10,756,756,13,0,0,6141,4.315348,0,1,1,2,0,1
1,2,500,500,14,0,0,1465,3.3343258,0,1,0,0,0,1
1,6,17586,17586,15,0,0,4920,4.2067857,0,1,1,0,0,0
0,0,0,0,16,0,0,0,0,0,0,0,0,0,0
0,0,0,0,17,0,0,0,0,0,0,0,0,0,0
0,0,0,0,18,0,0,0,0,0,0,0,0,0,1
1,11,1291,1291,19,0,0,1221,3.5644178,0,1,1,0,0,0
0,0,0,0,20,0,0,0,0,0,0,0,0,0,1
1,3,441,441,21,0,0,2719,4.38315,0,1,1,0,0,1
1,3,2648,2648,22,0,0,8980,3.5560017,0,1,1,0,0,0
0,0,0,0,23,0,0,0,0,0,0,0,0,0,0
0,0,0,0,0,0,0,0,0,0,0,0,0,0,0
0,0,0,0,1,0,0,0,0,0,0,0,0,0,0
0,0,0,0,2,0,0,0,0,0,0,0,0,0,0
0,0,0,0,3,0,0,0,0,0,0,0,0,0,0
0,0,0,0,4,0,0,0,0,0,0,0,0,0,0
0,0,0,0,5,0,0,0,0,0,0,0,0,0,0
0,0,0,0,6,0,0,0,0,0,0,0,0,0,0
0,0,0,0,7,0,0,0,0,0,0,0,0,0,0
0,0,0,0,8,0,0,0,0,0,0,0,0,0,0
0,0,0,0,9,0,0,0,0,0,0,0,0,0,0
0,0,0,0,10,0,0,0,0,0,0,0,0,0,0
0,0,0,0,11,0,0,0,0,0,0,0,0,0,0
0,0,0,0,12,0,0,0,0,0,0,0,0,0,0
0,0,0,0,13,0,0,0,0,0,0,0,0,0,0
0,0,0,0,14,0,0,0,0,0,0,0,0,0,0
0,0,0,0,15,0,0,0,0,0,0,0,0,0,2
2,12,1392,1377,16,0,0,11937,8.6422763,0,2,1,0,0,2
2,10,93686,74436,17,0,1,60827,11.055746,0,2,2,1,0,0
0,0,0,0,18,0,0,0,0,0,0,0,0,0,1
1,4,535,535,19,0,0,268,3.4809475,0,1,1,1,0,0
0,0,0,0,20,0,0,0,0,0,0,0,0,0,1
1,4,122,122,21,0,0,220,4.147602,0,1,1,3,0,0
0,0,0,0,22,0,0,0,0,0,0,0,0,0,1
1,2,54021,54021,23,0,0,48479,3.6466277,0,1,0,0,0,2
2,35,59888,59888,0,0,0,19204,10.4985226,1,2,1,1,0,2
2,12,3022,2194,1,0,0,10572,7.7013526,0,2,1,2,0,0
0,0,0,0,2,0,0,0,0,0,0,0,0,0,0
0,0,0,0,3,0,0,0,0,0,0,0,0,0,2
2,5,14231,12294,4,0,0,15891,6.702662,0,2,1,4,0,0
0,0,0,0,5,0,0,0,0,0,0,0,0,0,0
0,0,0,0,6,0,0,0,0,0,0,0,0,0,0
0,0,0,0,7,0,0,0,0,0,0,0,0,0,2
2,4,741,371,8,0,0,4412,7.6201153,0,2,0,7,0,8
8,9,3177,1486,9,0,0,187887,33.1491731,0,8,0,10,0,7
7,10,12575,7342,10,0,0,309065,29.1984786,0,7,0,7,0,10
10,32,1363824,1322751,11,0,0,194752,53.1705541,2,10,0,5,0,12
12,14,25818,22502,12,0,0,71457,56.0648093,0,13,0,6,0,13
13,17,25789,9197,13,0,0,613215,58.9918907,0,13,0,8,0,10
10,15,38230,21860,14,1,0,270915,47.8215355,0,12,3,9,0,19
19,24,27970,12131,15,0,0,484987,82.3795678,1,21,0,10,0,29
29,45,215560,125777,16,31,0,826066,152.7058145,0,33,4,21,0,59
59,113,754236,415830,17,138,21,1499943,274.4332251,6,63,4,33,0,56
56,83,159007,12056,18,91,0,1211419,255.7842503,0,59,6,39,0,69
69,94,578973,226228,19,0,0,2155775,318.0503441,1,72,2,49,0,56
56,82,260104,50913,20,-19,0,823366,262.2110159,0,60,3,36,0,54
54,71,174519,84805,21,0,0,872440,246.142553,2,56,0,44,0,63
63,88,242957,117319,22,100,0,1081270,295.4293266,0,65,2,55,0,56
56,115,253954,76695,23,0,1,772118,261.3692399,1,60,3,40,0,34
34,50,74255,14731,0,0,0,3802032,152.7217595,0,35,1,30,0,25
25,46,76989,22476,1,46,1,358986,118.6805204,1,28,3,16,0,24
24,37,511352,416876,2,0,8,441589,117.2763466,1,25,1,18,0,19
19,47,624799,535169,3,0,1,536212,105.1382588,3,21,0,5,0,35
35,45,54757,13178,4,0,0,444527,165.3846603,0,35,1,31,0,32
32,50,622142,323522,5,0,0,1050966,144.0746925,0,32,0,23,0,20
20,26,36897,24626,6,0,0,402200,89.2033047,0,21,0,16,0,16
16,22,9113,2913,7,0,0,301486,71.4355246,0,16,0,14,0,14
14,16,9342,3116,8,0,0,419993,56.2526882,0,14,0,8,0,11
11,13,7599,2832,9,0,0,285573,43.1979831,0,11,0,6,0,16
16,23,224102,117339,10,23,0,488872,77.1712321,0,17,1,10,0,8
8,9,3469,1344,11,0,0,146615,38.0305899,0,8,0,5,0,13
13,24,31796,11425,12,0,0,208627,63.788238,0,13,0,12,0,24
24,39,283218,137539,13,0,0,803102,119.0979549,0,26,1,13,0,16
16,23,42231,21474,14,0,2,159431,69.8888153,1,16,0,19,0,30
30,46,423308,226367,15,-7,0,1347078,145.4387249,0,31,0,18,0,44
44,68,62464,13112,16,0,1,883640,200.5536531,2,46,0,24,0,59
59,92,354130,145562,17,0,1,420362,269.9480242,2,62,3,37,0,69
69,124,4631706,4491181,18,0,0,867872,316.5743635,1,71,2,55,0,38
38,44,74828,15822,19,0,2,1972902,164.9051121,0,38,0,21,0,45
45,108,123435,30984,20,0,0,555373,212.9655379,2,46,1,31,0,64
64,105,674162,230830,21,30,0,1166852,289.3619945,3,65,2,47,0,57
57,96,240577,78077,22,65,3,792325,253.0944378,1,62,6,34,0,64
64,90,222590,43258,23,-100,0,777226,295.8284538,3,65,0,29,0,56
56,145,1119673,967785,0,-10,0,1048023,246.925127,0,68,23,33,1,31
31,48,99431,27974,1,0,0,698746,134.6759668,0,31,0,18,0,34
34,59,69544,28193,2,31,0,680277,156.4595414,1,36,3,21,0,27
27,30,21220,6518,3,0,0,509295,127.7415808,0,27,0,13,1,22
22,349,1705291,1508224,4,0,0,521159,111.4516984,4,33,11,7,0,22
22,33,99410,32012,5,0,0,572080,96.6103894,0,22,1,18,0,24
24,29,8613,1312,6,0,0,273148,102.9222615,0,24,0,24,0,35
35,40,242339,184010,7,0,0,603350,148.0277729,0,35,0,47,0,9
9,12,11525,4584,8,0,2,278381,37.5240723,0,9,0,9,0,14
14,16,7582,1475,9,0,0,446272,58.8050646,0,15,0,9,0,2
2,2,516,364,10,0,0,2333,11.278283,0,2,0,2,0,1
1,1,113,113,11,0,0,14503,4.0689597,0,1,0,0,0,5
5,8,71626,50952,12,0,0,71119,27.7800089,0,5,0,5,0,13
13,17,60738,50956,13,0,0,123058,66.0658521,0,14,0,8,0,23
23,37,116167,50990,14,-53,1,245889,112.6720792,1,24,0,24,0,27
27,62,202540,78008,15,0,10,974408,149.0748476,3,27,0,25,0,78
78,141,804153,357070,16,-23,2,1322388,373.2378066,0,86,5,82,1,87
87,841,1567653,485991,17,-58,1,2142760,435.465609,20,104,15,61,0,91
91,284,764532,74359,18,23,0,1311184,450.4909761,7,95,5,77,0,82
82,159,1132284,989283,19,0,6,798753,398.2383981,9,83,0,68,0,86
86,163,1195293,919465,20,0,2,1096275,402.7968588,2,89,3,53,0,114
114,236,743675,184145,21,0,4,1544309,521.2288209,4,119,4,71,0,112
112,185,4780176,2539716,22,0,2,2678366,513.1373915,1,112,1,74,0,71
71,125,444579,96910,23,0,2,1485762,323.900577,0,72,1,55,0,64
64,107,606117,238832,0,54,1,975667,292.9983286,5,67,6,30,1,48
48,60,444919,238842,1,0,3,781081,232.3208891,0,48,0,26,0,60
60,110,1171753,931327,2,50,0,1098487,283.194563,2,70,14,36,1,38
38,64,476052,324219,3,67,0,784526,176.2454696,2,39,1,27,0,41
41,84,49260,26433,4,0,0,346841,181.1043099,1,53,11,28,0,39
39,51,64539,22089,5,0,0,629979,170.2199103,0,40,0,20,0,28
28,214,960905,910144,6,0,0,404243,126.0197944,1,28,0,25,0,23
23,28,89823,82763,7,38,0,461297,98.8592409,0,24,1,9,0,21
21,26,77565,46727,8,0,0,667694,89.9891347,0,21,0,16,0,7
7,8,3425,1160,9,0,0,231465,32.653482,0,7,0,2,0,6
6,8,7344,5404,10,0,0,46885,26.8252025,0,6,0,8,0,6
6,6,3887,1505,11,0,0,39031,23.9784246,0,6,0,8,0,9
9,12,12200,7280,12,0,0,235955,39.2241162,0,9,0,6,0,10
10,12,7810,3594,13,0,0,59706,40.091575,0,11,0,10,0,12
12,18,78897,66344,14,-40,14,214558,55.8721062,0,13,0,7,0,25
25,50,232394,184313,15,0,2,888942,116.7682083,1,25,0,16,0,28
28,52,218942,124939,16,61,0,193662,129.7289584,1,33,4,27,0,50
50,80,395426,221556,17,0,0,1252424,242.5302618,3,53,2,39,0,46
46,77,502485,325434,18,5,0,806944,214.0704416,1,48,3,27,0,47
47,80,127576,33877,19,0,1,1144067,223.7787605,1,48,0,38,1,65
65,176,402958,180106,20,0,0,642106,294.9261582,4,68,3,43,1,57
57,77,88474,20918,21,-20,0,883928,256.6161211,0,57,4,41,0,53
53,87,607552,325494,22,56,0,1535398,249.6268411,3,54,3,37,1,46
46,118,115187,33874,23,0,0,897133,204.8733257,2,47,1,16,0,53
53,92,62950,16992,0,-31,0,616849,238.7377089,1,62,6,26,0,25
25,36,49115,12339,1,0,1,492958,116.6618221,3,27,2,17,0,51
51,72,346779,308737,2,0,0,575102,224.2681098,0,54,2,36,1,62
62,98,144321,39274,3,5,3,697740,272.2581804,0,64,3,49,0,33
33,41,355060,325598,4,0,0,1100016,147.663038,0,33,0,26,0,49
49,59,150509,88134,5,0,2,1578072,224.9865251,0,49,0,26,0,49
49,70,272273,139471,6,19,0,950558,229.6445896,0,52,2,31,0,42
42,46,116218,53130,7,0,0,785153,184.4622252,0,42,1,24,0,21
21,26,28858,8686,8,0,0,177160,95.1610898,0,21,0,7,0,25
25,34,31900,26297,9,63,0,356646,110.2266889,0,26,3,8,0,65
65,79,219332,82800,10,119,0,247649,269.4751601,0,68,3,106,0,6
6,10,28823,26770,11,0,0,51551,23.5840648,0,6,1,6,0,4
4,5,1340,930,12,0,0,6567,17.2201645,0,4,0,1,0,21
21,26,39161,15397,13,0,0,527493,91.8028562,0,21,1,16,0,38
38,57,303910,148907,14,8,4,582751,174.336701,0,38,1,26,0,96
96,159,602411,357340,15,100,13,1806549,421.32429,5,98,8,60,1,132
132,194,356597,136352,16,0,1,1220882,577.4199845,3,134,3,83,0,209
209,383,1043564,564267,17,25,0,2424655,923.3783757,3,222,18,122,0,237
237,348,1431014,325705,18,0,0,3020660,1071.937445,5,241,3,120,0,198
198,310,495614,134157,19,150,5,2134389,876.9231236,8,198,6,110,0,570
570,842,1614189,357314,20,75,4,6099983,2530.19327,4,583,19,280,1,671
671,916,1349450,170339,21,392,1,6751394,2974.589839,12,685,30,308,0,477
477,713,899138,141324,22,0,2,4583850,2105.681478,3,489,17,205,1,647
647,905,1024454,153104,23,300,4,6646710,2864.888884,2,661,23,310,0,10444
10444,25568,22783946,718598,0,75,260,82325736,46975.3637,329,10695,650,4180,52,2653
2653,3991,6792080,646618,1,-100,41,25590663,11715.79482,48,2713,71,1525,10,1223
1223,1896,3312765,1107469,2,100,39,10901708,5358.992501,29,1232,21,707,3,5793
5793,10397,14069991,807507,3,143,41,58485593,25895.52383,170,5976,303,2449,21,7777
7777,14888,21544664,1655716,4,225,64,82640081,34846.23401,167,8123,452,3306,20,1621
1621,3598,6066150,1428140,5,75,22,21101466,7020.178539,24,1671,70,847,3,900
900,1396,1539934,97335,6,77,22,12627259,3983.242638,15,915,27,446,2,565
565,1002,1185872,156180,7,65,3,8502140,2453.49544,9,571,10,284,2,434
434,659,1094745,231033,8,-7,0,6749963,1883.128473,9,443,11,200,3,343
343,450,2177587,1328582,9,50,0,7442670,1472.73886,2,350,15,158,3,282
282,472,2555206,1328588,10,66,1,4814650,1218.669381,1,285,4,106,0,316
316,657,2206070,432478,11,140,6,6937572,1401.887275,9,331,38,157,0,244
244,373,1044435,103389,12,0,4,4411920,1077.870915,5,252,6,128,0,940
940,1181,3326690,840086,13,60,0,13696825,3805.210324,11,947,8,146,0,521
521,661,1754877,249505,14,-65,23,7041878,2144.861159,5,539,16,125,0,490
490,1066,8235964,2447725,15,28,18,7861327,2143.278552,4,530,57,235,3,549
549,1057,4506155,1020007,16,0,51,7524796,2464.807818,7,559,16,344,1,417
417,998,4544979,2448072,17,179,12,6744323,1926.634336,23,433,23,205,1,428
428,781,3099913,1426073,18,-20,2,5938738,1879.193535,4,484,54,223,1,248
248,467,2197211,1674701,19,50,41,3268848,1101.694,7,254,5,149,0,437
437,776,3010861,1426189,20,33,2,6675534,1957.18601,14,445,12,209,1,397
397,1272,1841840,326079,21,143,1,5005492,1783.09567,13,440,79,227,0,329
329,655,1697467,635365,22,-115,5,6236179,1472.542206,20,360,42,208,0,296
296,904,2127431,326142,23,118,5,4693867,1347.940133,17,355,102,156,0,327
327,647,4751181,3032588,0,94,4,4782377,1446.499683,9,350,28,194,2,918
918,1389,1069598,326212,1,0,23,3431489,3889.657521,1,923,5,111,2,716
716,998,1197777,326194,2,-7,6,5029493,3042.98851,7,765,96,163,0,7813
7813,8033,4232454,3032635,3,-58,0,3938111,33419.04626,6,7838,18,143,0,781
781,948,1274160,326239,4,-99,2,4167447,3371.0036,2,830,47,113,1,139
139,292,1154783,660475,5,0,0,3148117,614.4474428,1,140,2,65,0,142
142,405,1179977,326287,6,112,0,4347740,613.8394981,4,222,227,70,0,90
90,111,375914,326305,7,0,0,2526100,382.8515566,1,90,0,52,0,84
84,186,171856,82860,8,140,0,3567739,371.2337585,0,96,39,53,0,42
42,66,1799414,1677117,9,0,0,1912704,179.9784374,1,43,1,21,0,47
47,220,441126,284170,10,35,0,2299254,204.2167712,2,140,140,19,0,54
54,180,127739,26717,11,100,0,1966146,226.3984698,3,56,145,33,0,51
51,132,254000,58611,12,7,1,2626209,221.9351235,2,60,23,34,0,87
87,548,449249,185152,13,151,11,2912297,370.0512185,16,143,167,36,0,70
70,170,293267,56039,14,90,9,3045862,324.6455069,13,94,50,26,0,101
101,176,1755338,985936,15,61,8,1809476,459.328926,8,112,31,44,1,174
174,430,1936457,1215862,16,-9,0,3230326,786.5338952,8,263,130,92,1,234
234,409,551997,117755,17,-50,0,2646277,1060.86141,8,239,2,104,1,241
241,478,2559156,1677872,18,-123,0,3451280,1119.595567,7,294,51,141,0,155
155,271,395447,73481,19,138,10,2051343,686.0843301,2,168,14,99,1,223
223,408,860944,90858,20,0,0,3738753,1020.653086,15,229,4,131,1,30
30,560,220952,43959,21,0,95,193857,147.4344501,3,31,2,22,1,30
30,74,312168,61673,22,0,71,225143,143.1190879,0,30,1,16,0,186
186,681,3210056,926830,23,44,10,2879159,844.1891841,7,211,42,105,0,230
230,339,417905,123278,0,0,4,2678986,1019.418607,3,233,2,150,4,129
129,318,502252,147023,1,47,78,1825277,600.7250033,2,177,76,84,0,193
193,446,394461,41619,2,145,4,2518463,847.2165803,4,269,129,101,0,168
168,305,323646,62923,3,-59,0,2272101,734.6060409,2,211,26,100,0,131
131,180,804210,353204,4,0,0,2161482,580.5318443,3,132,1,90,2,355
355,4703,2312486,1679969,5,181,3,4587350,1598.422,21,407,161,193,0,256
256,503,705767,256335,6,16,0,3277157,1141.602179,13,286,33,123,0,162
162,304,316750,15643,7,5,0,3048859,703.578901,0,216,79,84,1,101
101,245,236313,68612,8,71,0,2694331,442.2657119,0,170,178,66,0,69
69,219,208491,82892,9,76,0,892283,305.9514168,1,152,159,34,0,46
46,66,62692,12863,10,0,0,1153473,200.6348674,0,46,0,30,0,52
52,149,96751,14818,11,16,0,1738196,231.8346009,0,101,86,26,0,71
71,220,1883245,1427115,12,58,6,2002088,323.4624494,1,107,81,47,1,147
147,435,748387,227522,13,58,1,2692139,672.381709,5,229,104,93,0,115
115,185,395421,142714,14,43,9,1805535,521.1080646,6,132,42,63,1,130
130,324,1540521,986059,15,0,26,1588093,591.2219037,15,130,2,79,0,176
176,271,341910,68619,16,116,16,1800340,768.1526553,14,182,5,103,1,186
186,309,2290633,611757,17,16,5,4032404,837.363943,8,209,33,125,0,185
185,311,1482016,375318,18,40,27,2486646,846.5713451,4,187,2,126,0,282
282,679,3833201,2189569,19,66,31,3369000,1286.515212,15,325,83,199,0,227
227,395,1280820,214459,20,-31,59,2525840,1019.583727,6,232,5,138,0,217
217,463,953846,126796,21,28,39,2529203,949.1539405,8,261,55,150,0,218
218,544,3414365,1682269,22,-71,173,2835980,993.5091113,5,235,41,144,0,174
174,591,5720285,4342780,23,0,66,3040491,808.0998976,18,183,15,120,0,273
273,469,788700,227619,0,29,7,3668954,1203.806878,4,286,22,204,1,235
235,424,930578,185774,1,-9,2,6849432,1060.999908,14,265,75,182,2,260
260,763,2528201,721745,2,19,8,4466100,1212.024877,17,321,90,150,2,222
222,395,5502362,326512,3,84,6,2433170,952.5274069,4,241,37,164,0,213
213,486,8676737,5673851,4,106,0,1729672,913.1271344,7,276,137,142,1,147
147,234,229729,46221,5,0,4,1861813,654.8474899,2,149,1,82,1,117
117,269,718064,227698,6,-45,1,2581766,521.8756242,3,165,78,98,0,95
95,158,252040,82917,7,0,4,1067545,403.5515407,0,96,3,68,0,69
69,169,4309509,2192309,8,-17,12,1857587,300.101053,2,86,28,56,0,41
41,58,149399,41918,9,72,0,950645,181.4085813,0,43,5,23,0,34
34,143,114037,19107,10,-22,1,1751329,151.8889031,2,89,51,17,0,35
35,43,47414,9110,11,0,3,1743161,157.6569226,0,35,0,23,0,42
42,113,120031,14892,12,74,3,822257,189.4465715,0,59,50,26,0,73
73,116,388432,117968,13,-16,1,1343324,343.0493551,3,84,9,37,0,87
87,182,732247,378213,14,10,19,2038066,405.644498,7,98,9,56,0,182
182,305,1230723,348442,15,0,47,3032176,856.402596,14,187,5,103,1,206
206,350,2204732,1217494,16,-117,27,3768823,950.6286191,0,239,22,124,1,358
358,596,1359868,227731,17,0,2,4095053,1604.72169,19,365,6,186,2,372
372,753,6782494,291183,18,-77,1,4806620,1662.916171,13,447,99,275,1,229
229,407,2079263,928950,19,79,23,3235916,1089.828908,7,235,8,161,2,164
164,310,3977653,2108841,20,100,88,2432729,736.2670312,4,171,27,99,0,133
133,205,1668475,522334,21,-69,54,1779791,604.0159038,5,135,3,77,1,29
29,120,730592,294301,22,0,609,258999,156.9977269,4,29,0,21,0,31
31,218,515732,230761,23,0,297,285991,163.0721737,9,31,1,15,0,27
27,155,274382,54938,0,0,423,386616,135.5077073,0,27,0,12,0,151
151,371,6375025,5519462,1,29,62,2683286,674.4357267,10,160,14,89,0,444
444,602,1078194,327344,2,47,6,6083808,1858.37562,4,466,33,151,0,224
224,520,1683706,700538,3,200,7,4506108,991.0395606,7,239,61,115,1,252
252,778,1872647,1076978,4,-83,0,4616232,1112.767427,4,316,74,146,1,220
220,360,3624103,3033532,5,0,0,2596996,986.9146935,8,222,6,135,0,174
174,322,1038750,700618,6,80,0,3641622,751.8101412,0,190,51,118,0,123
123,196,503709,118185,7,14,0,3435190,540.3372444,2,132,18,62,0,68
68,124,78464,21440,8,-69,0,697135,293.6221243,0,82,31,51,0,72
72,131,252153,118190,9,52,0,1405724,319.8069673,1,95,38,45,0,68
68,118,248417,118192,10,7,0,1887938,307.1336492,0,81,19,39,0,57
57,216,969207,700675,11,82,0,1456529,261.3189474,2,111,85,34,0,89
89,243,668000,157518,12,118,0,1768173,405.897253,3,121,66,63,0,98
98,142,726039,285004,13,0,0,1550408,427.221577,0,98,1,65,0,132
132,309,558596,197429,14,-81,11,1888548,589.5008588,6,147,5,109,0,262
262,474,2894313,692745,15,100,6,3306783,1169.137222,8,267,5,148,0,397
397,664,1338054,148481,16,167,5,5990906,1667.737399,10,445,112,191,1,360
360,547,1530035,358932,17,0,7,4373810,1646.70254,3,363,4,235,1,247
247,529,3755449,3033599,18,55,13,2500034,1081.317927,4,313,135,149,0,347
347,546,1269237,327553,19,18,0,4154710,1546.724836,11,355,12,201,2,329
329,588,1108216,294393,20,19,2,3788157,1486.399676,8,413,75,220,0,364
364,606,5825342,3713293,21,0,1,5471343,1662.636562,13,366,4,200,1,299
299,1606,3575392,916718,22,5,0,4548208,1374.215731,17,328,80,175,1,293
293,695,5015878,3033631,23,128,1,4395495,1355.632652,14,326,53,189,0,180
180,433,3554662,2198275,0,-24,13,2613640,808.2631133,7,223,44,105,1,256
256,442,1940188,605914,1,8,0,3352153,1142.212675,8,260,6,160,0,225
225,522,7231442,4199434,2,154,3,5713704,992.6477554,6,309,158,137,1,161
161,356,769377,141721,3,0,2,3094475,717.274541,7,163,8,91,0,153
153,345,5440350,2537008,4,-6,0,2252561,706.8003067,3,175,34,94,0,157
157,221,260178,88909,5,9,1,1930241,687.3158278,4,164,7,105,0,107
107,148,135080,17464,6,-65,1,2160873,466.8558673,1,107,1,64,3,73
73,112,113204,31723,7,0,0,1227339,323.735341,0,76,4,52,0,63
63,120,2631672,2199776,8,81,0,1811311,267.9032875,1,74,43,35,0,56
56,69,2597530,2199828,9,0,0,1567141,247.4097798,0,56,0,34,0,36
36,90,63635,14929,10,82,0,1528257,153.7479757,0,52,45,22,0,34
34,54,67235,18385,11,-38,0,1631495,147.4349587,1,36,0,11,0,44
44,94,137133,41953,12,-7,0,1133328,202.6665809,0,64,40,32,0,45
45,66,253991,118182,13,0,3,1749503,183.6201301,1,45,0,30,0,100
100,170,287570,105460,14,33,0,1735767,432.1354237,5,116,46,58,0,131
131,203,147846,23626,15,-72,7,2141738,556.8755504,3,134,0,72,0,158
158,352,1818589,548572,16,-55,0,2633122,721.1774282,1,196,64,96,1,208
208,393,5084966,4199925,17,49,1,2322934,939.2391443,7,232,53,140,0,180
180,434,889692,186669,18,-72,8,2450780,802.414938,7,188,10,121,1,353
353,591,534507,115663,19,12,12,5137011,1831.362314,9,362,10,387,0,223
223,499,803861,84179,20,122,2,5042934,980.7129561,9,313,193,134,1,564
564,1225,6615834,4199908,21,33,2,7873706,2524.218627,27,587,47,307,6,277
277,720,1411152,499887,22,144,0,4597184,1243.965999,15,287,12,165,2,294
294,919,2466863,1527966,23,85,0,6471567,1376.668375,19,330,100,159,1,211
211,391,2497010,1921145,0,61,3,2725259,924.4614607,6,230,24,148,2,165
165,296,662445,129597,1,91,4,1527862,726.5191778,5,169,9,100,0,169
169,286,435954,74966,2,0,8,3016967,749.8498391,10,172,5,103,0,189
189,399,6614377,5615126,3,-33,1,4103079,816.172832,4,193,8,111,0,164
164,931,560989,282103,4,0,0,2921248,735.59687,2,168,6,137,0,145
145,236,478160,105514,5,8,6,2081305,647.3930379,3,165,35,68,0,120
120,221,635193,158880,6,67,0,2685734,553.2042974,3,124,8,55,1,84
84,263,838206,606177,7,-79,0,1350625,370.6614705,2,109,15,43,0,63
63,77,123066,34665,8,0,0,808986,279.8340531,0,63,2,40,0,60
60,207,705510,257795,9,96,0,2067783,275.0591572,3,71,22,30,0,32
32,46,151444,83016,10,0,0,399047,150.9409416,1,32,0,14,0,34
34,67,83855,16115,11,127,0,1160674,167.3248727,0,54,50,27,0,48
48,62,82063,41970,12,0,0,950215,215.8525188,0,49,1,27,0,70
70,352,583857,223870,13,41,2,1253438,328.5516346,5,77,16,45,1,81
81,131,196644,83021,14,12,4,1146230,366.873314,2,83,1,38,0,134
134,282,1571567,1033142,15,-57,2,1741380,578.4245832,10,152,13,64,1,188
188,281,487877,134710,16,0,0,2690305,838.9223233,4,193,8,101,0,363
363,769,1824791,285259,17,-73,6,5204069,1610.146754,11,391,21,189,0,312
312,1777,994718,151469,18,162,75,3501348,1462.811069,34,348,53,201,1,355
355,1223,4437375,2613281,19,230,18,6076389,1641.043379,20,424,133,219,1,358
358,796,1001830,183731,20,0,0,5586170,1610.328112,17,373,18,223,2,350
350,855,18163681,5616589,21,36,0,5499767,1613.203725,6,377,30,200,2,329
329,751,1187724,290921,22,0,6,4414516,1509.674123,11,411,88,172,1,333
333,1123,1525982,379538,23,9,2,5476014,1470.725807,20,356,46,181,1,283
283,556,1119100,187026,0,0,8,4969005,1305.967479,12,290,8,171,0,252
252,516,1443785,359534,1,0,14,2929095,1114.905937,14,259,8,172,2,305
305,502,725187,143414,2,0,2,3823388,1349.475034,2,313,10,179,0,338
338,526,1922543,355966,3,119,7,6741494,1481.006081,14,343,12,182,0,243
243,453,1258882,468302,4,0,3,4340312,1092.00627,9,250,16,146,3,282
282,503,714323,154614,5,175,3,4714359,1225.062359,6,305,65,175,2,168
168,514,754340,328564,6,0,0,3370788,739.9891052,6,174,9,86,1,100
100,136,338354,175084,7,0,0,1473453,425.8356378,1,101,0,51,0,89
89,136,188877,83044,8,77,0,1550681,394.002932,3,92,4,49,0,73
73,548,850093,734563,9,109,0,1301611,314.4674514,0,147,152,24,0,56
56,97,120374,27143,10,72,0,647713,256.9804657,2,57,1,18,0,54
54,142,403987,105649,11,-33,0,932005,257.5164351,1,74,25,26,0,126
126,532,1663826,941437,12,132,0,1819642,578.2819959,12,130,8,67,0,141
141,336,564354,118385,13,0,0,2946600,614.6631883,8,143,1,106,1,196
196,585,22665455,5548186,14,171,19,2811379,956.323244,18,212,24,154,1,292
292,540,26806910,5574244,15,61,20,5391161,1370.92224,16,300,7,205,0,418
418,764,12155337,4218365,16,100,12,5810875,1959.859794,18,427,12,267,1,556
556,1012,3844136,482527,17,178,10,8877743,2589.119627,30,576,26,350,1,444
444,1594,5751777,1876387,18,36,23,4830429,2062.802792,30,469,36,262,2,424
424,774,4754740,1096075,19,-62,19,6307287,1924.318039,21,431,10,290,0,542
542,930,5410171,1510347,20,0,3,7829567,2524.797483,24,558,20,340,2,276
276,793,3262196,571332,21,33,103,4471034,1354.627995,16,293,25,172,1,365
365,840,8224547,2207460,22,232,103,6890564,1727.082947,22,379,20,229,1,544
544,2145,9782983,2207700,23,132,22,9107246,2529.167652,29,803,265,362,1,408
408,806,20048317,5617057,0,266,19,7451987,1921.129516,17,417,14,243,1,404
404,776,6607530,2208219,1,113,23,10021798,1876.791045,24,431,82,273,1,2828
2828,4271,18214931,5553364,2,236,9,19014889,13081.03357,33,2901,114,755,5,663
663,1370,9009544,5553561,3,26,12,8598018,3051.899256,28,694,33,427,0,410
410,1018,4968910,2536115,4,100,2,6507391,1863.391394,14,452,85,255,1,467
467,776,2598858,631879,5,0,4,8813800,2172.129595,16,481,17,219,1,252
252,501,525038,47673,6,95,2,3225639,1119.138304,4,258,11,151,2,154
154,216,918903,187509,7,95,1,2997011,674.6163002,5,158,8,90,0,118
118,138,243500,52956,8,0,0,2025554,511.8285946,0,118,0,64,0,84
84,112,2949258,2209858,9,0,2,3184091,379.4713511,2,84,0,41,0,87
87,159,515827,228634,10,131,0,1596639,395.6232865,4,106,27,51,0,94
94,212,2013792,1436337,11,-69,0,2569840,444.0832201,4,98,5,63,0,125
125,187,812670,102218,12,0,0,2176417,565.5325675,3,128,2,93,1,177
177,233,1299669,137340,13,0,0,3533611,815.920875,5,180,2,86,0,303
303,507,2514329,758760,14,85,4,3998218,1385.280682,13,320,26,201,0,343
343,599,1859137,359996,15,44,7,4323847,1620.2333,20,348,6,189,1,502
502,1340,6801580,1221080,16,46,67,6491700,2389.606992,46,552,76,342,5,616
616,1438,15909177,2657218,17,-92,46,9288738,2907.951429,46,653,39,426,1,889
889,3527,10982145,1877824,18,31,18,10675333,4098.502622,36,913,25,513,1,861
861,1752,7004062,571819,19,344,16,11412092,4088.494427,45,892,49,489,1,1169
1169,2242,10334244,1518919,20,-44,11,13001401,5477.486368,56,1232,61,703,2,827
827,1521,6618680,734570,21,100,9,10939362,3844.146268,33,846,25,546,3,725
725,1348,11488904,1878077,22,243,7,9435905,3356.822433,20,753,37,505,3,712
712,1381,9828524,1734684,23,50,0,12166738,3326.27433,30,740,35,502,2,672
672,1119,32949869,5618934,0,145,3,10055660,3055.887125,21,696,41,430,3,489
489,1120,8212042,3034715,1,-105,20,8516431,2309.921283,23,502,13,305,3,491
491,1227,12368392,2538300,2,120,40,11063942,2304.915705,36,566,162,305,2,536
536,1163,11644089,3034756,3,43,13,11756762,2433.593692,24,559,31,289,0,424
424,763,5901624,1438876,4,2,0,8476757,1954.163696,12,474,62,245,2,569
569,998,7401647,2213497,5,115,0,8110213,2565.04756,5,574,6,567,0,347
347,654,4587867,1519452,6,89,0,7314261,1579.306032,10,386,60,252,0,241
241,1312,7176125,2482905,7,-13,0,5296895,1084.683681,29,248,8,167,0,169
169,235,3504254,1969327,8,0,0,3597912,761.0025768,1,170,4,99,0,140
140,918,538319,207243,9,0,0,2567342,653.0492415,14,168,32,89,1,116
116,154,484178,223155,10,-67,0,3809996,508.9786891,3,119,2,119,1,125
125,303,544457,106089,11,-19,0,3478547,585.0739465,5,138,11,89,0,209
209,428,4465388,2213901,12,0,0,4500189,953.9425565,5,216,5,175,0,291
291,525,2856319,943028,13,57,3,4292863,1348.914524,6,300,12,244,3,214
214,409,1539159,393801,14,12,49,2675101,980.9313072,18,221,7,154,0,299
299,579,3201077,594381,15,-46,46,3990002,1412.984773,20,313,11,222,1,636
636,1428,12070353,1879100,16,114,21,7634996,3021.806486,41,670,36,465,2,789
789,1547,12379322,2341144,17,203,37,10370497,3656.395624,41,808,32,526,2,942
942,1950,15120120,3034898,18,185,43,10880686,4344.626099,58,973,43,624,3,891
891,2223,19837500,5619517,19,-131,29,10838843,4115.258003,39,930,52,609,2,868
868,1676,9263450,2215230,20,306,22,11956699,4040.732772,39,899,44,565,1,816
816,1796,15506126,2638221,21,275,52,12761406,3823.146906,41,848,50,472,2,760
760,1791,13969184,4822787,22,164,33,13150468,3554.093851,31,783,28,520,2,877
877,1688,19587556,3726794,23,94,3,16122257,4069.725654,45,915,67,554,3,789
789,2133,27946207,5619674,0,36,30,13598029,3543.56093,43,811,23,527,7,670
670,1123,9388100,2216235,1,0,13,11386306,3087.461582,11,681,12,516,4,633
633,1385,13482728,2663390,2,241,33,13104317,2804.043219,28,657,48,444,4,515
515,1132,9239875,2216912,3,1,12,8412110,2325.286464,18,534,26,308,5,414
414,1321,7202395,1520663,4,0,7,6637904,1838.764923,6,427,19,307,0,121
121,198,1708320,376779,5,0,39,3081147,560.0611157,4,124,1,64,0,22
22,137,170214,73203,6,100,110,228402,110.2296789,3,22,2,25,0,16
16,64,774524,329795,7,-33,112,394318,92.331083,3,16,0,11,0,19
19,115,3907518,3535237,8,8,156,518842,92.3254909,2,19,1,16,0,252
252,509,3018326,1476918,9,130,6,6785683,1083.584359,7,257,5,113,0,287
287,654,8152872,3220322,10,291,0,9183569,1273.547549,7,301,16,195,2,381
381,634,5293345,1340246,11,766,1,9665794,1715.672889,15,396,21,205,2,417
417,875,8307441,2639420,12,643,1,8694545,1956.51149,18,442,28,221,1,485
485,1282,15269323,2639471,13,529,22,9614551,2308.239309,26,676,132,320,3,732
732,1766,21390342,2639571,14,1108,22,16702124,3505.268797,50,781,54,428,3,1018
1018,2092,20010205,5727552,15,1192,42,16789628,4763.923365,61,1076,77,586,1,1359
1359,2514,18987719,5855339,16,1184,135,18691792,6383.391743,56,1413,54,832,1,1564
1564,4037,40281480,4228834,17,1843,89,26633491,7390.929869,114,1675,135,914,6,1838
1838,6672,42681329,11892185,18,3030,111,30583689,8540.947696,82,1944,169,1114,3,1680
1680,6343,52376430,11892473,19,2152,89,30753049,7847.854505,126,1818,242,1039,3,1220
1220,2603,38245980,5579642,20,1663,429,21090586,5659.47655,41,1282,68,733,1,993
993,2283,51387699,11892708,21,990,1177,20577185,4792.296515,66,1097,130,613,8,1129
1129,2519,46525485,5974199,22,1463,327,18260960,5321.822361,71,1213,105,755,3,1165
1165,3246,73394157,11893062,23,1294,1251,17268819,5413.142628,53,1259,121,735,4,1089
1089,1835,21516422,5730423,0,1420,97,20854361,5022.691761,45,1153,48,687,6,1417
1417,7571,46149320,8469112,1,1777,178,35003904,6442.259574,88,1654,380,908,2,1248
1248,3074,39100701,16105712,2,1009,88,22992828,5720.34163,39,1390,163,757,1,764
764,6433,40851655,15703713,3,891,231,16080485,3568.695243,50,829,94,684,3,1064
1064,1997,35796606,15704634,4,2160,21,18728957,4910.84852,51,1143,94,712,4,393
393,974,37910539,15704730,5,212,358,9383056,1835.771994,32,412,35,281,4,211
211,912,11737573,3148418,6,291,334,8053939,962.385226,11,220,19,196,0,559
559,1279,12393385,5732009,7,695,0,11918525,2529.250546,16,612,97,409,2,441
441,617,1915251,212642,8,197,0,11075764,1973.055924,8,456,11,209,1,430
430,613,6044522,1780518,9,-11,0,12128124,1848.4353,6,440,6,247,3,361
361,601,5096957,1760406,10,118,0,6539294,1567.880823,7,365,3,169,1,428
428,831,3930582,722961,11,627,1,10489826,1985.515241,28,449,21,227,2,758
758,1789,24456254,5975558,12,1602,2,16236353,3643.21305,50,822,80,538,0,643
643,1456,24621174,3730424,13,900,106,9733715,3001.117587,41,678,56,447,4,282
282,757,19708051,5251684,14,-53,1233,7429399,1386.198463,19,285,3,205,1,669
669,1945,33643844,5855215,15,623,713,10564928,3237.704186,57,697,29,475,1,2332
2332,4773,65305500,10078970,16,3099,48,41565813,11041.50579,108,2490,188,1585,2,2863
2863,5253,66480465,5855183,17,3038,303,44062660,13310.06196,123,3009,166,1748,4,2005
2005,5100,61057260,5734568,18,2357,576,34114746,9619.352139,91,2128,184,1336,4,2672
2672,5433,46178433,5855129,19,3317,149,33606846,12654.72096,127,2811,201,1641,7,3759
3759,8553,70084660,3736586,20,4933,39,64502196,17531.49222,217,4024,316,2465,7,3506
3506,8849,86635451,5976557,21,3667,12,53789488,16562.90581,175,3759,312,2227,13,2897
2897,5771,61033137,8473366,22,3507,91,38765437,13644.95334,126,3060,185,1586,11,2652
2652,6010,48996922,5855203,23,4279,92,34847607,12420.90442,116,2855,278,1462,8,1515
1515,3146,43951647,5855220,0,1283,247,25954064,6986.417452,59,1589,76,984,3,796
796,2307,35968057,6801414,1,638,935,15654212,3747.829552,40,849,61,518,1,221
221,1019,24344883,5855275,2,-126,2691,4261419,1072.868053,14,231,11,184,2,469
469,1277,18155215,2314470,3,611,1255,8282164,2205.677319,23,501,50,305,1,262
262,890,15149069,2310574,4,831,1047,4931389,1231.31937,12,284,42,178,1,262
262,420,4761286,1126558,5,72,444,4491692,1204.008711,5,264,5,145,1,269
269,1434,18385704,4784939,6,310,4023,4196807,1266.937534,29,281,29,136,1,208
208,400,2531321,747473,7,252,243,3528880,906.4948305,6,212,10,119,0,153
153,261,6743897,5738044,8,268,45,2950533,684.11868,2,160,15,93,0,145
145,625,13687457,5743761,9,290,1427,3206323,644.5481744,7,154,19,84,0,157
157,251,2222481,760641,10,193,54,3185806,703.6675742,4,158,4,90,0,164
164,363,14082782,5978188,11,301,265,3293142,739.55647,15,169,7,89,1,164
164,353,6824823,2311221,12,0,80,3790556,717.9896289,4,164,1,69,0,248
248,1010,21611329,5742593,13,39,1364,5154531,1130.405949,8,279,77,125,0,356
356,1104,18367365,5742577,14,520,1373,7835053,1640.958834,22,369,24,201,0,498
498,870,16669640,2644896,15,173,392,11881439,2228.289218,11,499,6,301,1,655
655,1986,16985646,2311780,16,536,2448,12581075,3064.527184,34,670,37,322,1,766
766,2228,39166649,5983418,17,276,2054,13499108,3611.821125,46,793,49,474,3,836
836,1892,22969412,5980119,18,273,2283,16203187,3873.54026,37,883,55,380,2,882
882,2939,40581888,5980116,19,588,5085,18219996,4108.131432,48,918,59,519,2,735
735,2368,42737655,5979956,20,318,2522,13135125,3537.340753,41,769,42,357,3,1036
1036,3579,40224332,6804233,21,1350,4856,16110071,4803.10722,80,1073,63,562,5,883
883,5334,66020381,15724712,22,1310,11438,14161889,4196.154203,55,934,103,483,4,972
972,2464,41373445,10083513,23,911,1806,15923613,4515.584349,47,1004,53,592,1,883
883,3928,46114598,9149739,0,1500,2869,16924747,4189.533145,51,929,73,580,2,2302
2302,5124,45709442,10083690,1,3050,320,46071939,10425.66915,116,2428,210,1138,5,2600
2600,7208,37096415,5980011,2,3188,43,52674036,11721.67409,92,2838,308,1371,8,2206
2206,4856,28701892,2313340,3,3207,22,43530628,10091.47697,74,2307,163,1055,4,1029
1029,16455,74562487,24475307,4,1143,9336,21660428,4731.501554,110,1102,126,536,4,1922
1922,4747,24027513,5966725,5,2320,56,31093205,8531.542615,65,1989,146,940,8,1669
1669,4448,22379403,5743429,6,2221,7,38106246,7354.30991,53,1912,674,653,9,1608
1608,5390,25406267,5980646,7,1008,2,23059429,6978.223654,46,1749,363,680,3,1136
1136,2497,25763920,5980761,8,1401,2,18529977,5067.381274,55,1214,106,510,2,1020
1020,3907,18785572,5980858,9,1879,85,20294694,4557.068133,70,1094,142,520,1,1352
1352,4000,16870837,5980932,10,663,6,24191315,5936.978863,42,1505,444,1105,2,1423
1423,3423,41890039,8721932,11,1707,2,32275051,6342.42687,43,1486,104,642,2,1646
1646,6073,23534124,5981078,12,1954,13,28673559,7426.803658,68,1734,131,663,7,2236
2236,5659,44342502,5981154,13,2805,35,36330220,10153.25982,128,2371,241,1047,6,3961
3961,12826,61745919,5981241,14,4109,122,67781413,17800.12525,156,4152,326,1878,13,5984
5984,15119,67105927,11903519,15,8213,435,93089253,27009.17899,267,6459,861,2847,20,8008
8008,21715,88179415,5981524,16,10472,797,101217997,36396.74768,340,8418,655,3422,25,5653
5653,20403,147055610,11903918,17,6480,6371,102398831,26300.30428,306,5933,464,2795,19,9089
9089,28749,138558346,8718991,18,12323,3557,139022407,41831.10951,501,9590,888,3759,33,10139
10139,26510,112573058,20643735,19,-521,247,100610089,45301.18525,418,10146,557,4286,23,10908
10908,34061,128574652,37318589,20,-800,1155,117338047,48937.66061,416,10918,739,4618,46,13313
13313,43717,122524247,6488066,21,-34,1008,145554038,59574.3562,627,13339,904,5848,40,14749
14749,49713,151173665,11905383,22,-736,518,159374175,66140.25606,715,14776,1215,6109,60,26616
26616,78787,216248987,5881711,23,-822,1681,278222762,119145.0628,1174,26638,1721,9651,83,190570
190570,394715,1255647918,15736752,0,9231,5374,2342941157,870626.0528,5187,191491,20496,50347,457,209864
209864,465996,1586559743,38632408,1,1782,5335,2664219223,962243.1002,7836,210154,24366,60508,511,272255
272255,640835,2077818577,40621934,2,-245,53302,3325787816,1251656.793,8958,272457,56018,87100,1044,131823
131823,312809,1188580949,40623398,3,1908,3998,1781410410,603985.0749,4867,132423,23360,40203,483,132332
132332,324689,984249755,15746605,4,9467,49970,1461505667,596568.1021,3494,134026,23737,33107,696,4749
4749,13681,52636782,4205143,5,7530,9173,78113726,21796.04455,214,5711,1576,2123,19,1892
1892,7941,49549483,15746587,6,4760,4056,34912955,8860.468252,83,2224,689,945,4,2754
2754,9777,19660882,2681018,7,4182,2,52938339,12339.69179,109,3217,1001,1363,10,1641
1641,4018,14309599,3928250,8,1864,4,37629205,7268.949508,70,1963,482,713,3,1174
1174,2271,14278350,3015950,9,1141,1,25507596,5215.049641,27,1362,297,531,2,968
968,1414,5981315,1380549,10,807,0,21106698,4297.084841,18,1080,154,442,1,933
933,1727,8809702,1370215,11,1157,0,19544616,4213.570976,12,1093,405,383,1,1170
1170,4256,13515303,1565695,12,1617,5,22564855,5340.225654,26,1322,307,475,3,1461
1461,3721,15730117,3016590,13,2703,6,24256996,6739.249114,36,1776,630,695,5,1626
1626,3459,32742090,8939095,14,3993,176,26365325,7512.378442,51,1785,306,731,5,1857
1857,3767,20935895,1885614,15,2871,179,28378648,8561.308635,79,2101,359,878,2,1639
1639,3763,21828515,4996815,16,3730,55,27386401,7715.629698,57,1906,397,718,2,1525
1525,2903,15064543,5855804,17,2484,132,21542870,7099.346991,53,1725,357,668,4,1961
1961,3567,19992540,1692764,18,3992,31,28527187,9094.879655,49,2311,570,972,5,1724
1724,3058,16360544,5855759,19,2335,9,29374414,8002.27715,63,1961,373,695,3,5006
5006,13330,125793384,5985915,20,8784,119,88096015,22892.22745,169,5589,1083,2680,6,4682
4682,9971,93731009,5986008,21,7615,40,76566666,21214.43478,180,5150,690,2436,10,4069
4069,10623,70120884,5986265,22,7928,60,68919689,18604.82929,263,4687,853,2058,13,3844
3844,16195,60291591,3308840,23,7437,91,70693574,17497.45411,278,4358,885,2076,4,3543
3543,11666,77364010,4994521,0,5435,10,91454612,16123.49713,137,3941,730,2169,4,3120
3120,12138,57239432,5855939,1,3518,4,89674832,13975.93786,128,3359,384,2280,7,2563
2563,8379,60271645,9464793,2,4849,1,60230297,11582.34274,123,2925,608,1398,7,2370
2370,8297,46078250,4795887,3,4653,6,54356834,10820.35055,210,2651,532,1495,8,2202
2202,4402,45646873,3251842,4,2312,11,58651116,9802.110557,62,2412,337,1611,8,1739
1739,3589,33859681,4796875,5,2648,3,50590507,7740.96859,63,1915,304,1001,2,1279
1279,2174,22346033,4983481,6,1845,2,36232469,5618.514897,14,1339,99,681,0,948
948,3364,18562697,3040021,7,1005,0,23966873,4115.445996,20,1111,320,417,1,818
818,1455,13428688,2937367,8,735,0,24574842,3598.950962,15,843,42,342,0,882
882,3304,24202497,9466929,9,1333,1,20901955,3868.505735,19,929,119,315,0,805
805,1871,17119895,9466982,10,775,0,22266741,3564.231156,25,839,51,301,1,754
754,3039,15270115,3310013,11,464,0,17799932,3316.432776,12,885,269,270,2,797
797,20177,21626107,3310045,12,966,0,22415630,3541.081446,17,904,150,377,3,802
802,1971,6500101,1078369,13,542,6,21528242,3579.715839,33,869,81,439,1,956
956,2898,10600173,1719513,14,1240,2,24825046,4229.830557,38,1089,207,559,0,1164
1164,2868,32484339,5988254,15,2126,38,23092227,5278.842174,60,1231,121,692,1,1289
1289,2582,17520929,2881811,16,2016,16,24970632,5770.385866,58,1374,146,778,1,1327
1327,2538,15151803,1758018,17,1668,5,23427400,5929.818027,40,1415,161,715,2,1790
1790,3402,10354689,1038891,18,1728,7,27631469,7588.309508,40,2035,284,1168,1,1322
1322,2460,17261734,5988896,19,1484,2,28037065,5893.833783,38,1428,171,736,1,1319
1319,2575,30562122,9470530,20,1408,0,30794818,5884.992093,51,1474,199,689,0,1323
1323,2839,28605193,3040447,21,2083,7,25521944,6016.02532,43,1447,185,675,1,1053
1053,1755,18262423,5989495,22,1726,2,21802487,4740.488675,26,1138,83,646,2,867
867,1535,13788847,3040452,23,1089,132,18398881,3859.140376,21,916,68,457,1,716
716,2954,21354713,4494312,0,1186,17,16144819,3166.43004,25,785,140,433,1,679
679,1063,10285563,3743529,1,1357,12,16238998,2999.311206,15,710,63,431,0,703
703,1298,16120212,11915955,2,766,29,12440075,3116.107344,12,848,187,424,1,449
449,1287,15990894,3312511,3,829,232,12787029,2037.353664,22,494,91,294,1,200
200,665,8451362,2343139,4,469,242,6258199,921.4370697,12,241,62,120,1,601
601,1205,12909828,5761990,5,975,17,17704233,2621.348994,19,640,65,478,1,599
599,925,3772576,777109,6,525,3,12815541,2496.777461,10,709,126,441,1,554
554,729,2537824,401131,7,85,10,11128381,2273.167067,8,575,33,248,0,270
270,389,3485164,2327932,8,286,4,8783329,1118.222362,0,278,7,192,0,315
315,398,3983826,3312762,9,300,5,7805405,1309.836102,4,321,7,178,0,243
243,527,1597765,703325,10,396,0,6390017,1014.731761,0,255,21,108,0,601
601,768,3066540,865247,11,276,1,13416016,2514.899315,2,606,9,157,0,325
325,490,2097512,543028,12,382,4,8908932,1410.180057,11,340,24,166,0,425
425,1410,2759918,903375,13,410,25,11186963,1796.287259,25,670,225,183,0,426
426,609,3274217,798806,14,452,9,7603023,1848.377924,9,450,61,210,0,549
549,1155,15444446,3313198,15,442,34,9960139,2444.097691,16,600,74,308,0,619
619,1229,13541686,5855823,16,1200,41,11107590,2723.978306,31,646,62,363,0,636
636,1125,7488224,2325319,17,1671,31,11156397,2879.30814,22,688,86,342,1,670
670,1163,4849750,925370,18,484,21,10407888,3013.899144,18,731,76,333,1,588
588,1518,19715043,5992043,19,558,30,10429129,2592.048767,23,650,120,472,2,629
629,1001,9268332,4388522,20,820,4,12307355,2801.69725,12,661,48,319,1,428
428,718,7422681,3040949,21,875,27,9054345,1934.662333,16,453,47,256,1,506
506,697,3737926,763767,22,450,4,11669875,2216.809373,4,536,22,224,0,407
407,902,13232195,3250586,23,590,283,10106897,1816.848843,12,446,64,210,2,398
398,1403,18613732,5992732,0,604,22,12140663,1826.672393,33,489,131,199,0,415
415,970,14832494,5992906,1,558,2,7937896,1796.140306,11,476,96,176,0,298
298,571,7339183,2327844,2,224,40,6839688,1312.221012,3,330,43,169,0,326
326,476,870667,104769,3,467,6,7870586,1414.386245,6,340,26,201,0,292
292,542,3141295,1191860,4,178,6,7008784,1280.4206,6,322,27,160,0,265
265,452,632135,154425,5,357,7,5750820,1103.586256,3,272,26,148,0,262
262,659,10431038,5993838,6,520,5,6940617,1142.070157,3,290,45,153,0,213
213,309,746719,184151,7,100,4,5715285,910.5296172,2,217,6,73,0,194
194,283,4042951,2328214,8,20,0,6518552,803.2480159,0,199,7,95,0,185
185,306,375691,26218,9,325,1,6260190,808.801222,1,192,11,74,0,149
149,189,558092,142920,10,100,0,4908923,640.0576426,3,153,3,68,0,135
135,323,5830290,2939968,11,125,0,3955706,565.3699589,1,144,13,43,0,164
164,279,10138601,2939992,12,33,3,4667834,715.7244,1,171,8,63,1,188
188,685,1430471,495910,13,200,3,2943485,838.2844504,6,343,372,91,0,204
204,264,1835095,733940,14,0,2,4479500,884.0981738,2,208,3,108,0,261
261,337,709467,60082,15,150,10,5397322,1160.564667,4,270,7,163,0,280
280,759,8530857,4851094,16,694,5,6418251,1238.195677,2,320,75,190,0,344
344,542,2382649,1277932,17,513,6,6232591,1526.382024,7,390,126,186,0,329
329,566,7624491,5995393,18,670,12,5211452,1449.544471,12,364,44,179,1,358
358,554,3280976,1451621,19,200,11,7405571,1607.128068,10,363,17,203,0,352
352,636,3510255,1451744,20,717,3,7226150,1597.20616,7,438,35,166,0,472
472,700,4367772,1450155,21,633,10,7451773,2090.34934,8,487,23,509,0,370
370,716,3211569,1167862,22,928,14,6206406,1620.501648,12,406,79,341,0,277
277,636,5607414,3042047,23,162,46,6092073,1235.834068,11,306,37,172,0,263
263,483,1568713,577847,0,66,9,6523922,1140.609097,2,306,38,170,0,274
274,506,3766636,3042123,1,264,8,4543900,1191.366327,2,416,160,126,1,237
237,432,3335859,2327667,2,192,4,4278094,1028.372121,1,260,43,123,0,203
203,279,1047975,550293,3,100,5,3452132,904.1909459,2,211,12,126,0,145
145,332,1534634,460588,4,-43,7,2238165,644.8300673,11,172,40,71,0,200
200,330,1110859,701226,5,214,2,2988997,837.5292324,2,205,11,103,0,195
195,255,2026527,1452593,6,200,12,3336897,834.3130113,3,199,7,68,0,128
128,162,749635,216140,7,0,0,4346232,567.1484347,1,134,2,51,1,88
88,196,3426551,3042366,8,-167,43,4403526,375.3079186,4,93,0,30,0,131
131,229,472984,86470,9,400,0,5084692,571.8807738,5,135,13,50,0,140
140,176,297817,49120,10,-100,0,3334223,578.0872337,2,142,0,44,0,150
150,224,328435,44150,11,233,0,5625095,609.3831159,2,158,11,50,0,148
148,316,6323072,5998008,12,59,0,4438850,642.8102046,7,158,16,60,0,154
154,230,394809,60405,13,100,0,3715901,672.5767688,3,158,2,77,0,86
86,137,4199025,2941435,14,133,52,2131771,384.9185662,6,89,3,53,0,268
268,397,1856384,853963,15,400,2,5113745,1143.059306,4,285,46,96,0,342
342,425,1193024,162647,16,17,10,6605289,1465.398237,4,354,10,216,0,361
361,1392,12246903,5324070,17,309,4,8664698,1586.416597,26,420,92,216,0,334
334,612,4928035,2327564,18,271,2,7702310,1519.5663,11,360,30,198,0,329
329,631,5145345,2327563,19,238,0,5225867,1444.876679,13,349,28,213,0,332
332,716,11818009,5865740,20,389,0,7002616,1471.641359,6,391,51,164,1,442
442,653,1884869,170945,21,650,1,8743042,1983.680413,16,465,38,226,0,330
330,474,3783566,1510185,22,333,0,6652108,1434.17879,3,348,21,185,1,296
296,831,4851741,2569437,23,333,1,4969643,1288.604497,13,470,375,166,0,233
233,622,8382804,5999487,0,359,0,5381335,1038.710847,7,278,62,141,1,249
249,379,4175046,3042703,1,-25,0,5510235,1079.714016,3,260,11,127,0,580
580,698,2983420,2334269,2,400,0,11657556,2463.408813,2,585,19,104,0,228
228,338,1228655,734238,3,467,0,8168246,991.2017801,1,248,33,101,0,219
219,349,791037,111135,4,250,0,6202362,930.7892324,4,224,7,89,1,224
224,450,8018286,4512260,5,300,0,4382871,928.8481966,5,233,16,97,0,211
211,247,442932,109047,6,200,0,4317711,851.2888685,2,221,16,43,0,122
122,142,264448,60451,7,0,0,2561717,509.5950684,0,122,0,42,0,135
135,175,1480370,597794,8,100,0,5615339,588.1625865,3,137,5,31,0,4
4,6,2542,2484,9,100,0,1222,15.6664896,0,5,2,3,0,2
2,2,1117,1113,10,0,0,1293,7.8482101,0,2,0,0,0,1
1,1,923,923,11,0,0,235,4.0322084,0,1,0,0,0,1
1,1,0,0,12,0,0,8,3.5817733,0,1,0,0,0,1
1,1,317,317,13,0,0,3400,3.7639213,0,1,0,0,0,1
1,1,149,149,14,0,0,361,3.9439824,0,1,0,0,0,2
2,3,3402,2050,15,0,0,36015,9.0161307,0,2,0,4,0,3
3,3,1029,924,16,0,0,1314,11.7294045,0,3,0,0,0,2
2,2,1617,1510,17,0,0,5434,10.056551,0,2,0,3,0,4
4,8,69889,67659,18,-100,0,13009,16.0351863,0,6,0,3,0,1
1,4,43397,43397,19,100,0,897,5.003467,0,2,2,0,0,1
