1,5,2318,2318,23,0,1,12477,4.7437034,0,1,1,0,0,0
0,0,0,0,0,0,0,0,0,0,0,0,0,0,0
0,0,0,0,1,0,0,0,0,0,0,0,0,0,0
0,0,0,0,2,0,0,0,0,0,0,0,0,0,0
0,0,0,0,3,0,0,0,0,0,0,0,0,0,0
0,0,0,0,4,0,0,0,0,0,0,0,0,0,0
0,0,0,0,5,0,0,0,0,0,0,0,0,0,0
0,0,0,0,6,0,0,0,0,0,0,0,0,0,0
0,0,0,0,7,0,0,0,0,0,0,0,0,0,0
0,0,0,0,8,0,0,0,0,0,0,0,0,0,0
0,0,0,0,9,0,0,0,0,0,0,0,0,0,0
0,0,0,0,10,0,0,0,0,0,0,0,0,0,0
0,0,0,0,11,0,0,0,0,0,0,0,0,0,0
0,0,0,0,12,0,0,0,0,0,0,0,0,0,0
0,0,0,0,13,0,0,0,0,0,0,0,0,0,0
0,0,0,0,14,0,0,0,0,0,0,0,0,0,1
1,2,12,12,15,0,0,156,3.6461093,0,1,0,0,0,1
1,7,294,294,16,0,0,552,4.1343412,0,1,1,0,0,0
0,0,0,0,17,0,0,0,0,0,0,0,0,0,0
0,0,0,0,18,0,0,0,0,0,0,0,0,0,0
0,0,0,0,19,0,0,0,0,0,0,0,0,0,1
1,5,1998,1998,20,0,0,3897,3.5008872,0,1,1,0,0,1
1,2,811,811,21,0,0,82505,3.2292066,0,1,0,0,0,0
0,0,0,0,22,0,0,0,0,0,0,0,0,0,0
0,0,0,0,23,0,0,0,0,0,0,0,0,0,0
0,0,0,0,0,0,0,0,0,0,0,0,0,0,1
1,2,950,950,1,0,1,92776,3.1795864,0,1,0,0,0,0
0,0,0,0,2,0,0,0,0,0,0,0,0,0,0
0,0,0,0,3,0,0,0,0,0,0,0,0,0,0
0,0,0,0,4,0,0,0,0,0,0,0,0,0,0
0,0,0,0,5,0,0,0,0,0,0,0,0,0,0
0,0,0,0,6,0,0,0,0,0,0,0,0,0,0
0,0,0,0,7,0,0,0,0,0,0,0,0,0,0
0,0,0,0,8,0,0,0,0,0,0,0,0,0,0
0,0,0,0,9,0,0,0,0,0,0,0,0,0,0
0,0,0,0,10,0,0,0,0,0,0,0,0,0,0
0,0,0,0,11,0,0,0,0,0,0,0,0,0,0
0,0,0,0,12,0,0,0,0,0,0,0,0,0,0
0,0,0,0,13,0,0,0,0,0,0,0,0,0,0
0,0,0,0,14,0,0,0,0,0,0,0,0,0,0
0,0,0,0,15,0,0,0,0,0,0,0,0,0,0
0,0,0,0,16,0,0,0,0,0,0,0,0,0,0
0,0,0,0,17,0,0,0,0,0,0,0,0,0,0
0,0,0,0,18,0,0,0,0,0,0,0,0,0,1
1,2,595,595,19,0,1,3747,3.7590053,0,1,0,0,0,0
0,0,0,0,20,0,0,0,0,0,0,0,0,0,0
0,0,0,0,21,0,0,0,0,0,0,0,0,0,0
0,0,0,0,22,0,0,0,0,0,0,0,0,0,0
0,0,0,0,23,0,0,0,0,0,0,0,0,0,0
0,0,0,0,0,0,0,0,0,0,0,0,0,0,2
2,5,374,353,1,0,1,4990,8.5515147,0,2,1,2,0,0
0,0,0,0,2,0,0,0,0,0,0,0,0,0,0
0,0,0,0,3,0,0,0,0,0,0,0,0,0,0
0,0,0,0,4,0,0,0,0,0,0,0,0,0,0
0,0,0,0,5,0,0,0,0,0,0,0,0,0,0
0,0,0,0,6,0,0,0,0,0,0,0,0,0,0
0,0,0,0,7,0,0,0,0,0,0,0,0,0,0
0,0,0,0,8,0,0,0,0,0,0,0,0,0,0
0,0,0,0,9,0,0,0,0,0,0,0,0,0,0
0,0,0,0,10,0,0,0,0,0,0,0,0,0,0
0,0,0,0,11,0,0,0,0,0,0,0,0,0,0
0,0,0,0,12,0,0,0,0,0,0,0,0,0,0
0,0,0,0,13,0,0,0,0,0,0,0,0,0,0
0,0,0,0,14,0,0,0,0,0,0,0,0,0,0
0,0,0,0,15,0,0,0,0,0,0,0,0,0,0
0,0,0,0,16,0,0,0,0,0,0,0,0,0,1
1,2,432,432,17,0,1,32669,3.7181404,0,1,0,1,0,0
0,0,0,0,18,0,0,0,0,0,0,0,0,0,0
0,0,0,0,19,0,0,0,0,0,0,0,0,0,1
1,2,254,254,20,0,6,1758,3.4414306,0,1,0,0,0,0
0,0,0,0,21,0,0,0,0,0,0,0,0,0,0
0,0,0,0,22,0,0,0,0,0,0,0,0,0,0
0,0,0,0,23,0,0,0,0,0,0,0,0,0,0
0,0,0,0,0,0,0,0,0,0,0,0,0,0,0
0,0,0,0,1,0,0,0,0,0,0,0,0,0,1
1,2,820,820,2,0,0,83544,4.180801,0,1,0,0,0,0
0,0,0,0,3,0,0,0,0,0,0,0,0,0,0
0,0,0,0,4,0,0,0,0,0,0,0,0,0,0
0,0,0,0,5,0,0,0,0,0,0,0,0,0,0
0,0,0,0,6,0,0,0,0,0,0,0,0,0,0
0,0,0,0,7,0,0,0,0,0,0,0,0,0,0
0,0,0,0,8,0,0,0,0,0,0,0,0,0,0
0,0,0,0,9,0,0,0,0,0,0,0,0,0,0
0,0,0,0,10,0,0,0,0,0,0,0,0,0,0
0,0,0,0,11,0,0,0,0,0,0,0,0,0,0
0,0,0,0,12,0,0,0,0,0,0,0,0,0,0
0,0,0,0,13,0,0,0,0,0,0,0,0,0,0
0,0,0,0,14,0,0,0,0,0,0,0,0,0,0
0,0,0,0,15,0,0,0,0,0,0,0,0,0,0
0,0,0,0,16,0,0,0,0,0,0,0,0,0,0
0,0,0,0,17,0,0,0,0,0,0,0,0,0,0
0,0,0,0,18,0,0,0,0,0,0,0,0,0,1
1,3,310,310,19,0,1,561,3.412319,0,1,1,0,0,1
1,2,52,52,20,0,0,715,3.5381606,0,1,0,1,0,0
0,0,0,0,21,0,0,0,0,0,0,0,0,0,0
0,0,0,0,22,0,0,0,0,0,0,0,0,0,0
0,0,0,0,23,0,0,0,0,0,0,0,0,0,0
0,0,0,0,0,0,0,0,0,0,0,0,0,0,0
0,0,0,0,1,0,0,0,0,0,0,0,0,0,1
1,8,1612,1612,2,0,0,4835,3.8826377,0,1,1,0,0,0
0,0,0,0,3,0,0,0,0,0,0,0,0,0,0
0,0,0,0,4,0,0,0,0,0,0,0,0,0,0
0,0,0,0,5,0,0,0,0,0,0,0,0,0,0
0,0,0,0,6,0,0,0,0,0,0,0,0,0,0
0,0,0,0,7,0,0,0,0,0,0,0,0,0,0
0,0,0,0,8,0,0,0,0,0,0,0,0,0,0
0,0,0,0,9,0,0,0,0,0,0,0,0,0,0
0,0,0,0,10,0,0,0,0,0,0,0,0,0,0
0,0,0,0,11,0,0,0,0,0,0,0,0,0,0
0,0,0,0,12,0,0,0,0,0,0,0,0,0,0
0,0,0,0,13,0,0,0,0,0,0,0,0,0,0
0,0,0,0,14,0,0,0,0,0,0,0,0,0,0
0,0,0,0,15,0,0,0,0,0,0,0,0,0,0
0,0,0,0,16,0,0,0,0,0,0,0,0,0,1
1,5,772,772,17,0,0,3938,3.3771105,0,1,1,1,0,1
1,2,1463,1463,18,0,0,632,4.3850837,0,1,0,0,0,0
0,0,0,0,19,0,0,0,0,0,0,0,0,0,0
0,0,0,0,20,0,0,0,0,0,0,0,0,0,1
1,2,828,828,21,0,0,84055,3.8955295,0,1,0,0,0,0
0,0,0,0,22,0,0,0,0,0,0,0,0,0,1
1,3,766,766,23,0,0,4628,3.444407,0,1,1,2,0,0
0,0,0,0,0,0,0,0,0,0,0,0,0,0,0
0,0,0,0,1,0,0,0,0,0,0,0,0,0,1
1,2,1003,1003,2,0,0,49162,3.409949,0,1,0,1,0,0
0,0,0,0,3,0,0,0,0,0,0,0,0,0,0
0,0,0,0,4,0,0,0,0,0,0,0,0,0,1
1,6,678,678,5,0,0,10774,3.366893,0,1,1,1,0,0
0,0,0,0,6,0,0,0,0,0,0,0,0,0,0
0,0,0,0,7,0,0,0,0,0,0,0,0,0,0
0,0,0,0,8,0,0,0,0,0,0,0,0,0,1
1,2,1176,1176,9,0,0,5344,3.7299607,0,1,0,0,0,0
0,0,0,0,10,0,0,0,0,0,0,0,0,0,0
0,0,0,0,11,0,0,0,0,0,0,0,0,0,0
0,0,0,0,12,0,0,0,0,0,0,0,0,0,0
0,0,0,0,13,0,0,0,0,0,0,0,0,0,0
0,0,0,0,14,0,0,0,0,0,0,0,0,0,0
0,0,0,0,15,0,0,0,0,0,0,0,0,0,0
0,0,0,0,16,0,0,0,0,0,0,0,0,0,1
1,81,165,165,17,0,0,1,4.0590096,1,1,1,0,0,1
1,3,777,777,18,0,0,1341,3.7567775,0,1,1,0,0,0
0,0,0,0,19,0,0,0,0,0,0,0,0,0,0
0,0,0,0,20,0,0,0,0,0,0,0,0,0,0
0,0,0,0,21,0,0,0,0,0,0,0,0,0,1
1,3,151,151,22,0,0,576,6.530687,0,1,1,0,0,0
0,0,0,0,23,0,0,0,0,0,0,0,0,0,0
0,0,0,0,0,0,0,0,0,0,0,0,0,0,0
0,0,0,0,1,0,0,0,0,0,0,0,0,0,0
0,0,0,0,2,0,0,0,0,0,0,0,0,0,0
0,0,0,0,3,0,0,0,0,0,0,0,0,0,1
1,15,132,132,4,0,0,427,4.0334744,0,1,1,0,0,1
1,9,478,478,5,0,1,254,4.4888535,0,1,1,0,0,0
0,0,0,0,6,0,0,0,0,0,0,0,0,0,0
0,0,0,0,7,0,0,0,0,0,0,0,0,0,0
0,0,0,0,8,0,0,0,0,0,0,0,0,0,0
0,0,0,0,9,0,0,0,0,0,0,0,0,0,0
0,0,0,0,10,0,0,0,0,0,0,0,0,0,0
0,0,0,0,11,0,0,0,0,0,0,0,0,0,0
0,0,0,0,12,0,0,0,0,0,0,0,0,0,0
0,0,0,0,13,0,0,0,0,0,0,0,0,0,0
0,0,0,0,14,0,0,0,0,0,0,0,0,0,0
0,0,0,0,15,0,0,0,0,0,0,0,0,0,0
0,0,0,0,16,0,0,0,0,0,0,0,0,0,0
0,0,0,0,17,0,0,0,0,0,0,0,0,0,0
0,0,0,0,18,0,0,0,0,0,0,0,0,0,0
0,0,0,0,19,0,0,0,0,0,0,0,0,0,0
0,0,0,0,20,0,0,0,0,0,0,0,0,0,0
0,0,0,0,21,0,0,0,0,0,0,0,0,0,0
0,0,0,0,22,0,0,0,0,0,0,0,0,0,0
0,0,0,0,23,0,0,0,0,0,0,0,0,0,1
1,2,443,443,0,0,0,7624,3.8127096,0,1,0,1,0,0
0,0,0,0,1,0,0,0,0,0,0,0,0,0,1
1,30,1704,1704,2,0,0,508,4.530203,0,1,1,0,0,0
0,0,0,0,3,0,0,0,0,0,0,0,0,0,0
0,0,0,0,4,0,0,0,0,0,0,0,0,0,0
0,0,0,0,5,0,0,0,0,0,0,0,0,0,0
0,0,0,0,6,0,0,0,0,0,0,0,0,0,0
0,0,0,0,7,0,0,0,0,0,0,0,0,0,0
0,0,0,0,8,0,0,0,0,0,0,0,0,0,0
0,0,0,0,9,0,0,0,0,0,0,0,0,0,0
0,0,0,0,10,0,0,0,0,0,0,0,0,0,0
0,0,0,0,11,0,0,0,0,0,0,0,0,0,0
0,0,0,0,12,0,0,0,0,0,0,0,0,0,0
0,0,0,0,13,0,0,0,0,0,0,0,0,0,0
0,0,0,0,14,0,0,0,0,0,0,0,0,0,0
0,0,0,0,15,0,0,0,0,0,0,0,0,0,0
0,0,0,0,16,0,0,0,0,0,0,0,0,0,0
0,0,0,0,17,0,0,0,0,0,0,0,0,0,0
0,0,0,0,18,0,0,0,0,0,0,0,0,0,0
0,0,0,0,19,0,0,0,0,0,0,0,0,0,0
0,0,0,0,20,0,0,0,0,0,0,0,0,0,0
0,0,0,0,21,0,0,0,0,0,0,0,0,0,0
0,0,0,0,22,0,0,0,0,0,0,0,0,0,2
2,8,2262,2122,23,0,0,8730,6.8594182,0,2,1,4,0,0
0,0,0,0,0,0,0,0,0,0,0,0,0,0,0
0,0,0,0,1,0,0,0,0,0,0,0,0,0,0
0,0,0,0,2,0,0,0,0,0,0,0,0,0,0
0,0,0,0,3,0,0,0,0,0,0,0,0,0,0
0,0,0,0,4,0,0,0,0,0,0,0,0,0,0
0,0,0,0,5,0,0,0,0,0,0,0,0,0,0
0,0,0,0,6,0,0,0,0,0,0,0,0,0,0
0,0,0,0,7,0,0,0,0,0,0,0,0,0,0
0,0,0,0,8,0,0,0,0,0,0,0,0,0,0
0,0,0,0,9,0,0,0,0,0,0,0,0,0,0
0,0,0,0,10,0,0,0,0,0,0,0,0,0,0
0,0,0,0,11,0,0,0,0,0,0,0,0,0,0
0,0,0,0,12,0,0,0,0,0,0,0,0,0,0
0,0,0,0,13,0,0,0,0,0,0,0,0,0,0
0,0,0,0,14,0,0,0,0,0,0,0,0,0,0
0,0,0,0,15,0,0,0,0,0,0,0,0,0,0
0,0,0,0,16,0,0,0,0,0,0,0,0,0,0
0,0,0,0,17,0,0,0,0,0,0,0,0,0,0
0,0,0,0,18,0,0,0,0,0,0,0,0,0,0
0,0,0,0,19,0,0,0,0,0,0,0,0,0,0
0,0,0,0,20,0,0,0,0,0,0,0,0,0,1
1,57,16636,16636,21,0,91,7808,4.3391724,1,1,1,1,0,0
0,0,0,0,22,0,0,0,0,0,0,0,0,0,2
2,87,721515,720837,23,0,0,43576,10.7885609,4,2,2,3,0,0
0,0,0,0,0,0,0,0,0,0,0,0,0,0,1
1,4,323,323,1,0,0,579,3.3735957,0,1,1,0,0,2
2,6,291,260,2,0,0,4858,13.2963634,2,2,2,1,0,0
0,0,0,0,3,0,0,0,0,0,0,0,0,0,0
0,0,0,0,4,0,0,0,0,0,0,0,0,0,0
0,0,0,0,5,0,0,0,0,0,0,0,0,0,0
0,0,0,0,6,0,0,0,0,0,0,0,0,0,2
2,16,1507,1390,7,0,0,147890,7.6411059,0,2,1,0,0,0
0,0,0,0,8,0,0,0,0,0,0,0,0,0,0
0,0,0,0,9,0,0,0,0,0,0,0,0,0,0
0,0,0,0,10,0,0,0,0,0,0,0,0,0,0
0,0,0,0,11,0,0,0,0,0,0,0,0,0,0
0,0,0,0,12,0,0,0,0,0,0,0,0,0,0
0,0,0,0,13,0,0,0,0,0,0,0,0,0,0
0,0,0,0,14,0,0,0,0,0,0,0,0,0,0
0,0,0,0,15,0,0,0,0,0,0,0,0,0,0
0,0,0,0,16,0,0,0,0,0,0,0,0,0,0
0,0,0,0,17,0,0,0,0,0,0,0,0,0,0
0,0,0,0,18,0,0,0,0,0,0,0,0,0,0
0,0,0,0,19,0,0,0,0,0,0,0,0,0,0
0,0,0,0,20,0,0,0,0,0,0,0,0,0,1
1,2,963,963,21,0,4,90,3.4159064,0,1,0,1,0,0
0,0,0,0,22,0,0,0,0,0,0,0,0,0,0
0,0,0,0,23,0,0,0,0,0,0,0,0,0,1
1,81,722060,722060,0,0,0,41873,4.041057,0,1,1,2,0,0
0,0,0,0,1,0,0,0,0,0,0,0,0,0,0
0,0,0,0,2,0,0,0,0,0,0,0,0,0,1
1,2,1729,1729,3,0,0,7233,4.492847,0,1,0,0,0,0
0,0,0,0,4,0,0,0,0,0,0,0,0,0,0
0,0,0,0,5,0,0,0,0,0,0,0,0,0,0
0,0,0,0,6,0,0,0,0,0,0,0,0,0,0
0,0,0,0,7,0,0,0,0,0,0,0,0,0,0
0,0,0,0,8,0,0,0,0,0,0,0,0,0,0
0,0,0,0,9,0,0,0,0,0,0,0,0,0,0
0,0,0,0,10,0,0,0,0,0,0,0,0,0,0
0,0,0,0,11,0,0,0,0,0,0,0,0,0,0
0,0,0,0,12,0,0,0,0,0,0,0,0,0,0
0,0,0,0,13,0,0,0,0,0,0,0,0,0,0
0,0,0,0,14,0,0,0,0,0,0,0,0,0,0
0,0,0,0,15,0,0,0,0,0,0,0,0,0,0
0,0,0,0,16,0,0,0,0,0,0,0,0,0,1
1,534,1092927,1092927,17,0,0,4797,7.1823664,6,1,1,0,0,1
1,141,110587,110587,18,0,0,735,7.00577,5,1,1,3,0,0
0,0,0,0,19,0,0,0,0,0,0,0,0,0,0
0,0,0,0,20,0,0,0,0,0,0,0,0,0,1
1,21,3749,3749,21,0,0,3615,6.5591216,1,1,1,2,0,0
0,0,0,0,22,0,0,0,0,0,0,0,0,0,0
0,0,0,0,23,0,0,0,0,0,0,0,0,0,1
1,2,864,864,0,0,0,86565,4.0596776,0,1,0,0,0,1
1,2,990,990,1,0,4,8827,3.3325436,0,1,0,0,0,0
0,0,0,0,2,0,0,0,0,0,0,0,0,0,1
1,702,242899,242899,3,0,11,60647,4.841551,15,1,1,1,0,0
0,0,0,0,4,0,0,0,0,0,0,0,0,0,0
0,0,0,0,5,0,0,0,0,0,0,0,0,0,0
0,0,0,0,6,0,0,0,0,0,0,0,0,0,1
1,2,286,286,7,0,0,1435,3.298097,0,1,0,1,0,1
1,21,15508,15508,8,0,0,2220,4.1257324,0,1,1,4,0,0
0,0,0,0,9,0,0,0,0,0,0,0,0,0,0
0,0,0,0,10,0,0,0,0,0,0,0,0,0,0
0,0,0,0,11,0,0,0,0,0,0,0,0,0,0
0,0,0,0,12,0,0,0,0,0,0,0,0,0,0
0,0,0,0,13,0,0,0,0,0,0,0,0,0,0
0,0,0,0,14,0,0,0,0,0,0,0,0,0,1
1,9,568,568,15,0,0,2099,4.1656237,0,1,1,1,0,2
2,41,297575,297496,16,0,0,4931,7.3007313,1,2,1,4,0,1
1,4,1894,1894,17,0,0,989,4.0831203,1,1,1,0,0,3
3,11,1304,935,18,0,0,39080,11.7550545,0,3,3,1,0,3
3,127,118153,110793,19,0,0,2555,13.9864751,3,3,3,6,0,1
1,3,369,369,20,0,0,791,3.6772666,0,1,1,0,0,3
3,55,38898,27767,21,0,0,10828,12.414931,0,3,3,1,0,1
1,3,729,729,22,0,0,6809,3.0845828,0,1,2,3,0,1
1,2,1545,1545,23,0,0,3938,3.5574665,0,1,0,0,0,7
7,165,1058601,990552,0,0,0,34463,33.6463425,4,7,7,11,0,1
1,4,9,9,1,0,0,134,4.443993,0,1,1,1,0,0
0,0,0,0,2,0,0,0,0,0,0,0,0,0,1
1,17,3970,3970,3,0,1,50748,3.4805658,0,1,1,0,0,1
1,222,99230,99230,4,0,0,32225,4.4075885,3,1,1,0,0,0
0,0,0,0,5,0,0,0,0,0,0,0,0,0,0
0,0,0,0,6,0,0,0,0,0,0,0,0,0,2
2,50,918681,916066,7,0,0,14089,7.8240225,1,2,2,2,0,3
3,515,245975,243300,8,0,0,65492,12.9621602,12,3,3,6,0,1
1,27,19413,19413,9,0,0,11692,4.539088,0,1,1,1,0,0
0,0,0,0,10,0,0,0,0,0,0,0,0,0,0
0,0,0,0,11,0,0,0,0,0,0,0,0,0,0
0,0,0,0,12,0,0,0,0,0,0,0,0,0,0
0,0,0,0,13,0,0,0,0,0,0,0,0,0,0
0,0,0,0,14,0,0,0,0,0,0,0,0,0,0
0,0,0,0,15,0,0,0,0,0,0,0,0,0,0
0,0,0,0,16,0,0,0,0,0,0,0,0,0,0
0,0,0,0,17,0,0,0,0,0,0,0,0,0,2
2,7,2585,2046,18,0,0,10093,6.7367284,0,2,2,2,0,0
0,0,0,0,19,0,0,0,0,0,0,0,0,0,0
0,0,0,0,20,0,0,0,0,0,0,0,0,0,1
1,17,27810,27810,21,0,1,4267,3.7511332,0,1,1,0,0,0
0,0,0,0,22,0,0,0,0,0,0,0,0,0,1
1,2,23,23,23,0,0,331,4.0986714,0,1,0,6,0,3
3,28,918970,918909,0,0,0,9788,12.2266867,0,3,1,4,0,9
9,206,970388,442593,1,0,668,228189,37.9819401,0,9,6,8,0,8
8,648,3363679,1892095,2,0,3,118841,31.8425323,10,8,7,12,0,4
4,238,1436744,1425072,3,0,0,23731,18.9436765,1,4,3,3,0,2
2,224,2578314,2578034,4,0,0,21060,8.9439023,4,2,2,1,0,11
11,4255,5987268,1892372,5,0,36,89475,46.267208,49,11,11,6,0,2
2,60,7805,5516,6,0,0,41109,7.9274584,0,2,1,1,0,4
4,604,331879,150972,7,0,0,69625,16.7113481,9,4,4,1,0,0
0,0,0,0,8,0,0,0,0,0,0,0,0,0,0
0,0,0,0,9,0,0,0,0,0,0,0,0,0,0
0,0,0,0,10,0,0,0,0,0,0,0,0,0,1
1,42,142793,142793,11,0,0,93833,4.426461,0,1,1,0,0,0
0,0,0,0,12,0,0,0,0,0,0,0,0,0,0
0,0,0,0,13,0,0,0,0,0,0,0,0,0,0
0,0,0,0,14,0,0,0,0,0,0,0,0,0,0
0,0,0,0,15,0,0,0,0,0,0,0,0,0,0
0,0,0,0,16,0,0,0,0,0,0,0,0,0,0
0,0,0,0,17,0,0,0,0,0,0,0,0,0,0
0,0,0,0,18,0,0,0,0,0,0,0,0,0,2
2,12,18038,18017,19,0,0,14757,7.1484303,0,2,1,2,0,0
0,0,0,0,20,0,0,0,0,0,0,0,0,0,0
0,0,0,0,21,0,0,0,0,0,0,0,0,0,4
4,442,3631942,3559796,22,0,0,7816,19.1101361,6,4,3,6,0,1
1,23,543,543,23,0,0,4210,4.1782455,0,1,1,0,0,1
1,2,272,272,0,0,0,1817,3.4186738,0,1,0,0,0,2
2,5,2251,1833,1,0,5,94074,8.7962544,0,2,1,1,0,2
2,14,1486,1309,2,0,2,6109,6.8704992,0,2,2,1,0,0
0,0,0,0,3,0,0,0,0,0,0,0,0,0,1
1,32,1334,1334,4,0,0,8161,4.3293915,1,1,1,1,0,2
2,17,1814,1316,5,0,0,7391,7.2378683,0,2,2,2,0,1
1,7,1319,1319,6,0,0,5576,4.1915946,0,1,1,2,0,0
0,0,0,0,7,0,0,0,0,0,0,0,0,0,1
1,8,244,244,8,0,9,814,4.4856415,1,1,1,0,0,0
0,0,0,0,9,0,0,0,0,0,0,0,0,0,0
0,0,0,0,10,0,0,0,0,0,0,0,0,0,0
0,0,0,0,11,0,0,0,0,0,0,0,0,0,0
0,0,0,0,12,0,0,0,0,0,0,0,0,0,0
0,0,0,0,13,0,0,0,0,0,0,0,0,0,0
0,0,0,0,14,0,0,0,0,0,0,0,0,0,0
0,0,0,0,15,0,0,0,0,0,0,0,0,0,0
0,0,0,0,16,0,0,0,0,0,0,0,0,0,0
0,0,0,0,17,0,0,0,0,0,0,0,0,0,3
3,18,3534,1982,18,0,0,3550,12.3582184,0,3,3,3,0,2
2,13,1488,1291,19,0,0,1509,7.8282322,0,2,1,1,0,1
1,13,332,332,20,0,0,11057,3.615779,0,1,1,0,0,4
4,41,37712,21781,21,0,0,19988,16.4116124,2,5,5,0,0,0
0,0,0,0,22,0,0,0,0,0,0,0,0,0,1
1,2,763,763,23,0,0,1868,4.0885057,0,1,0,1,0,1
1,2,773,773,0,0,0,3165,4.5737953,0,1,0,0,0,1
1,3,17347,17347,1,0,0,17713,3.3628464,0,1,1,0,0,3
3,9,8349,4327,2,0,0,16274,13.2361705,0,3,2,3,0,0
0,0,0,0,3,0,0,0,0,0,0,0,0,0,1
1,19,88056,88056,4,0,0,16683,3.6735198,0,1,1,0,0,2
2,5,369,294,5,0,0,5511,7.2961454,0,2,1,0,0,0
0,0,0,0,6,0,0,0,0,0,0,0,0,0,3
3,17,3011,1427,7,0,0,32405,11.5370554,1,3,3,2,0,0
0,0,0,0,8,0,0,0,0,0,0,0,0,0,0
0,0,0,0,9,0,0,0,0,0,0,0,0,0,0
0,0,0,0,10,0,0,0,0,0,0,0,0,0,0
0,0,0,0,11,0,0,0,0,0,0,0,0,0,0
0,0,0,0,12,0,0,0,0,0,0,0,0,0,0
0,0,0,0,13,0,0,0,0,0,0,0,0,0,0
0,0,0,0,14,0,0,0,0,0,0,0,0,0,1
1,10,1841,1841,15,0,0,84203,4.1443563,0,1,1,1,0,3
3,17,48087,47356,16,0,0,65088,17.5567418,1,3,3,6,0,1
1,4,3345,3345,17,0,0,3802,4.0654626,1,1,1,2,0,0
0,0,0,0,18,0,0,0,0,0,0,0,0,0,0
0,0,0,0,19,0,0,0,0,0,0,0,0,0,0
0,0,0,0,20,0,0,0,0,0,0,0,0,0,3
3,85,17846,16712,21,0,0,40626,13.1599079,4,3,2,2,0,1
1,16,809,809,22,0,0,7257,4.4771743,1,1,1,0,0,2
2,20,781,648,23,0,0,3237,7.5868733,0,2,2,4,0,2
2,4,26663,24491,0,0,0,11356,10.0969452,0,2,0,2,0,4
4,13,4827,3392,1,0,10,11746,17.2509321,1,4,2,1,0,5
5,46,104538,99508,2,0,4,84906,17.7909656,0,5,3,3,0,9
9,63,790759,739321,3,0,0,190077,33.8794353,1,9,7,7,0,8
8,33,13676,8952,4,0,0,122766,27.9749003,0,8,7,4,0,11
11,139,166104,105728,5,0,9,182079,44.3438167,2,11,9,7,0,4
4,23,114124,113224,6,0,0,86454,16.5309785,1,4,4,4,0,5
5,18,5429,2618,7,0,0,38325,23.5373213,1,5,2,8,0,1
1,3,566,566,8,0,0,21721,4.3619394,0,1,2,2,0,21
21,24,8394,1486,9,0,0,506628,85.1080493,0,21,0,16,0,10
10,10,6539,2607,10,0,0,51491,39.8083822,0,10,0,10,0,12
12,12,26125,11672,11,0,0,215760,55.013945,0,12,0,5,0,6
6,8,19031,11671,12,0,0,84508,27.7793576,0,6,0,7,0,22
22,30,21371,9412,13,0,0,163840,94.0504844,0,23,0,24,0,31
31,54,137943,51299,14,0,0,641056,145.5460333,0,31,0,25,0,40
40,62,220957,106124,15,0,0,785434,191.9243834,2,40,0,56,0,69
69,108,363542,135587,16,0,2,1507902,312.1597006,2,72,2,45,0,135
135,1811,1766347,1101082,17,0,3,1827550,598.6786471,19,149,15,129,0,150
150,250,270000,27945,18,0,0,2186395,664.4545497,6,154,4,125,0,133
133,177,224823,22796,19,0,0,1913363,594.9360818,1,134,0,96,0,121
121,203,553836,123556,20,0,3,2071796,550.5040139,3,123,2,105,1,135
135,205,793240,644889,21,0,4,2018444,605.2729593,4,136,1,112,0,170
170,360,949426,740302,22,0,1,2500826,726.2121649,5,174,4,178,0,135
135,191,137137,17386,23,0,0,1450458,574.0799202,3,142,6,149,0,127
127,167,150043,20238,0,0,0,1968071,561.187488,2,129,1,121,0,88
88,126,136990,22229,1,69,1,1152285,411.9054439,1,90,3,68,0,83
83,123,94106,21809,2,0,24,909217,357.8691771,2,83,0,91,1,69
69,170,58319,9758,3,0,17,619641,294.5958022,3,69,1,64,5,128
128,424,1908024,1026114,4,0,17,1413310,576.6244282,9,137,9,111,0,128
128,356,232646,135728,5,0,0,2350305,551.7486602,6,128,1,124,0,110
110,178,98811,17435,6,0,5,1853183,472.5426053,3,114,1,89,2,84
84,113,52454,7320,7,0,0,990468,358.4788253,1,84,1,67,0,41
41,64,56334,30111,8,0,0,1229944,180.9234465,2,41,0,32,0,12
12,16,8865,2277,9,0,0,377297,56.3359024,1,12,0,14,0,20
20,24,11193,1712,10,0,0,587899,84.609324,3,20,0,12,0,17
17,21,5447,1912,11,0,0,158998,70.193114,2,17,1,7,0,13
13,13,2212,673,12,0,0,34699,54.3463526,0,13,0,5,0,20
20,37,15222,2104,13,0,0,298687,84.4874502,0,20,0,18,0,30
30,46,40565,23725,14,0,1,328283,139.5794427,1,30,0,22,0,46
46,71,332403,135784,15,0,0,1296145,210.6321227,3,46,0,44,0,100
100,168,768990,135791,16,0,5,1302988,456.2906214,6,102,2,133,0,171
171,425,2341039,1102541,17,0,1,2677330,772.0534433,12,173,6,187,0,142
142,250,457140,135823,18,0,1,2001055,641.0445156,5,143,8,138,1,83
83,126,172695,40691,19,0,20,988457,372.6191612,1,85,0,73,0,170
170,258,1836251,135840,20,0,0,2370594,814.190686,11,176,6,168,2,175
175,280,1207704,135848,21,0,3,2088537,810.6026227,6,178,3,143,0,164
164,298,431148,113631,22,0,0,1536577,708.6879469,4,167,7,151,1,157
157,244,376046,47554,23,0,0,2368675,681.9665048,5,159,2,125,0,149
149,210,283579,56157,0,0,2,2146714,658.6790452,1,152,3,108,1,109
109,163,266928,39218,1,0,15,1122490,470.8014878,4,109,1,86,0,165
165,488,484026,245116,2,0,1,2404410,724.8984575,7,167,2,133,0,141
141,188,183677,18253,3,0,3,2520194,624.3690043,1,143,1,138,0,173
173,305,259244,47470,4,0,2,2637162,748.029831,4,174,3,151,1,101
101,153,156072,67073,5,0,2,1841327,434.748647,6,104,3,90,0,95
95,134,65745,10026,6,0,13,1598610,409.2963327,0,98,3,74,1,83
83,135,102750,12045,7,0,3,1264452,355.7546728,8,83,0,101,0,22
22,26,14874,5412,8,0,17,317637,88.0497139,0,22,0,19,0,62
62,81,69866,28282,9,0,0,1084362,261.185593,1,62,1,33,0,10
10,12,4552,2588,10,0,3,57435,42.2610944,0,10,0,2,0,4
4,5,2214,1915,11,0,0,14646,15.8315118,0,4,0,4,0,4
4,4,2492,1031,12,0,0,14146,15.5616419,0,4,0,5,0,25
25,44,28644,9427,13,0,13,518623,114.4205352,0,25,0,25,0,34
34,69,56805,16892,14,0,59,424423,166.1352857,1,34,0,48,0,78
78,154,326762,144443,15,0,33,1668370,368.9327091,4,79,0,85,0,307
307,494,660851,93237,16,0,9,3742693,1394.446335,12,309,3,276,1,479
479,1310,2973555,1103796,17,35,10,7028630,2180.496415,36,524,48,429,3,499
499,1373,1076438,151757,18,0,3,5649879,2301.507797,31,521,25,403,3,352
352,678,818893,135949,19,0,44,5391873,1603.231459,19,357,4,317,0,460
460,778,1307463,244944,20,0,4,5644266,2122.643858,26,476,10,394,2,494
494,1160,1333185,211891,21,0,13,5586520,2316.40676,38,523,28,423,2,381
381,826,900960,135912,22,-85,11,3166255,1752.750718,24,390,8,314,0,409
409,868,1512830,742474,23,-38,1,3796716,1852.700263,25,422,10,337,0,383
383,586,1321354,742568,0,0,1,4399962,1721.094401,6,389,6,315,0,278
278,439,435631,28080,1,0,43,3763365,1276.389828,8,282,6,254,0,424
424,677,579296,88048,2,0,8,5824472,1892.441158,19,428,8,347,0,440
440,933,696000,129834,3,0,3,5615694,1954.374579,18,450,10,348,1,261
261,479,471133,129835,4,0,25,3943191,1198.566159,5,269,6,216,1,228
228,434,597548,124080,5,0,13,3552918,1004.992383,10,231,4,219,1,207
207,398,977134,113619,6,0,0,3358496,895.9189418,6,212,7,211,0,161
161,218,179424,46918,7,0,4,3321108,693.1402584,2,164,6,93,0,109
109,147,76089,8040,8,0,0,2452609,457.158134,0,111,3,75,1,60
60,72,25651,4405,9,0,0,753529,249.2091647,0,60,0,51,0,39
39,45,31483,8451,10,0,0,1657801,170.7459945,0,39,0,23,0,15
15,18,13549,5895,11,0,1,592053,63.548123,0,15,0,5,0,19
19,26,20137,10998,12,0,0,559603,76.7034154,0,19,0,13,0,20
20,29,26543,16965,13,0,0,625491,83.5155547,0,20,0,9,0,16
16,30,8221,2556,14,0,11,138237,73.3972032,1,16,0,21,0,50
50,82,90341,18283,15,0,8,491107,224.3153653,2,50,0,33,0,118
118,221,219282,40715,16,0,9,1875937,519.3667775,2,119,1,121,1,206
206,386,1846056,1431668,17,0,6,2889224,933.9286592,4,217,9,202,0,258
258,384,252585,20872,18,0,6,2925514,1086.426292,5,260,2,260,1,174
174,301,465193,113712,19,0,21,2031960,762.8416836,1,176,5,152,2,392
392,731,1001625,194085,20,0,0,4897916,1779.491628,9,406,15,361,2,388
388,664,833360,192305,21,-53,2,4454939,1725.248285,15,395,8,258,1,352
352,627,542540,136003,22,0,22,3509907,1609.036542,12,358,10,234,2,301
301,580,814490,152106,23,0,3,3522640,1320.682045,11,310,6,243,1,297
297,476,768714,301382,0,0,5,4771752,1310.445066,15,301,5,342,1,198
198,517,545609,113951,1,0,108,2872962,935.401543,12,199,2,179,0,337
337,1416,3658956,1008638,2,0,2,3737780,1495.189969,35,350,17,301,2,287
287,551,445264,139354,3,0,14,2843431,1270.571295,17,293,11,274,1,392
392,780,425430,72602,4,0,10,3609614,1747.650452,8,400,13,301,6,295
295,567,1239935,745007,5,0,3,2748270,1341.089627,10,306,15,176,4,309
309,655,217785,19628,6,0,3,2840222,1349.591119,9,315,19,267,0,346
346,590,250473,28579,7,-16,2,4135943,1530.797575,1,352,14,240,1,280
280,473,418312,106713,8,0,8,2793880,1259.663139,7,283,13,221,1,303
303,457,601052,100209,9,0,0,2964606,1364.611291,9,312,10,137,1,139
139,192,104398,11944,10,0,2,1365731,633.0680274,5,143,3,85,0,74
74,101,382704,311582,11,0,2,618670,301.3477062,1,74,0,67,0,4
4,10,5835,3499,12,0,3,62862,17.2308566,0,4,0,1,0,80
80,142,416133,168664,13,0,15,782265,373.7256729,2,84,2,77,1,146
146,279,379786,123434,14,0,29,1473548,653.7985885,4,150,4,98,0,369
369,680,549363,192227,15,0,11,3768744,1694.246487,9,377,11,299,2,878
878,2081,2201102,258454,16,0,34,8707000,3996.734477,49,904,30,672,4,1232
1232,2357,2575539,136094,17,-5,37,10199789,5577.223099,35,1252,41,861,5,1635
1635,2781,2322832,136097,18,0,88,13040170,7431.851557,38,1671,48,1185,3,1481
1481,2627,4587965,650841,19,0,268,12835329,6834.713434,31,1508,44,1000,6,4063
4063,6973,5773025,511460,20,-150,37,34069070,18574.12739,92,4162,183,2132,15,7470
7470,10657,13082265,748506,21,0,77,70237484,34993.31787,104,7672,238,2481,17,4292
4292,7454,6834544,671488,22,100,44,41586760,20127.7069,65,4466,222,1510,25,4880
4880,7109,7650088,504668,23,0,99,46788963,23093.05579,63,5057,289,1591,22,20755
20755,38350,39341664,4540988,0,93,889,150098024,96275.08649,392,21546,1658,6825,131,4046
4046,7034,9712996,4005017,1,175,212,27245509,18105.43649,63,4161,154,2577,20,1794
1794,5660,6672588,1106750,2,0,143,12361428,7870.476403,61,1902,147,1411,11,1647
1647,2571,2882495,1030972,3,0,12,12882272,7229.980798,34,1663,37,1255,11,1460
1460,2205,1812632,178084,4,200,18,12487204,6426.171506,22,1483,45,1147,7,1064
1064,2609,2601940,131857,5,0,6,8014690,4657.471684,26,1080,27,914,6,786
786,1189,838717,175620,6,0,1,6691322,3470.141908,11,801,22,711,3,631
631,900,1185972,311937,7,-76,4,5079469,2862.013561,8,642,14,515,0,389
389,527,425914,100207,8,-72,1,3548102,1729.002457,2,390,3,256,2,246
246,332,257684,71905,9,0,9,2403429,1043.16053,3,247,5,191,2,150
150,205,491191,47660,10,0,0,2133686,697.2789753,3,151,2,126,0,84
84,115,127605,53079,11,0,1,1173984,372.5528293,1,85,2,44,0,93
93,122,59163,23781,12,0,4,814455,397.5036005,0,93,0,64,0,99
99,139,170634,41216,13,0,2,955837,426.1012795,8,99,1,100,0,103
103,144,88784,15675,14,92,9,895850,459.3107233,0,104,3,99,2,193
193,286,954166,136290,15,0,20,2898317,900.5143296,4,194,3,157,1,311
311,562,1370190,954735,16,0,11,2622917,1419.259829,8,319,15,271,1,416
416,682,1158581,483696,17,67,11,2902260,1880.076998,14,425,9,353,4,479
479,665,841595,136290,18,0,8,3905851,2173.104156,7,482,4,367,5,267
267,410,1949639,691932,19,0,32,2255524,1209.679841,1,272,9,186,4,415
415,590,1000754,136306,20,0,2,3939835,1857.746395,2,421,11,298,2,391
391,503,1124244,136317,21,0,2,3147622,1750.966416,9,395,4,329,3,372
372,492,837233,136323,22,0,0,3222517,1667.213525,7,377,6,333,1,283
283,533,524173,123313,23,-16,2,2351216,1267.225151,8,296,16,218,1,287
287,519,234069,24571,0,0,0,2017321,1257.887643,7,292,10,246,1,144
144,222,336746,183422,1,0,27,1122563,653.2617648,3,147,3,128,1,216
216,276,453949,192352,2,0,15,2352959,963.8647275,4,218,1,194,2,231
231,374,287309,136356,3,0,7,1585802,993.9777432,3,232,1,198,1,241
241,413,600592,312183,4,-35,5,1732893,1039.533515,7,244,8,238,2,218
218,343,169178,26832,5,72,1,1733737,958.0625722,8,227,16,199,4,243
243,452,1230663,1045876,6,38,1,1571679,1069.406258,6,251,16,225,1,152
152,245,83704,7613,7,0,0,935221,655.7258385,3,152,2,133,0,136
136,312,49589,4966,8,0,0,822270,608.1880092,8,138,2,116,0,90
90,103,539671,504798,9,0,0,929830,386.3444593,1,90,0,71,0,38
38,47,21125,2545,10,0,0,749131,159.4299064,0,38,2,27,0,29
29,39,29426,9475,11,0,0,207580,129.4301111,1,31,0,23,0,22
22,26,15146,9475,12,0,0,90713,91.5590935,0,22,0,15,0,27
27,35,14009,1692,13,0,0,475017,124.0555088,0,27,0,30,0,31
31,38,71551,56039,14,0,1,596214,149.7214004,0,32,0,31,2,84
84,140,484001,136426,15,0,4,1060284,378.937429,3,84,7,87,0,125
125,188,394294,136431,16,0,0,1261536,572.9209233,8,125,3,120,0,171
171,238,630211,136432,17,0,0,1869172,767.2990679,0,172,0,157,1,198
198,325,880313,136445,18,-81,6,1509098,942.0244872,13,200,6,180,0,109
109,152,283747,136445,19,0,11,1084656,486.4044482,1,109,1,98,0,179
179,253,242930,43386,20,0,28,1517644,815.0503286,5,182,2,176,1,6
6,43,25194,18785,21,0,67,30453,32.388247,2,6,0,14,0,23
23,111,131882,48095,22,0,269,306053,108.3064342,4,24,4,22,0,151
151,269,104267,10751,23,0,33,1038601,656.9584758,1,151,4,152,1,182
182,242,419298,136478,0,0,0,2079001,809.6078834,2,183,0,156,0,116
116,198,283546,123276,1,0,79,913030,553.0683835,3,116,0,115,0,243
243,341,445922,136488,2,0,4,2402210,1065.611352,4,245,4,170,0,318
318,564,524667,101286,3,0,8,3215923,1435.663267,3,323,6,191,1,259
259,448,320168,51343,4,0,3,2267890,1130.123206,1,262,7,187,1,292
292,519,277974,28398,5,0,9,2366207,1275.522529,8,300,14,269,1,222
222,401,155696,34267,6,0,0,2125647,977.8193714,8,228,9,214,0,171
171,254,139201,42700,7,0,0,1861828,732.8757837,2,174,5,134,3,103
103,270,91855,18791,8,26,0,869585,448.8789171,0,105,5,118,0,46
46,56,21651,3720,9,0,0,183802,195.6023935,0,46,0,43,0,18
18,25,4915,2015,10,0,0,70183,75.2502092,0,18,0,20,0,27
27,34,18878,2604,11,0,0,466786,111.7836923,0,27,0,35,0,27
27,38,18451,7705,12,0,0,114529,117.4525134,1,27,0,22,0,25
25,36,26334,18435,13,-40,0,255964,116.3242229,2,25,1,22,0,28
28,38,47906,18437,14,0,7,204268,128.6615147,1,28,0,30,1,55
55,121,983308,927598,15,0,7,344381,242.2998756,1,56,1,45,0,75
75,115,211063,136531,16,0,7,873333,341.0495783,2,76,0,69,1,78
78,113,136228,43472,17,0,14,1054336,357.8415706,1,80,4,70,1,93
93,149,119702,43476,18,84,15,1069952,411.4329278,1,94,5,70,0,91
91,150,381362,192382,19,95,16,730934,421.0144982,2,91,1,92,0,102
102,220,349018,136554,20,-16,7,841633,461.2645037,5,103,2,89,0,130
130,406,1178441,776827,21,0,8,1211275,601.0576386,4,137,12,94,0,90
90,131,98378,18936,22,0,2,781679,391.5465673,1,91,1,83,0,93
93,133,53965,4986,23,0,12,523006,403.1688868,2,93,2,112,1,138
138,225,213382,69281,0,9,2,800557,609.2962428,3,141,5,113,2,182
182,260,235480,64266,1,0,1,1429369,801.3625693,4,183,3,143,0,192
192,280,236565,81693,2,0,11,1444782,857.4166366,3,195,4,155,0,209
209,327,147611,12265,3,0,11,1926933,924.249542,4,214,3,145,0,212
212,305,1142158,965750,4,0,1,1803934,940.5323748,2,215,5,155,1,170
170,372,314949,97370,5,98,17,1297042,738.493203,7,175,13,171,2,139
139,208,181396,46181,6,54,5,974394,631.2131908,1,141,7,153,0,84
84,170,85410,17620,7,0,2,606309,365.2704195,3,86,3,77,0,79
79,113,28190,1394,8,0,1,723753,346.2005353,1,79,1,65,1,29
29,37,12278,2657,9,0,0,166412,121.1349485,0,29,0,26,0,18
18,28,42461,35016,10,0,5,340097,81.6452869,0,19,1,14,0,14
14,17,4427,1511,11,0,0,273295,58.8619127,0,14,0,6,0,15
15,18,8232,5701,12,0,0,355124,60.0677557,0,15,0,10,1,15
15,17,46695,11692,13,0,0,86274,66.0400041,0,15,0,10,0,22
22,30,73340,45864,14,0,0,205303,99.8951835,0,23,1,28,0,58
58,83,67721,9483,15,0,11,668539,261.7705479,4,58,1,61,0,90
90,159,155651,42513,16,12,21,1093214,401.5179535,5,91,3,85,0,144
144,239,444487,110467,17,0,22,1460411,662.2257665,4,146,2,157,0,165
165,394,1230035,778819,18,0,3,1706172,771.8106666,15,169,4,165,1,97
97,125,114939,15267,19,0,10,988515,449.2607133,3,98,1,81,1,76
76,107,139522,43611,20,0,26,745652,363.7064224,1,76,0,63,1,77
77,110,131738,21062,21,0,66,768605,341.8055383,2,78,0,83,2,8
8,24,659189,629252,22,0,185,53107,49.3574441,0,8,0,10,0,12
12,59,43049,27728,23,0,46,24149,59.2362046,2,12,0,11,0,14
14,38,16884,3747,0,0,47,167314,73.9533792,0,14,0,9,0,82
82,126,99482,18796,1,0,16,1028065,354.0045149,2,83,6,70,0,169
169,305,195132,33146,2,114,3,1774575,756.137077,6,173,12,166,2,165
165,267,215770,53235,3,0,0,1710501,749.4388033,9,172,9,148,0,187
187,380,172743,13683,4,0,0,2032502,837.9243516,7,190,6,233,2,201
201,322,442785,192633,5,0,1,2268289,910.1900596,5,203,6,226,2,207
207,443,210738,35074,6,0,0,2104587,926.1501881,12,209,8,195,1,149
149,240,135650,45874,7,70,0,1637686,633.2160972,3,152,7,141,1,76
76,92,64546,6538,8,0,0,724162,322.7963932,0,76,2,52,0,46
46,55,23159,3564,9,0,0,264633,191.6897982,1,46,0,44,0,23
23,30,21443,7706,10,0,0,291305,97.788332,0,23,0,16,0,19
19,31,10280,1892,11,0,0,240389,86.0844873,1,19,0,12,0,17
17,27,4809,1560,12,0,0,108988,80.368503,1,18,1,21,0,24
24,32,24206,2094,13,0,5,361909,95.9294032,0,24,0,35,0,32
32,57,34156,6578,14,0,1,412755,146.5966217,1,32,0,32,0,111
111,244,145364,17655,15,0,0,1393792,507.9849047,12,112,1,100,0,162
162,332,262412,40934,16,0,1,2176126,734.7921076,3,164,3,133,1,206
206,413,832388,299143,17,-14,3,2267052,915.9576984,3,220,20,207,1,135
135,342,178194,45878,18,0,15,1182560,606.565143,11,136,1,163,0,220
220,400,366060,62958,19,0,4,1898520,1011.95175,7,222,6,189,2,206
206,350,1108914,972268,20,9,0,1574821,913.311332,5,210,6,204,1,208
208,363,308694,42138,21,0,0,1738846,916.7966621,4,208,5,187,0,204
204,431,1852559,647364,22,0,0,1741770,936.6043379,18,206,4,213,1,217
217,354,589626,220704,23,0,0,1800374,971.7244207,3,220,5,197,0,170
170,613,1530592,1119820,0,0,42,1440563,761.4287655,17,180,10,195,0,331
331,504,633310,106277,1,0,1,2719529,1427.570251,15,336,10,334,1,264
264,404,646360,335803,2,0,0,1713537,1169.879636,11,269,6,228,0,336
336,554,482445,106280,3,0,1,3295804,1483.880245,6,341,10,256,1,201
201,386,238556,52990,4,38,0,1367465,883.483198,6,207,8,189,3,155
155,243,107019,21261,5,40,1,1386280,669.4070927,1,160,9,141,1,128
128,190,181058,81686,6,0,0,1214017,560.0506696,0,128,3,120,1,101
101,227,59774,6371,7,-33,0,1037782,439.8347765,3,104,4,79,0,68
68,118,113650,52991,8,0,0,1106028,304.2750528,4,69,1,47,0,38
38,50,23417,7156,9,0,0,621677,157.4870589,2,39,1,37,1,33
33,56,18287,4937,10,0,0,484439,143.8957756,2,33,0,19,0,54
54,69,14332,1137,11,0,0,240420,218.0730615,0,54,0,50,0,16
16,20,6940,1769,12,0,0,148988,65.5285072,0,16,0,8,0,5
5,8,3415,1332,13,0,8,30467,24.3111272,0,5,0,4,0,38
38,48,84385,67708,14,0,0,131477,159.097668,0,38,0,54,0,55
55,115,44579,18527,15,0,3,518805,236.4342397,3,55,1,44,0,81
81,115,61988,4021,16,0,1,414562,338.2686273,3,82,1,98,1,134
134,294,596186,136888,17,30,0,1157622,607.3986152,2,135,4,135,0,146
146,223,323457,123165,18,0,2,1484440,653.2290472,3,147,2,120,1,198
198,341,463398,136902,19,0,0,1693555,899.8458381,8,206,6,178,4,188
188,2004,415014,115682,20,100,0,1692617,854.9754199,8,189,4,174,1,318
318,507,397849,169456,21,0,3,3151043,1401.437836,7,328,15,290,2,176
176,411,1495489,783927,22,0,0,1252131,819.9537918,10,185,7,153,1,174
174,279,254217,108044,23,0,0,1222498,756.9826886,1,174,0,160,1,122
122,181,193828,70395,0,0,3,1056061,543.908731,5,124,3,120,0,139
139,247,100098,31940,1,0,21,1061315,600.4431538,3,140,1,150,2,150
150,248,136450,26014,2,0,8,1347589,655.1095399,6,156,3,140,1,156
156,221,105266,11403,3,0,1,1169399,665.0340879,1,159,3,130,1,164
164,343,374188,248311,4,0,0,1251489,698.5830779,6,168,8,158,0,157
157,259,189860,60006,5,0,1,1568461,660.4951615,4,159,9,139,0,163
163,253,108177,23566,6,0,0,1091037,705.0787281,5,165,6,181,1,103
103,163,71221,10857,7,0,0,975927,473.1483272,2,104,5,94,0,66
66,89,32928,4040,8,0,0,568541,278.4402571,0,66,1,58,0,31
31,41,18658,5126,9,0,0,450639,133.644461,0,31,0,29,0,31
31,46,222239,106307,10,91,0,549744,133.934358,0,32,1,24,0,17
17,24,24133,16115,11,0,0,372445,68.7328914,0,17,0,20,0,23
23,25,15897,1841,12,0,0,169365,98.0813564,0,23,0,13,0,17
17,22,8712,1718,13,0,0,244114,77.1287626,0,18,1,13,0,27
27,45,168791,147315,14,0,4,326946,129.1579548,0,28,0,19,0,43
43,57,125601,101580,15,0,0,485523,180.3177559,0,45,1,38,1,123
123,208,169487,67798,16,0,0,1176190,547.5326323,6,125,4,96,0,296
296,563,272668,42627,17,0,13,2204436,1351.204171,24,306,16,252,0,454
454,1117,793885,147343,18,35,24,5152573,2085.778585,27,475,27,388,0,738
738,4485,2204969,1065099,19,19,85,7961696,3256.970052,70,801,77,763,4,401
401,1014,474541,150510,20,0,0,3368314,1760.424175,22,411,13,355,0,303
303,614,503021,169499,21,9,1,3279971,1373.982113,7,314,17,262,2,326
326,491,330172,34841,22,0,2,3561206,1476.978949,8,328,3,317,2,283
283,480,240325,41045,23,100,1,2721584,1268.630818,7,292,16,230,3,262
262,387,247773,21655,0,0,2,2662763,1186.91312,6,263,2,245,0,205
205,369,1021992,787643,1,9,16,1224233,887.2394331,2,209,9,218,2,305
305,1185,1284138,1067636,2,0,36,2482776,1316.13358,14,325,33,274,1,279
279,451,515682,221411,3,0,2,2324893,1240.406843,14,282,6,277,1,221
221,382,204450,35699,4,0,2,1929834,946.6616773,6,225,6,207,1,173
173,278,112310,20711,5,0,3,1866820,742.4229157,5,174,1,154,0,173
173,319,177507,28555,6,0,2,2702318,757.8635654,2,174,11,147,0,119
119,167,188812,101625,7,0,0,1554760,520.1699999,4,121,2,104,0,68
68,86,28725,2367,8,0,0,677354,291.0683227,2,68,1,49,1,44
44,60,26138,5206,9,0,0,509448,190.4111518,1,44,1,43,0,6
6,9,1694,634,10,0,0,16836,24.6469847,0,6,0,1,0,85
85,92,26384,1555,11,0,0,867144,345.6455842,0,85,0,143,0,22
22,25,16519,5370,12,0,0,186233,92.0678599,0,22,0,25,0,19
19,21,31116,9513,13,0,0,99855,91.099488,0,20,0,17,0,34
34,59,44397,9513,14,0,5,1025012,162.8965185,1,34,1,17,0,67
67,135,1483903,986688,15,-36,68,1150969,325.3777237,3,69,1,77,0,130
130,271,216250,42715,16,-51,4,951764,589.4403502,7,131,1,118,0,208
208,358,573486,137103,17,0,4,2641842,968.319286,9,209,5,195,0,183
183,3079,669454,149612,18,-161,61,1911144,848.1605646,40,187,4,133,1,203
203,962,2976586,1070396,19,0,24,1812231,940.5555987,12,219,21,180,4,216
216,373,397229,124587,20,0,0,1981926,959.883084,13,221,7,200,4,161
161,310,302724,26039,21,78,36,1844514,748.2827244,10,165,9,154,2,157
157,264,242795,28555,22,0,23,1792276,704.738999,11,158,3,190,1,236
236,373,748720,137118,23,0,6,2383057,1083.02204,12,239,5,248,1,151
151,221,278136,67918,0,0,5,1289920,667.4616997,3,151,2,149,2,165
165,244,456629,137137,1,0,2,1490683,747.3538054,5,166,1,138,1,186
186,474,255745,73250,2,0,0,1318303,830.874118,10,188,3,201,1,215
215,452,474216,101596,3,0,2,2588349,930.9131289,5,220,13,193,2,296
296,520,2058248,1691203,4,0,6,2649226,1327.640193,12,300,8,307,2,387
387,757,771773,108702,5,0,1,3228881,1715.903575,15,392,12,372,1,238
238,423,508457,88020,6,85,1,2635084,1054.501322,4,247,13,240,1,209
209,299,175570,19119,7,16,9,1643241,883.4805553,4,217,8,265,1,105
105,151,80616,34216,8,0,0,564091,452.2058272,3,106,0,89,0,42
42,59,14249,1594,9,0,0,371381,184.884532,2,42,0,41,0,30
30,35,13115,2066,10,0,0,372232,128.5739553,1,30,0,28,1,28
28,35,15830,5046,11,0,0,863467,134.6005285,0,28,0,26,0,23
23,27,9588,3836,12,0,0,244187,101.3706827,0,23,0,24,0,49
49,66,31598,4978,13,0,0,467763,223.4766257,2,49,0,39,0,92
92,123,93662,17192,14,0,2,824936,392.5061436,1,92,0,86,0,99
99,198,174036,19429,15,0,1,1567458,482.3054585,5,102,4,103,1,167
167,280,478539,148177,16,0,25,1835827,774.1892477,5,168,2,151,1,222
222,382,592562,327749,17,0,9,2581780,1003.78336,10,224,3,203,4,359
359,537,580516,66720,18,0,8,3694844,1615.802401,10,367,6,283,0,395
395,638,1199109,230026,19,0,3,3202592,1746.001546,6,402,7,361,1,871
871,1309,924411,107475,20,-33,18,5916735,3913.860959,14,885,11,723,4,592
592,889,993339,239546,21,-100,10,4979265,2618.846042,14,598,8,602,0,336
336,551,1184824,505426,22,0,8,3152871,1487.180251,14,339,6,335,1,317
317,529,1249456,792950,23,0,2,2666865,1379.886604,11,323,8,314,2,297
297,404,315577,38056,0,0,4,2203429,1328.137709,1,301,8,274,1,230
230,411,200579,14996,1,0,11,1862478,1028.293987,7,233,6,213,0,266
266,1370,1279633,422741,2,11,22,2284103,1202.139917,17,269,8,230,1,238
238,581,385760,88082,3,0,10,2100512,1045.776328,6,245,9,225,1,263
263,1647,1103780,653855,4,-33,0,1816473,1128.835724,36,264,6,304,1,312
312,564,411382,102931,5,-12,0,3193745,1354.325638,11,326,14,382,3,234
234,510,361007,126628,6,47,0,1716890,1038.836765,7,244,14,232,2,172
172,334,316495,114628,7,0,0,1800359,758.4929974,7,173,3,191,0,111
111,147,200568,123003,8,0,0,1306808,472.0843744,2,112,2,96,0,45
45,75,410830,249394,9,0,0,1286130,197.3648218,4,45,0,41,0,38
38,52,30740,4474,10,0,0,619614,178.3691906,0,38,0,28,0,19
19,27,7627,1581,11,0,0,514603,82.1657285,0,19,1,20,0,31
31,38,31154,6456,12,0,0,239400,146.7997461,1,31,0,22,0,38
38,50,35728,9956,13,-92,0,553664,168.9894315,0,38,0,52,0,38
38,61,47147,9535,14,0,18,388492,166.426964,0,38,2,64,0,85
85,129,159435,68036,15,0,34,677156,376.984859,1,85,3,112,0,162
162,228,207024,20242,16,0,0,1913110,715.8689368,4,162,0,159,1,232
232,368,1054228,137290,17,0,5,2739189,1078.235056,11,235,5,240,2,313
313,449,730578,137290,18,0,7,2906722,1378.726732,8,316,3,326,3,327
327,728,1136388,794795,19,-100,8,3450463,1487.05431,24,344,23,304,1,287
287,1439,729415,172826,20,31,4,3046814,1313.975903,37,308,28,268,1,262
262,368,622065,137298,21,33,3,2026697,1165.267086,9,263,3,268,2,260
260,447,718020,106373,22,83,2,3116993,1167.092329,11,264,10,276,1,288
288,508,243073,21335,23,0,1,2284370,1247.082637,13,290,4,284,0,239
239,386,758836,172910,0,0,14,1968220,1102.197282,7,245,7,210,2,243
243,541,357102,70465,1,49,4,1762539,1056.352984,16,251,23,256,1,286
286,4134,905255,505495,2,-5,3670,3376287,1280.209644,18,297,10,311,0,250
250,381,534188,122983,3,0,13,2158413,1103.890432,5,263,11,219,4,350
350,540,489813,41972,4,0,15,4266518,1545.468466,9,361,15,319,1,89
89,107,112384,19938,5,0,15,793036,400.8196411,0,91,0,65,0,11
11,16,22128,8641,6,0,12,35188,51.6737305,0,11,0,11,0,11
11,224,689643,654789,7,-33,204,49665,53.3652839,3,11,0,14,0,7
7,25,113516,106373,8,0,48,70571,38.2547294,1,7,0,9,0,18
18,40,11027,2477,9,0,0,227601,85.0169585,0,18,0,16,0,12
12,14,43681,7706,10,0,0,60388,48.1157362,1,12,0,6,0,6
6,12,4325,2672,11,59,0,42561,24.0928844,0,7,1,5,0,6
6,12,4660,3328,12,-34,0,151515,30.9081839,1,10,3,2,0,5
5,6,3900,3031,13,0,0,18446,19.9339781,1,5,0,3,0,24
24,42,104704,67203,14,116,0,469988,109.4187423,1,24,4,18,0,29
29,52,61017,23822,15,112,0,682405,145.692019,1,38,15,29,0,35
35,58,60797,14749,16,173,1,407914,164.2284055,2,40,9,23,0,58
58,87,99835,55132,17,228,0,309463,246.9913052,0,67,16,50,0,87
87,135,73216,7760,18,95,1,761800,386.3964322,3,101,14,51,0,59
59,85,128016,38254,19,19,0,522981,260.9141545,0,65,3,46,1,38
38,74,48252,31442,20,152,71,265655,163.5605143,1,41,2,23,0,37
37,67,126407,31445,21,-24,4,244605,165.6906809,2,40,2,29,0,46
46,217,1185280,1085380,22,11,601,371052,197.3795769,5,58,18,38,0,50
50,200,1096660,797953,23,100,0,370570,228.787791,5,63,26,64,1,34
34,42,30542,15276,0,0,3,346464,146.5297286,0,35,0,44,0,67
67,107,68628,8965,1,96,0,580684,297.4725303,0,70,3,64,0,51
51,221,185957,129105,2,-49,2,335138,216.4247434,4,87,53,33,0,26
26,36,35812,5009,3,0,3,306322,117.5923837,0,28,0,21,0,53
53,189,702981,655224,4,213,0,433652,230.399235,4,60,12,39,0,21
21,66,152920,137443,5,-20,2,205185,88.6915363,1,36,23,20,0,17
17,22,4407,1580,6,0,0,194442,67.7488589,0,17,0,10,1,41
41,51,39177,15778,7,140,0,257812,173.7077857,0,45,5,33,0,30
30,47,29363,14085,8,-64,0,369605,123.9416855,0,32,1,14,0,16
16,26,9283,2978,9,0,0,220674,62.6594995,0,17,0,15,0,11
11,11,12665,7712,10,0,0,237870,42.8199687,0,11,0,5,0,12
12,17,12383,4610,11,45,0,247909,47.8983895,0,12,1,6,0,21
21,39,20476,5012,12,3,0,867467,95.5201652,1,23,2,13,0,10
10,11,15874,13750,13,0,0,52450,44.4528677,0,10,0,12,0,7
7,12,5134,1987,14,-24,1,100221,34.9788129,0,8,0,2,0,19
19,32,285388,264235,15,0,3,210415,91.065817,1,19,0,14,0,105
105,147,123657,17365,16,117,1,772397,474.6464396,5,121,11,79,0,162
162,715,482425,115202,17,325,6,1296888,727.0495444,24,186,30,130,2,99
99,194,321328,106445,18,220,35,733796,446.1753552,8,119,16,73,1,156
156,306,213728,21346,19,563,14,961725,706.9415819,14,173,20,114,1,199
199,497,1129481,485681,20,158,0,1885490,905.7036912,7,214,17,154,2,223
223,814,1515885,738070,21,615,0,1603677,1020.079671,18,281,54,187,2,154
154,644,263686,34817,22,343,12,840340,696.7413619,9,182,37,101,1,193
193,397,593870,162721,23,335,767,1888260,832.1216777,4,213,32,131,1,102
102,240,375571,149271,0,253,90,462454,437.4763239,7,113,21,82,0,49
49,114,346869,154479,1,153,364,145994,212.7496268,1,55,8,36,0,18
18,36,56094,21481,2,0,22,186189,79.7190285,1,18,0,10,0,32
32,104,837861,804392,3,137,535,324629,151.7206721,3,38,10,30,2,13
13,26,29565,23546,4,0,39,77667,52.3406479,2,13,1,18,0,14
14,18,11432,5558,5,0,0,182581,53.4572084,1,14,0,13,0,14
14,15,8971,3138,6,0,10,85807,66.2461584,1,15,0,9,0,14
14,16,6542,1647,7,0,2,234661,54.2500982,0,14,0,8,0,10
10,21,5661,1721,8,71,0,58125,40.8126345,0,12,1,4,0,3
3,3,293,110,9,0,0,20203,11.9148761,0,3,0,0,0,19
19,21,18984,7712,10,0,0,210002,84.1141746,0,20,1,13,0,1
1,3,843,843,11,0,1,4255,4.56516,0,1,0,1,0,3
3,3,6527,5026,12,0,0,164261,14.577408,0,3,0,2,0,5
5,9,19755,12993,13,71,32,95686,28.2367255,0,6,1,4,0,6
6,6,3555,1592,14,0,0,293511,25.9930668,0,6,0,4,0,7
7,10,3223,1331,15,-57,0,79334,31.1367829,0,8,0,5,0,12
12,18,7667,2426,16,0,2,226557,50.4496676,0,12,1,9,0,25
25,46,62808,36434,17,-107,3,307581,110.378235,1,29,1,21,0,35
35,45,19266,2491,18,0,6,218496,153.0932677,0,35,1,32,0,36
36,687,341180,99590,19,-28,738,283868,164.3952251,33,39,2,25,1,34
34,44,149997,107771,20,100,16,365407,150.7497786,1,36,2,27,0,60
60,93,75053,18757,21,-13,24,555404,265.5181697,6,67,7,50,0,51
51,540,2277073,1134505,22,-68,1356,210357,227.7402889,12,61,15,41,1,62
62,242,574281,264337,23,-257,82,627818,277.0634262,8,64,4,35,1,51
51,241,231322,117403,0,20,86,531934,225.0058751,7,54,3,28,0,133
133,202,199425,55235,1,344,5,1149767,567.1483732,6,141,12,84,1,143
143,441,128613,17805,2,195,1,1027647,646.5892814,11,168,18,105,1,150
150,432,269100,151319,3,252,5,1831649,658.3914873,4,196,54,137,1,75
75,166,3047722,2914574,4,29,139,683104,328.5490057,6,79,6,51,0,158
158,392,459021,132896,5,277,6,1859693,687.6917072,4,202,45,110,0,143
143,575,377190,250409,6,262,0,1379054,634.0299443,16,161,29,78,0,136
136,304,313901,65917,7,288,1,1321796,584.969286,5,157,39,78,0,114
114,163,127558,15789,8,115,0,1166399,495.2072637,4,120,4,61,0,112
112,164,71661,9715,9,237,0,936568,485.5405329,2,122,11,60,0,96
96,166,197215,62775,10,-21,2,749349,419.9365403,3,101,10,23,0,55
55,74,38932,14461,11,100,2,742485,233.3409567,1,55,2,29,0,66
66,100,177603,149768,12,108,1,785359,291.7019525,1,68,7,30,1,54
54,85,51096,8340,13,-54,1,663457,243.3359739,1,61,7,22,0,116
116,185,217998,98990,14,407,2,1303043,512.5682668,3,126,18,77,0,194
194,5217,198913,50049,15,457,6090,1412751,828.3631168,3,210,91,106,1,309
309,570,836982,137720,16,640,5,2912047,1328.018814,11,345,43,191,1,273
273,1422,2607892,485977,17,549,716,3718064,1207.154487,26,291,45,175,3,466
466,1380,3275928,939626,18,869,315,3301657,2071.150741,32,506,61,274,3,3046
3046,6483,8476815,1028363,19,-299,65,27480698,13848.6579,189,3048,146,1913,12,3146
3146,5191,6397022,338732,20,-301,56,26141830,14187.46838,87,3148,147,2127,16,3783
3783,8536,7600053,1136698,21,-167,64,29293849,16966.39375,167,3783,138,2428,16,3947
3947,6540,8904142,1007826,22,-366,107,29874921,17699.10261,87,3948,158,2424,12,5403
5403,8617,9991148,814188,23,-764,115,43814318,24342.40837,147,5407,197,2711,22,12512
12512,21476,34595066,3987242,0,9202,165,122168222,57718.31948,185,12973,985,4486,23,8859
8859,12332,17784294,1496388,1,-665,162,97952170,41063.14564,94,8864,567,2621,24,10329
10329,14567,20430372,2754446,2,33,338,93073917,47708.7143,123,10331,675,3622,45,8199
8199,12197,14774499,825925,3,1358,126,81600308,38283.77332,86,8303,952,2479,38,3818
3818,7408,4744987,656414,4,2908,690,26083649,17390.29298,35,4126,451,1423,10,980
980,1708,1703850,447020,5,1031,453,7000852,4369.698117,13,1042,111,679,1,599
599,12599,2322495,1133592,6,457,43280,4243825,2662.171646,102,790,355,453,0,746
746,1140,880302,128189,7,1059,1,5606888,3278.136281,3,785,87,508,0,384
384,505,493563,144593,8,255,0,2975033,1659.824283,2,394,21,251,0,165
165,458,65293,7118,9,49,0,1273414,714.6219707,0,310,206,88,1,115
115,128,251454,108328,10,100,0,2443640,494.0626961,0,115,2,86,1,86
86,99,247043,47063,11,0,0,1814290,384.2618807,0,86,0,55,0,102
102,122,66918,45843,12,100,0,503141,430.7946699,1,103,5,48,0,127
127,172,136670,41615,13,66,9,1184049,548.5819428,2,129,5,89,0,150
150,214,95856,16104,14,150,0,1348200,672.7401553,5,155,14,90,1,163
163,266,141314,43016,15,266,31,1395194,750.6564664,3,166,8,100,0,256
256,351,173098,23896,16,299,8,1762759,1126.598425,1,261,8,214,1,282
282,506,212988,39314,17,220,22,1694749,1247.679715,3,289,14,183,0,468
468,591,332336,36730,18,332,5,2966835,2050.920424,5,474,17,367,1,389
389,7432,1550300,1147875,19,650,7,3219179,1738.334452,92,681,556,277,0,45
45,48,31989,5546,20,78,1,268417,192.2056309,1,47,3,23,0,39
39,47,20267,5546,21,-11,0,191952,157.8805026,1,39,0,11,0,26
26,31,6025,1602,22,-33,0,258801,101.8520901,0,26,0,7,0,30
30,39,11220,5825,23,0,0,132966,124.9996555,0,30,0,11,0,36
36,36,35037,15281,0,0,0,200772,145.5714307,0,36,0,19,0,26
26,27,3322,1549,1,0,0,114581,99.4796619,0,26,0,6,0,24
24,25,5488,1304,2,0,0,84122,92.589046,0,24,0,7,0,22
22,24,13652,10005,3,0,0,139788,89.3309251,0,22,0,9,0,13
13,21,8032,3447,4,0,0,102306,53.3164914,0,13,0,7,0,20
20,24,61488,55202,5,0,0,95072,85.0967135,1,20,0,10,0,12
12,13,9403,6643,6,0,0,120344,51.1111113,0,12,0,6,0,15
15,17,4691,1145,7,0,0,104637,61.6554712,0,15,0,8,0,4
4,4,2000,1649,8,0,0,59483,19.3720372,0,4,0,2,0,2
2,2,622,511,9,0,0,28852,8.4559794,0,2,0,0,0,1
1,1,44,44,10,0,0,1661,3.849377,0,1,0,0,0,2
2,2,5190,4827,11,0,0,43858,14.140736,0,2,0,2,0,1
1,1,363,363,12,0,0,15260,6.164793,0,1,0,1,0,1
1,1,113,113,13,0,0,10162,3.9769728,0,1,0,0,0,2
2,2,113,113,14,0,0,10163,8.210574,0,2,0,1,0,4
4,5,4537,4309,15,0,0,64503,16.7883146,0,4,0,0,0,14
14,16,5767,1545,16,0,0,201010,69.65032,0,14,0,3,0,8
8,20,109963,106623,17,0,0,113321,40.5869759,1,8,0,2,0,6
6,11,563,190,18,67,0,24719,24.2385723,0,8,3,2,0,11
11,12,4447,750,19,0,0,131586,56.2838718,0,11,0,9,0,14
14,14,6168,1651,20,0,0,230684,58.6425531,0,14,0,13,0,18
18,18,5096,1679,21,0,0,130504,71.8839653,0,18,0,6,0,16
16,21,17465,9637,22,53,0,210287,71.0329511,0,19,3,5,0,3
3,3,546,244,23,0,0,13830,12.1682804,0,3,0,1,0,9
9,9,12460,9636,0,0,0,56941,39.1546085,0,9,0,4,0,9
9,10,6984,5952,1,0,0,142781,39.2598223,0,9,0,1,0,4
4,4,733,400,2,0,0,31061,16.5182518,0,4,0,0,0,3
3,3,331,185,3,0,0,15971,11.9471035,0,3,0,4,0,2
2,2,222,111,4,0,0,20465,8.2215743,0,2,0,0,0,7
7,8,2436,872,5,0,0,27101,28.9290485,0,7,0,3,0,3
3,5,150,97,6,0,0,927,12.8036126,0,3,0,4,0,3
3,3,333,111,7,0,0,30714,12.6598128,0,3,0,0,0,2
2,2,123,111,8,0,0,10314,8.1554419,0,2,0,0,0,3
3,3,316,111,9,0,0,22786,12.3784335,0,3,0,0,0,4
4,4,1363,1219,10,0,0,13978,16.2213365,0,4,0,2,0,0
0,0,0,0,11,0,0,0,0,0,0,0,0,0,1
1,1,111,111,12,0,0,10251,4.2647448,0,1,0,0,0,0
0,0,0,0,13,0,0,0,0,0,0,0,0,0,3
3,3,261,111,14,0,0,20595,11.8313206,0,3,0,0,0,3
3,3,1919,1697,15,0,0,26118,15.6607837,0,3,0,0,0,4
4,4,1720,749,16,0,0,58023,22.6835114,0,4,0,0,0,5
5,6,9198,4032,17,0,0,199204,29.9492396,0,5,0,4,0,4
4,4,13088,11195,18,0,0,28029,15.9812259,0,4,0,2,0,6
6,6,1681,1146,19,0,0,150553,24.2049797,0,6,0,1,0,4
4,8,5061,1650,20,-100,0,103939,16.1811443,0,6,0,10,0,5
5,11,10634,9651,21,150,0,53103,23.6012425,0,7,9,5,0,3
3,3,333,111,22,0,0,30845,12.5580416,0,3,0,0,0,6
6,7,1382,904,23,0,0,45127,26.0214985,0,6,0,0,0,8
8,9,1472,646,0,0,0,68165,33.1524381,0,8,0,3,0,8
8,12,3427,1429,1,0,0,53229,36.5803003,0,9,2,8,0,7
7,7,3508,2968,2,0,0,59233,27.5073981,0,7,0,0,0,8
8,13,108575,106677,3,100,0,113918,36.1852968,0,12,10,4,0,7
7,7,2032,1194,4,0,0,156578,31.5053114,0,7,0,3,0,2
2,2,146,113,5,0,0,10736,8.0880167,0,2,0,0,0,2
2,2,1811,1650,6,0,0,31954,7.2058387,0,2,0,5,0,2
2,2,226,113,7,0,0,20643,8.5351091,0,2,0,0,0,1
1,1,1174,1174,8,0,0,1983,4.111477,0,1,0,0,0,1
1,1,113,113,9,0,0,10323,4.2658415,0,1,0,0,0,0
0,0,0,0,10,0,0,0,0,0,0,0,0,0,1
1,1,113,113,11,0,0,10324,4.0188975,0,1,0,0,0,1
1,1,140,140,12,0,0,232,3.9207265,0,1,0,0,0,0
0,0,0,0,13,0,0,0,0,0,0,0,0,0,2
2,2,163,113,14,0,0,10416,8.0342579,0,2,0,0,0,1
1,1,1419,1419,15,0,0,14561,7.4099226,0,1,0,1,0,2
2,5,3230,1615,16,100,0,26233,6.8478295,0,2,4,4,0,8
8,8,2168,748,17,0,0,99542,39.0892459,0,8,0,0,0,6
6,8,4447,3456,18,0,0,90252,28.0251151,1,6,0,2,0,4
4,4,1886,1651,19,0,0,52014,15.5488721,0,4,0,3,0,6
6,6,4066,3107,20,0,0,127893,23.8474031,0,6,0,2,0,7
7,23,8835,4919,21,100,0,70317,31.3878406,1,13,16,5,0,7
7,8,793,158,22,0,0,55165,27.7594896,0,7,0,4,0,1
1,1,12590,12590,23,0,0,3605,7.3723707,0,1,0,0,0,4
4,4,7491,6658,0,0,0,69182,19.0936411,0,4,0,3,0,3
3,3,644,511,1,0,0,20008,11.0364036,0,3,0,3,0,3
3,3,3102,2969,2,0,0,4329,11.7863774,0,3,0,0,0,4
4,4,4170,3885,3,0,0,26015,16.561265,0,4,0,0,0,2
2,2,44,44,4,0,0,695,7.6245434,0,2,0,1,0,3
3,3,1848,1651,5,0,0,37908,11.4175126,0,3,0,5,0,8
8,8,1775,903,6,0,0,60138,31.9579066,0,8,0,7,0,2
2,2,358,247,7,0,0,12910,8.0727818,0,2,0,0,0,2
2,2,93,54,8,0,0,725,7.8912627,0,2,0,3,0,2
2,2,27,23,9,0,0,265,7.6858348,0,2,0,3,0,0
0,0,0,0,10,0,0,0,0,0,0,0,0,0,2
2,2,469,358,11,0,0,25649,10.3801933,0,2,0,1,0,1
1,1,111,111,12,0,0,10373,4.1161532,0,1,0,0,0,2
2,2,1737,1626,13,0,0,175657,8.2187447,0,2,0,1,0,1
1,1,263,263,14,0,0,6508,3.205469,0,1,0,3,0,1
1,1,744,744,15,0,0,18785,7.0098763,0,1,0,0,0,2
2,2,113,111,16,0,0,10386,7.8784368,0,2,0,0,0,4
4,5,1184,744,17,0,0,44623,20.587127,0,4,0,1,0,5
5,5,1078,744,18,0,0,49938,23.4563413,0,5,0,1,0,4
4,5,1376,745,19,0,0,31055,19.7889918,0,4,0,3,0,6
6,6,6275,4067,20,0,0,71083,34.3959414,0,6,0,3,0,9
9,16,30995,28590,21,0,0,313666,44.2199856,1,10,0,4,0,1
1,2,228,228,22,0,0,6289,4.1973653,0,1,0,0,0,3
3,4,1625,1303,23,0,0,30264,15.2867885,0,3,0,2,0,6
6,8,4868,4260,0,0,0,35540,27.0823416,0,6,0,3,0,1
1,1,40,40,1,0,0,1385,4.044509,0,1,0,0,0,1
1,1,3463,3463,2,0,0,49549,3.6679218,0,1,0,2,0,2
2,4,6604,6494,3,100,0,96083,11.640955,0,3,2,3,0,2
2,2,895,785,4,0,0,14734,7.9161291,0,2,0,3,0,4
4,4,987,731,5,0,0,26065,15.2778296,0,4,0,1,0,1
1,1,110,110,6,0,0,10396,4.11069,0,1,0,0,0,4
4,6,265,110,7,100,0,21371,16.2328015,0,4,2,0,0,2
2,2,1601,1490,8,0,0,157438,8.3713803,0,2,0,0,0,0
0,0,0,0,9,0,0,0,0,0,0,0,0,0,0
0,0,0,0,10,0,0,0,0,0,0,0,0,0,1
1,1,358,358,11,0,0,3423,3.8428688,0,1,0,0,0,0
