1,6,5346,5346,23,0,0,205642,4.12683,0,1,1,0,0,0
0,0,0,0,0,0,0,0,0,0,0,0,0,0,0
0,0,0,0,1,0,0,0,0,0,0,0,0,0,0
0,0,0,0,2,0,0,0,0,0,0,0,0,0,0
0,0,0,0,3,0,0,0,0,0,0,0,0,0,0
0,0,0,0,4,0,0,0,0,0,0,0,0,0,0
0,0,0,0,5,0,0,0,0,0,0,0,0,0,0
0,0,0,0,6,0,0,0,0,0,0,0,0,0,0
0,0,0,0,7,0,0,0,0,0,0,0,0,0,0
0,0,0,0,8,0,0,0,0,0,0,0,0,0,0
0,0,0,0,9,0,0,0,0,0,0,0,0,0,0
0,0,0,0,10,0,0,0,0,0,0,0,0,0,0
0,0,0,0,11,0,0,0,0,0,0,0,0,0,0
0,0,0,0,12,0,0,0,0,0,0,0,0,0,0
0,0,0,0,13,0,0,0,0,0,0,0,0,0,0
0,0,0,0,14,0,0,0,0,0,0,0,0,0,0
0,0,0,0,15,0,0,0,0,0,0,0,0,0,0
0,0,0,0,16,0,0,0,0,0,0,0,0,0,0
0,0,0,0,17,0,0,0,0,0,0,0,0,0,0
0,0,0,0,18,0,0,0,0,0,0,0,0,0,0
0,0,0,0,19,0,0,0,0,0,0,0,0,0,0
0,0,0,0,20,0,0,0,0,0,0,0,0,0,0
0,0,0,0,21,0,0,0,0,0,0,0,0,0,0
0,0,0,0,22,0,0,0,0,0,0,0,0,0,0
0,0,0,0,23,0,0,0,0,0,0,0,0,0,0
0,0,0,0,0,0,0,0,0,0,0,0,0,0,0
0,0,0,0,1,0,0,0,0,0,0,0,0,0,0
0,0,0,0,2,0,0,0,0,0,0,0,0,0,0
0,0,0,0,3,0,0,0,0,0,0,0,0,0,0
0,0,0,0,4,0,0,0,0,0,0,0,0,0,0
0,0,0,0,5,0,0,0,0,0,0,0,0,0,0
0,0,0,0,6,0,0,0,0,0,0,0,0,0,0
0,0,0,0,7,0,0,0,0,0,0,0,0,0,0
0,0,0,0,8,0,0,0,0,0,0,0,0,0,0
0,0,0,0,9,0,0,0,0,0,0,0,0,0,0
0,0,0,0,10,0,0,0,0,0,0,0,0,0,0
0,0,0,0,11,0,0,0,0,0,0,0,0,0,0
0,0,0,0,12,0,0,0,0,0,0,0,0,0,0
0,0,0,0,13,0,0,0,0,0,0,0,0,0,0
0,0,0,0,14,0,0,0,0,0,0,0,0,0,0
0,0,0,0,15,0,0,0,0,0,0,0,0,0,0
0,0,0,0,16,0,0,0,0,0,0,0,0,0,0
0,0,0,0,17,0,0,0,0,0,0,0,0,0,0
0,0,0,0,18,0,0,0,0,0,0,0,0,0,1
1,128,1561,1561,19,0,139,8990,4.0763984,0,1,1,0,0,0
0,0,0,0,20,0,0,0,0,0,0,0,0,0,0
0,0,0,0,21,0,0,0,0,0,0,0,0,0,0
0,0,0,0,22,0,0,0,0,0,0,0,0,0,0
0,0,0,0,23,0,0,0,0,0,0,0,0,0,0
0,0,0,0,0,0,0,0,0,0,0,0,0,0,0
0,0,0,0,1,0,0,0,0,0,0,0,0,0,0
0,0,0,0,2,0,0,0,0,0,0,0,0,0,0
0,0,0,0,3,0,0,0,0,0,0,0,0,0,0
0,0,0,0,4,0,0,0,0,0,0,0,0,0,1
1,4,33,33,5,0,0,5,6.352194,0,1,1,0,0,0
0,0,0,0,6,0,0,0,0,0,0,0,0,0,0
0,0,0,0,7,0,0,0,0,0,0,0,0,0,0
0,0,0,0,8,0,0,0,0,0,0,0,0,0,0
0,0,0,0,9,0,0,0,0,0,0,0,0,0,0
0,0,0,0,10,0,0,0,0,0,0,0,0,0,0
0,0,0,0,11,0,0,0,0,0,0,0,0,0,0
0,0,0,0,12,0,0,0,0,0,0,0,0,0,0
0,0,0,0,13,0,0,0,0,0,0,0,0,0,0
0,0,0,0,14,0,0,0,0,0,0,0,0,0,1
1,2,48,48,15,0,0,263,3.8926399,0,1,0,1,0,0
0,0,0,0,16,0,0,0,0,0,0,0,0,0,0
0,0,0,0,17,0,0,0,0,0,0,0,0,0,0
0,0,0,0,18,0,0,0,0,0,0,0,0,0,0
0,0,0,0,19,0,0,0,0,0,0,0,0,0,0
0,0,0,0,20,0,0,0,0,0,0,0,0,0,0
0,0,0,0,21,0,0,0,0,0,0,0,0,0,0
0,0,0,0,22,0,0,0,0,0,0,0,0,0,0
0,0,0,0,23,0,0,0,0,0,0,0,0,0,0
0,0,0,0,0,0,0,0,0,0,0,0,0,0,0
0,0,0,0,1,0,0,0,0,0,0,0,0,0,0
0,0,0,0,2,0,0,0,0,0,0,0,0,0,0
0,0,0,0,3,0,0,0,0,0,0,0,0,0,0
0,0,0,0,4,0,0,0,0,0,0,0,0,0,0
0,0,0,0,5,0,0,0,0,0,0,0,0,0,0
0,0,0,0,6,0,0,0,0,0,0,0,0,0,0
0,0,0,0,7,0,0,0,0,0,0,0,0,0,0
0,0,0,0,8,0,0,0,0,0,0,0,0,0,0
0,0,0,0,9,0,0,0,0,0,0,0,0,0,0
0,0,0,0,10,0,0,0,0,0,0,0,0,0,0
0,0,0,0,11,0,0,0,0,0,0,0,0,0,0
0,0,0,0,12,0,0,0,0,0,0,0,0,0,0
0,0,0,0,13,0,0,0,0,0,0,0,0,0,0
0,0,0,0,14,0,0,0,0,0,0,0,0,0,0
0,0,0,0,15,0,0,0,0,0,0,0,0,0,0
0,0,0,0,16,0,0,0,0,0,0,0,0,0,1
1,3,2785,2785,17,0,0,48774,3.7587082,0,1,1,1,0,0
0,0,0,0,18,0,0,0,0,0,0,0,0,0,0
0,0,0,0,19,0,0,0,0,0,0,0,0,0,0
0,0,0,0,20,0,0,0,0,0,0,0,0,0,0
0,0,0,0,21,0,0,0,0,0,0,0,0,0,0
0,0,0,0,22,0,0,0,0,0,0,0,0,0,0
0,0,0,0,23,0,0,0,0,0,0,0,0,0,0
0,0,0,0,0,0,0,0,0,0,0,0,0,0,0
0,0,0,0,1,0,0,0,0,0,0,0,0,0,0
0,0,0,0,2,0,0,0,0,0,0,0,0,0,0
0,0,0,0,3,0,0,0,0,0,0,0,0,0,1
1,12,53957,53957,4,0,0,20603,3.2095282,0,1,1,0,0,1
1,2,1320,1320,5,0,0,283,4.2112265,0,1,0,0,0,0
0,0,0,0,6,0,0,0,0,0,0,0,0,0,0
0,0,0,0,7,0,0,0,0,0,0,0,0,0,0
0,0,0,0,8,0,0,0,0,0,0,0,0,0,0
0,0,0,0,9,0,0,0,0,0,0,0,0,0,0
0,0,0,0,10,0,0,0,0,0,0,0,0,0,0
0,0,0,0,11,0,0,0,0,0,0,0,0,0,0
0,0,0,0,12,0,0,0,0,0,0,0,0,0,0
0,0,0,0,13,0,0,0,0,0,0,0,0,0,0
0,0,0,0,14,0,0,0,0,0,0,0,0,0,0
0,0,0,0,15,0,0,0,0,0,0,0,0,0,0
0,0,0,0,16,0,0,0,0,0,0,0,0,0,0
0,0,0,0,17,0,0,0,0,0,0,0,0,0,0
0,0,0,0,18,0,0,0,0,0,0,0,0,0,0
0,0,0,0,19,0,0,0,0,0,0,0,0,0,0
0,0,0,0,20,0,0,0,0,0,0,0,0,0,0
0,0,0,0,21,0,0,0,0,0,0,0,0,0,0
0,0,0,0,22,0,0,0,0,0,0,0,0,0,0
0,0,0,0,23,0,0,0,0,0,0,0,0,0,0
0,0,0,0,0,0,0,0,0,0,0,0,0,0,0
0,0,0,0,1,0,0,0,0,0,0,0,0,0,0
0,0,0,0,2,0,0,0,0,0,0,0,0,0,0
0,0,0,0,3,0,0,0,0,0,0,0,0,0,0
0,0,0,0,4,0,0,0,0,0,0,0,0,0,0
0,0,0,0,5,0,0,0,0,0,0,0,0,0,0
0,0,0,0,6,0,0,0,0,0,0,0,0,0,0
0,0,0,0,7,0,0,0,0,0,0,0,0,0,0
0,0,0,0,8,0,0,0,0,0,0,0,0,0,0
0,0,0,0,9,0,0,0,0,0,0,0,0,0,0
0,0,0,0,10,0,0,0,0,0,0,0,0,0,0
0,0,0,0,11,0,0,0,0,0,0,0,0,0,0
0,0,0,0,12,0,0,0,0,0,0,0,0,0,0
0,0,0,0,13,0,0,0,0,0,0,0,0,0,0
0,0,0,0,14,0,0,0,0,0,0,0,0,0,0
0,0,0,0,15,0,0,0,0,0,0,0,0,0,1
1,6,2554,2554,16,0,0,2324,4.0209475,0,1,1,4,0,0
0,0,0,0,17,0,0,0,0,0,0,0,0,0,2
2,5,2946,2793,18,0,0,52982,7.342591,0,2,1,1,0,0
0,0,0,0,19,0,0,0,0,0,0,0,0,0,0
0,0,0,0,20,0,0,0,0,0,0,0,0,0,0
0,0,0,0,21,0,0,0,0,0,0,0,0,0,0
0,0,0,0,22,0,0,0,0,0,0,0,0,0,0
0,0,0,0,23,0,0,0,0,0,0,0,0,0,0
0,0,0,0,0,0,0,0,0,0,0,0,0,0,0
0,0,0,0,1,0,0,0,0,0,0,0,0,0,0
0,0,0,0,2,0,0,0,0,0,0,0,0,0,0
0,0,0,0,3,0,0,0,0,0,0,0,0,0,1
1,38,184559,184559,4,0,0,44197,4.037143,1,1,1,2,0,0
0,0,0,0,5,0,0,0,0,0,0,0,0,0,0
0,0,0,0,6,0,0,0,0,0,0,0,0,0,0
0,0,0,0,7,0,0,0,0,0,0,0,0,0,0
0,0,0,0,8,0,0,0,0,0,0,0,0,0,0
0,0,0,0,9,0,0,0,0,0,0,0,0,0,0
0,0,0,0,10,0,0,0,0,0,0,0,0,0,0
0,0,0,0,11,0,0,0,0,0,0,0,0,0,0
0,0,0,0,12,0,0,0,0,0,0,0,0,0,0
0,0,0,0,13,0,0,0,0,0,0,0,0,0,0
0,0,0,0,14,0,0,0,0,0,0,0,0,0,0
0,0,0,0,15,0,0,0,0,0,0,0,0,0,0
0,0,0,0,16,0,0,0,0,0,0,0,0,0,0
0,0,0,0,17,0,0,0,0,0,0,0,0,0,0
0,0,0,0,18,0,0,0,0,0,0,0,0,0,0
0,0,0,0,19,0,0,0,0,0,0,0,0,0,0
0,0,0,0,20,0,0,0,0,0,0,0,0,0,0
0,0,0,0,21,0,0,0,0,0,0,0,0,0,0
0,0,0,0,22,0,0,0,0,0,0,0,0,0,0
0,0,0,0,23,0,0,0,0,0,0,0,0,0,0
0,0,0,0,0,0,0,0,0,0,0,0,0,0,0
0,0,0,0,1,0,0,0,0,0,0,0,0,0,0
0,0,0,0,2,0,0,0,0,0,0,0,0,0,0
0,0,0,0,3,0,0,0,0,0,0,0,0,0,0
0,0,0,0,4,0,0,0,0,0,0,0,0,0,0
0,0,0,0,5,0,0,0,0,0,0,0,0,0,0
0,0,0,0,6,0,0,0,0,0,0,0,0,0,0
0,0,0,0,7,0,0,0,0,0,0,0,0,0,0
0,0,0,0,8,0,0,0,0,0,0,0,0,0,0
0,0,0,0,9,0,0,0,0,0,0,0,0,0,0
0,0,0,0,10,0,0,0,0,0,0,0,0,0,0
0,0,0,0,11,0,0,0,0,0,0,0,0,0,0
0,0,0,0,12,0,0,0,0,0,0,0,0,0,0
0,0,0,0,13,0,0,0,0,0,0,0,0,0,0
0,0,0,0,14,0,0,0,0,0,0,0,0,0,0
0,0,0,0,15,0,0,0,0,0,0,0,0,0,0
0,0,0,0,16,0,0,0,0,0,0,0,0,0,0
0,0,0,0,17,0,0,0,0,0,0,0,0,0,0
0,0,0,0,18,0,0,0,0,0,0,0,0,0,0
0,0,0,0,19,0,0,0,0,0,0,0,0,0,0
0,0,0,0,20,0,0,0,0,0,0,0,0,0,0
0,0,0,0,21,0,0,0,0,0,0,0,0,0,0
0,0,0,0,22,0,0,0,0,0,0,0,0,0,1
1,2,153,153,23,0,2,69,6.418528,0,1,0,0,0,0
0,0,0,0,0,0,0,0,0,0,0,0,0,0,0
0,0,0,0,1,0,0,0,0,0,0,0,0,0,0
0,0,0,0,2,0,0,0,0,0,0,0,0,0,1
1,27,54357,54357,3,0,0,20617,3.2378855,0,1,1,0,0,0
0,0,0,0,4,0,0,0,0,0,0,0,0,0,1
1,31,363,363,5,0,0,1551,3.197557,0,1,1,6,0,0
0,0,0,0,6,0,0,0,0,0,0,0,0,0,0
0,0,0,0,7,0,0,0,0,0,0,0,0,0,0
0,0,0,0,8,0,0,0,0,0,0,0,0,0,0
0,0,0,0,9,0,0,0,0,0,0,0,0,0,0
0,0,0,0,10,0,0,0,0,0,0,0,0,0,0
0,0,0,0,11,0,0,0,0,0,0,0,0,0,0
0,0,0,0,12,0,0,0,0,0,0,0,0,0,0
0,0,0,0,13,0,0,0,0,0,0,0,0,0,0
0,0,0,0,14,0,0,0,0,0,0,0,0,0,0
0,0,0,0,15,0,0,0,0,0,0,0,0,0,0
0,0,0,0,16,0,0,0,0,0,0,0,0,0,0
0,0,0,0,17,0,0,0,0,0,0,0,0,0,0
0,0,0,0,18,0,0,0,0,0,0,0,0,0,0
0,0,0,0,19,0,0,0,0,0,0,0,0,0,0
0,0,0,0,20,0,0,0,0,0,0,0,0,0,2
2,25,71204,35602,21,0,0,201904,7.9383556,3,2,2,2,0,0
0,0,0,0,22,0,0,0,0,0,0,0,0,0,0
0,0,0,0,23,0,0,0,0,0,0,0,0,0,0
0,0,0,0,0,0,0,0,0,0,0,0,0,0,0
0,0,0,0,1,0,0,0,0,0,0,0,0,0,0
0,0,0,0,2,0,0,0,0,0,0,0,0,0,0
0,0,0,0,3,0,0,0,0,0,0,0,0,0,0
0,0,0,0,4,0,0,0,0,0,0,0,0,0,0
0,0,0,0,5,0,0,0,0,0,0,0,0,0,0
0,0,0,0,6,0,0,0,0,0,0,0,0,0,0
0,0,0,0,7,0,0,0,0,0,0,0,0,0,0
0,0,0,0,8,0,0,0,0,0,0,0,0,0,0
0,0,0,0,9,0,0,0,0,0,0,0,0,0,0
0,0,0,0,10,0,0,0,0,0,0,0,0,0,0
0,0,0,0,11,0,0,0,0,0,0,0,0,0,0
0,0,0,0,12,0,0,0,0,0,0,0,0,0,0
0,0,0,0,13,0,0,0,0,0,0,0,0,0,0
0,0,0,0,14,0,0,0,0,0,0,0,0,0,0
0,0,0,0,15,0,0,0,0,0,0,0,0,0,0
0,0,0,0,16,0,0,0,0,0,0,0,0,0,0
0,0,0,0,17,0,0,0,0,0,0,0,0,0,0
0,0,0,0,18,0,0,0,0,0,0,0,0,0,1
1,7,1110,1110,19,0,0,4923,3.7756467,0,2,2,0,0,0
0,0,0,0,20,0,0,0,0,0,0,0,0,0,0
0,0,0,0,21,0,0,0,0,0,0,0,0,0,0
0,0,0,0,22,0,0,0,0,0,0,0,0,0,0
0,0,0,0,23,0,0,0,0,0,0,0,0,0,0
0,0,0,0,0,0,0,0,0,0,0,0,0,0,0
0,0,0,0,1,0,0,0,0,0,0,0,0,0,0
0,0,0,0,2,0,0,0,0,0,0,0,0,0,0
0,0,0,0,3,0,0,0,0,0,0,0,0,0,0
0,0,0,0,4,0,0,0,0,0,0,0,0,0,0
0,0,0,0,5,0,0,0,0,0,0,0,0,0,0
0,0,0,0,6,0,0,0,0,0,0,0,0,0,0
0,0,0,0,7,0,0,0,0,0,0,0,0,0,0
0,0,0,0,8,0,0,0,0,0,0,0,0,0,0
0,0,0,0,9,0,0,0,0,0,0,0,0,0,0
0,0,0,0,10,0,0,0,0,0,0,0,0,0,0
0,0,0,0,11,0,0,0,0,0,0,0,0,0,0
0,0,0,0,12,0,0,0,0,0,0,0,0,0,0
0,0,0,0,13,0,0,0,0,0,0,0,0,0,0
0,0,0,0,14,0,0,0,0,0,0,0,0,0,0
0,0,0,0,15,0,0,0,0,0,0,0,0,0,0
0,0,0,0,16,0,0,0,0,0,0,0,0,0,0
0,0,0,0,17,0,0,0,0,0,0,0,0,0,0
0,0,0,0,18,0,0,0,0,0,0,0,0,0,0
0,0,0,0,19,0,0,0,0,0,0,0,0,0,2
2,4,22049,18751,20,0,0,19056,7.5776927,0,2,0,0,0,1
1,7,7282,7282,21,0,0,5234,4.0577946,1,1,1,2,0,0
0,0,0,0,22,0,0,0,0,0,0,0,0,0,0
0,0,0,0,23,0,0,0,0,0,0,0,0,0,0
0,0,0,0,0,0,0,0,0,0,0,0,0,0,1
1,15,2063,2063,1,0,4,5089,3.6151273,0,1,1,0,0,0
0,0,0,0,2,0,0,0,0,0,0,0,0,0,1
1,233,4063,4063,3,0,0,24920,5.3358827,2,6,6,0,0,0
0,0,0,0,4,0,0,0,0,0,0,0,0,0,0
0,0,0,0,5,0,0,0,0,0,0,0,0,0,0
0,0,0,0,6,0,0,0,0,0,0,0,0,0,0
0,0,0,0,7,0,0,0,0,0,0,0,0,0,0
0,0,0,0,8,0,0,0,0,0,0,0,0,0,0
0,0,0,0,9,0,0,0,0,0,0,0,0,0,0
0,0,0,0,10,0,0,0,0,0,0,0,0,0,0
0,0,0,0,11,0,0,0,0,0,0,0,0,0,0
0,0,0,0,12,0,0,0,0,0,0,0,0,0,0
0,0,0,0,13,0,0,0,0,0,0,0,0,0,0
0,0,0,0,14,0,0,0,0,0,0,0,0,0,1
1,35,124850,124850,15,0,20,58018,3.497841,0,1,1,0,0,1
1,55,124848,124848,16,0,0,58021,4.2883406,0,1,1,0,0,0
0,0,0,0,17,0,0,0,0,0,0,0,0,0,0
0,0,0,0,18,0,0,0,0,0,0,0,0,0,0
0,0,0,0,19,0,0,0,0,0,0,0,0,0,0
0,0,0,0,20,0,0,0,0,0,0,0,0,0,0
0,0,0,0,21,0,0,0,0,0,0,0,0,0,0
0,0,0,0,22,0,0,0,0,0,0,0,0,0,0
0,0,0,0,23,0,0,0,0,0,0,0,0,0,0
0,0,0,0,0,0,0,0,0,0,0,0,0,0,0
0,0,0,0,1,0,0,0,0,0,0,0,0,0,0
0,0,0,0,2,0,0,0,0,0,0,0,0,0,0
0,0,0,0,3,0,0,0,0,0,0,0,0,0,0
0,0,0,0,4,0,0,0,0,0,0,0,0,0,0
0,0,0,0,5,0,0,0,0,0,0,0,0,0,0
0,0,0,0,6,0,0,0,0,0,0,0,0,0,0
0,0,0,0,7,0,0,0,0,0,0,0,0,0,0
0,0,0,0,8,0,0,0,0,0,0,0,0,0,0
0,0,0,0,9,0,0,0,0,0,0,0,0,0,2
2,13,1976,988,10,0,0,38784,6.8500463,0,2,2,4,0,1
1,111,565,565,11,0,0,955,3.9633818,4,1,1,2,0,1
1,89,657626,657626,12,0,0,22296,4.1185246,0,1,1,2,0,0
0,0,0,0,13,0,0,0,0,0,0,0,0,0,1
1,14,14915,14915,14,0,0,18524,4.0292535,1,1,1,3,0,1
1,2,126,126,15,0,0,1132,3.4354517,0,1,0,0,0,1
1,74,38905,38905,16,0,0,2507,4.2439857,2,1,1,0,0,0
0,0,0,0,17,0,0,0,0,0,0,0,0,0,1
1,2,82,82,18,0,0,87,3.4674692,0,1,0,0,0,5
5,104,215748,185116,19,0,11,104155,21.324036,3,5,5,4,0,4
4,27,38752,32726,20,0,0,176321,16.5990082,1,4,2,0,0,1
1,3,19482,19482,21,0,0,48546,3.8480303,0,1,1,1,0,5
5,15,12273,9543,22,0,0,43199,18.6636576,1,5,3,3,0,6
6,159,415113,185188,23,0,0,100590,27.7520276,1,6,4,4,0,3
3,69,41340,31163,0,0,0,57474,13.8049509,3,3,3,4,0,6
6,1140,1126876,1101000,1,0,12,62573,22.87598,5,6,4,0,0,12
12,1262,237390,124437,2,0,1,195222,48.0187941,15,12,11,7,0,6
6,1377,149354,58062,3,0,0,59738,24.4607886,12,6,4,1,0,0
0,0,0,0,4,0,0,0,0,0,0,0,0,0,0
0,0,0,0,5,0,0,0,0,0,0,0,0,0,0
0,0,0,0,6,0,0,0,0,0,0,0,0,0,0
0,0,0,0,7,0,0,0,0,0,0,0,0,0,0
0,0,0,0,8,0,0,0,0,0,0,0,0,0,0
0,0,0,0,9,0,0,0,0,0,0,0,0,0,0
0,0,0,0,10,0,0,0,0,0,0,0,0,0,0
0,0,0,0,11,0,0,0,0,0,0,0,0,0,1
1,4,130,130,12,0,0,269,3.4568136,0,1,1,0,0,1
1,12,14938,14938,13,0,0,18554,3.9893732,0,1,1,2,0,0
0,0,0,0,14,0,0,0,0,0,0,0,0,0,0
0,0,0,0,15,0,0,0,0,0,0,0,0,0,1
1,2,405,405,16,0,0,31718,3.2730923,0,1,0,2,0,2
2,16,56391,54740,17,0,0,31228,7.0462077,0,2,2,2,0,1
1,9,54740,54740,18,0,0,20656,3.1599424,0,1,1,0,0,1
1,19,18082,18082,19,0,0,3846,3.560876,0,1,1,0,0,0
0,0,0,0,20,0,0,0,0,0,0,0,0,0,1
1,43,101716,101716,21,0,0,72120,4.1704364,1,1,1,2,0,2
2,8,186626,164559,22,0,0,80377,7.4622717,0,2,2,5,0,2
2,267,1241371,1239300,23,0,1,56578,8.7298144,4,2,2,0,0,0
0,0,0,0,0,0,0,0,0,0,0,0,0,0,1
1,3,15076,15076,1,0,0,39826,4.3562975,0,1,1,0,0,4
4,260,32407,30757,2,0,6,32904,17.0383055,2,4,5,2,0,1
1,3,144592,144592,3,0,0,93597,6.762922,0,1,1,2,0,0
0,0,0,0,4,0,0,0,0,0,0,0,0,0,0
0,0,0,0,5,0,0,0,0,0,0,0,0,0,0
0,0,0,0,6,0,0,0,0,0,0,0,0,0,0
0,0,0,0,7,0,0,0,0,0,0,0,0,0,0
0,0,0,0,8,0,0,0,0,0,0,0,0,0,0
0,0,0,0,9,0,0,0,0,0,0,0,0,0,1
1,7,5676,5676,10,0,0,213324,4.1442285,0,1,1,0,0,0
0,0,0,0,11,0,0,0,0,0,0,0,0,0,0
0,0,0,0,12,0,0,0,0,0,0,0,0,0,0
0,0,0,0,13,0,0,0,0,0,0,0,0,0,0
0,0,0,0,14,0,0,0,0,0,0,0,0,0,1
1,6,17586,17586,15,0,0,4920,4.2067857,0,1,1,0,0,2
2,18,10377,9857,16,0,1,4583,7.6473678,0,2,2,3,0,1
1,7,54857,54857,17,0,0,20661,3.2161906,0,1,1,0,0,3
3,25,92891,92506,18,0,0,18991,9.9619694,0,3,1,2,0,6
6,36,109173,72665,19,0,1,199090,23.8751536,1,6,2,16,0,1
1,54,1794,1794,20,0,0,1428,4.169172,0,1,1,0,0,3
3,9,29847,9949,21,0,0,393399,11.664392,0,3,2,0,0,1
1,7,6,6,22,0,0,1,3.5710695,0,1,1,0,0,0
0,0,0,0,23,0,0,0,0,0,0,0,0,0,2
2,10,87885,87505,0,0,0,55512,8.2512025,0,2,1,2,0,0
0,0,0,0,1,0,0,0,0,0,0,0,0,0,0
0,0,0,0,2,0,0,0,0,0,0,0,0,0,0
0,0,0,0,3,0,0,0,0,0,0,0,0,0,0
0,0,0,0,4,0,0,0,0,0,0,0,0,0,3
3,195,112332,82069,5,0,0,118759,12.2539694,2,3,2,1,0,1
1,14,5880,5880,6,0,0,63397,4.252603,0,1,1,1,0,0
0,0,0,0,7,0,0,0,0,0,0,0,0,0,0
0,0,0,0,8,0,0,0,0,0,0,0,0,0,1
1,48,5883,5883,9,0,0,63409,4.0895543,0,1,2,1,0,0
0,0,0,0,10,0,0,0,0,0,0,0,0,0,0
0,0,0,0,11,0,0,0,0,0,0,0,0,0,0
0,0,0,0,12,0,0,0,0,0,0,0,0,0,1
1,476,1113947,1113947,13,0,0,27821,4.5976863,4,1,1,0,0,1
1,3,132,132,14,0,2,445,4.2165956,0,1,1,0,0,0
0,0,0,0,15,0,0,0,0,0,0,0,0,0,2
2,8,45681,42953,16,0,0,155606,7.5210446,0,2,1,2,0,1
1,34,2380,2380,17,0,0,33694,4.174387,0,1,1,0,0,0
0,0,0,0,18,0,0,0,0,0,0,0,0,0,4
4,46,58198,46538,19,0,37,212898,15.0466744,2,4,2,0,0,2
2,12,19010,18867,20,0,0,18568,8.4478869,0,2,1,0,0,2
2,170,81261,68924,21,0,0,19180,8.1766247,1,2,2,0,0,1
1,12,4151,4151,22,0,0,25267,4.1610436,0,1,1,0,0,1
1,15,61549,61549,23,0,0,22187,3.791397,0,1,1,1,0,3
3,46,143631,61555,0,0,0,179176,15.5907973,2,3,3,0,0,1
1,10,1664,1664,1,0,1,1667,4.266575,0,1,1,0,0,3
3,49,17313,14459,2,0,0,214633,14.1744778,0,3,1,0,0,2
2,21,51834,46485,3,0,0,92485,7.3061888,3,2,2,7,0,1
1,2,67,67,4,0,0,291,3.9195185,0,1,0,0,0,2
2,8,1609,1596,5,0,0,1292,6.5440918,0,2,1,0,0,1
1,10,339632,339632,6,0,0,89201,4.530801,0,1,1,0,0,1
1,25,13100,13100,7,0,0,13202,3.192961,0,1,1,1,0,0
0,0,0,0,8,0,0,0,0,0,0,0,0,0,19
19,27,121967,41410,9,0,0,2160708,77.4802738,1,19,0,12,0,16
16,16,63117,18880,10,0,0,1524946,64.1876963,0,16,0,2,0,31
31,39,110757,33524,11,2,0,2273864,133.105911,0,34,1,4,0,21
21,69,78757,18883,12,7,0,2499950,97.9735286,1,22,1,3,0,42
42,65,261873,62456,13,0,0,1943238,196.3668233,1,45,3,37,0,59
59,97,333633,99236,14,0,0,1808387,282.1727755,4,59,1,26,0,72
72,122,476744,99246,15,0,3,4711345,320.0354359,5,75,2,27,0,115
115,324,548977,32027,16,-6,3,4924778,532.0293006,7,126,9,57,0,243
243,993,2769712,1245784,17,-33,6,8676447,1164.877866,28,285,41,85,0,200
200,367,1131536,339740,18,44,0,7164322,904.6262162,7,216,14,74,0,152
152,360,1213548,99282,19,113,0,4663438,748.7399895,1,173,20,61,1,182
182,399,865655,61625,20,-30,5,6245057,859.4233703,6,190,7,54,0,152
152,316,1409937,339818,21,105,0,6172095,701.2548315,5,162,12,56,0,195
195,476,2896797,1116963,22,91,0,7861251,946.5469884,9,223,62,66,0,134
134,423,665589,61644,23,63,1,5848118,599.3732599,7,142,12,69,0,123
123,330,496763,92915,0,67,0,9066615,551.7051653,7,125,5,65,1,74
74,219,524669,88719,1,0,5,4508937,302.4583178,4,75,1,52,0,75
75,124,1516212,1117321,2,0,11,3117550,325.3111582,1,81,8,24,0,62
62,109,666831,339939,3,74,53,3710572,275.2571191,0,66,3,21,0,64
64,138,284325,34356,4,0,32,3519439,299.1415918,2,66,2,27,0,83
83,139,593866,339955,5,0,1,4570090,349.2558626,3,84,0,25,0,80
80,96,212863,14536,6,0,0,5332451,353.6212157,0,81,1,12,0,41
41,51,143585,49515,7,0,0,2684299,172.8484924,0,41,0,13,0,22
22,30,75870,18900,8,0,0,1805981,90.723859,0,22,0,6,0,20
20,24,42018,10019,9,-62,0,1725607,82.9108276,0,22,0,7,0,41
41,41,77850,18903,10,0,0,2450076,164.946936,0,41,0,7,0,45
45,56,70993,18904,11,0,0,3256299,186.6105956,0,46,0,5,0,40
40,46,190324,73539,12,0,2,3949712,179.044311,0,40,0,13,0,59
59,96,220077,38439,13,0,0,5673751,259.9856708,0,62,3,24,0,49
49,68,495941,261471,14,0,0,3167741,237.0009633,1,50,1,25,0,111
111,270,660815,99393,15,63,5,4058415,494.7440575,6,114,7,55,0,152
152,304,1026883,99404,16,0,5,6560908,690.4433757,6,157,5,52,0,211
211,330,1007878,65837,17,0,0,11839847,927.2595891,6,218,6,87,0,175
175,302,848520,99423,18,0,1,7599790,782.2028833,7,176,4,82,0,103
103,265,571034,61754,19,0,13,3733562,494.2945223,6,104,2,66,0,158
158,295,999604,87419,20,0,0,10235461,688.4557176,3,163,5,83,0,173
173,358,896568,61757,21,96,3,10046991,766.2766487,7,178,8,77,0,131
131,268,764706,82360,22,100,1,5717313,622.3245513,2,144,13,77,0,191
191,293,759662,61765,23,0,0,6223851,824.6046989,11,195,3,98,0,107
107,212,895961,126735,0,19,0,4615033,481.4140501,4,113,5,54,0,113
113,394,850243,88190,1,0,1,6649405,487.1930683,7,118,5,74,0,104
104,193,567919,52078,2,0,3,5926613,446.4093528,2,110,5,30,0,154
154,459,1009185,126745,3,0,1,9619688,651.9138589,9,158,2,67,0,101
101,159,568945,87964,4,0,0,5292199,447.7366906,3,103,4,32,0,61
61,80,339970,46598,5,0,0,4435287,266.3772421,0,61,1,18,0,63
63,77,329686,65825,6,91,0,5476736,262.7770882,0,65,2,12,0,30
30,33,50647,18923,7,0,0,784394,124.8137634,1,30,0,7,0,5
5,5,7699,7343,8,0,0,363499,19.8146363,0,5,0,0,0,25
25,32,107537,33840,9,0,0,3410795,104.0470645,0,25,1,1,0,7
7,8,30740,18924,10,0,0,655880,27.7276511,0,7,0,2,0,5
5,8,36027,22645,11,0,3,402288,26.9480835,0,5,0,1,0,14
14,23,54189,18924,12,0,4,951628,60.7731987,0,14,0,6,0,36
36,95,719264,340474,13,0,24,1982649,167.0855498,1,37,2,33,0,31
31,77,238180,46601,14,0,35,1935105,151.0388138,2,32,2,13,0,56
56,116,226234,46606,15,0,39,1510925,257.5654737,2,56,1,93,0,186
186,309,923258,126824,16,-17,7,5978399,823.9677579,5,194,10,103,0,201
201,413,1358844,126833,17,95,4,7968538,939.5642162,8,213,12,127,0,227
227,494,2807145,778949,18,35,1,8870305,1075.299626,11,242,17,124,2,165
165,724,1835119,1249281,19,96,18,4549425,766.7093235,7,185,24,114,1,278
278,671,1367939,145714,20,27,7,8462096,1259.153582,20,306,26,170,1,225
225,402,1648137,340471,21,0,6,9277711,1045.882769,7,237,7,108,0,210
210,517,1702550,340476,22,77,0,6381567,1014.621623,19,220,9,100,3,216
216,648,1845005,687841,23,23,2,8586572,1034.01821,13,231,19,148,1,230
230,574,1506023,340512,0,44,3,6912072,1015.134163,7,252,23,103,0,97
97,154,919165,340518,1,53,4,3884394,440.3866078,0,103,7,49,0,146
146,233,737253,62538,2,0,4,6907206,670.6583272,3,148,1,73,1,115
115,186,570520,111656,3,92,0,7233778,516.0464408,3,117,3,58,0,95
95,158,290463,18935,4,0,3,4146280,442.3589943,5,96,0,48,1,113
113,133,383216,100576,5,0,1,5162404,482.748086,0,113,0,57,1,65
65,90,229414,21556,6,-35,0,4118051,267.7318347,1,66,2,31,0,69
69,87,138026,21557,7,0,0,2801471,280.1669087,0,69,0,34,0,47
47,63,166732,18936,8,0,2,3510909,227.6190366,1,47,1,31,0,19
19,24,53982,18938,9,0,0,1328090,81.4274382,1,19,0,11,0,14
14,15,30577,18938,10,0,0,600062,59.890232,0,14,0,2,0,18
18,20,30733,21556,11,0,0,817013,80.8144351,0,18,0,2,0,36
36,43,94655,18938,12,-60,0,1614163,148.0597694,0,38,0,17,0,64
64,169,344046,67245,13,-44,1,2194778,279.8907372,5,68,5,81,0,35
35,68,140932,32109,14,100,1,781324,153.6759004,0,36,4,41,0,53
53,95,568812,364672,15,0,12,2431217,236.7617127,0,54,0,31,0,102
102,1385,679621,125819,16,0,3,4760026,472.816165,6,111,10,62,0,128
128,785,649428,127092,17,0,1,5035853,572.3876991,9,131,4,50,0,186
186,291,1372124,340687,18,47,0,5495318,825.1658252,3,194,9,77,1,111
111,241,546393,67258,19,85,13,2495358,500.1170455,2,116,9,58,0,161
161,378,920069,134740,20,0,4,4827162,703.5596317,7,170,9,76,0,155
155,289,666664,46611,21,75,0,7763235,686.3944553,6,163,11,80,0,161
161,465,2472960,1124779,22,0,0,5983466,723.4527529,5,170,12,78,2,168
168,323,1160385,340756,23,-33,0,7712693,742.8972914,7,177,6,79,0,181
181,370,542455,61886,0,44,0,6465447,817.4443357,6,190,9,72,0,126
126,299,1187750,470936,1,100,32,4143681,564.23376,4,131,12,65,0,163
163,361,1601051,340798,2,51,4,7234275,729.590481,8,167,8,80,2,199
199,326,511883,62584,3,-33,2,9059517,902.0149972,1,204,4,93,0,116
116,383,1510684,340823,4,0,0,5695638,523.4212238,11,124,14,59,1,143
143,218,505420,127293,5,0,0,4714937,628.7768006,6,143,4,62,0,114
114,150,499189,66010,6,-63,0,3626987,503.2128035,2,116,2,43,0,99
99,130,281312,49590,7,0,4,2466029,458.6143122,0,100,1,30,0,58
58,71,140167,49590,8,0,0,1285956,251.1558843,0,58,0,19,2,69
69,85,52471,14739,9,0,1,2282594,296.9136141,0,71,0,12,0,53
53,99,154398,34046,10,81,3,2555348,219.3849776,0,57,7,14,0,8
8,15,50060,47796,11,0,0,119439,32.0784373,0,8,0,9,0,9
9,48,558137,545703,12,0,36,146610,43.2577805,0,10,2,6,0,113
113,256,1929154,1251324,13,-8,9,2258568,511.7531298,3,117,5,53,0,162
162,399,2050687,1251579,14,0,47,3098537,757.6735891,2,165,8,63,1,441
441,979,2586557,566736,15,50,517,8847876,1972.243573,21,449,21,219,3,577
577,1440,2785889,197661,16,209,20,11337225,2672.731941,23,659,128,256,4,671
671,1546,2531540,710569,17,1,9,12276955,3019.044278,15,786,85,276,2,841
841,1885,2477432,340932,18,136,31,16094957,3855.022123,25,897,91,292,3,585
585,1050,1895623,218308,19,50,36,9072798,2708.130056,12,606,27,169,1,1109
1109,1930,4020565,357314,20,233,6,20416928,5112.106818,22,1139,46,382,2,1042
1042,1848,4748030,519512,21,211,19,18624246,4815.21211,34,1087,70,351,2,863
863,1574,3830549,710567,22,75,3,12297335,3965.692373,28,888,49,361,0,1041
1041,2180,5213358,567057,23,250,20,18423629,4917.775508,35,1134,136,369,4,6098
6098,12351,22047303,1645374,0,215,84,82886627,28385.45015,137,6553,931,1378,12,6605
6605,13550,35770867,5650104,1,100,110,101460014,30881.01902,175,7417,1099,1577,10,5041
5041,10604,23949038,1142852,2,943,1407,78582353,23875.71483,167,5634,830,1034,11,14610
14610,30277,41314152,1454190,3,1568,164,200226648,68331.63268,412,15720,1863,2988,50,9353
9353,18319,32990374,1655716,4,1086,99,124465133,42994.62442,249,9805,704,2293,23,1510
1510,3486,6834874,1428140,5,221,8,34194210,6782.899321,45,1585,132,530,2,841
841,1476,7929929,3068555,6,189,16,20475461,3846.511315,27,872,48,250,1,657
657,1962,4131012,1087312,7,-11,4,20848934,3104.636643,23,702,70,225,1,450
450,986,1696313,341222,8,123,1,14465952,2047.375897,16,468,36,121,1,245
245,350,331650,46700,9,0,2,10859015,1080.30539,3,247,2,53,1,173
173,228,304801,26918,10,-26,2,6219888,781.4988434,3,177,3,43,0,214
214,557,1741205,781141,11,167,2,7923497,991.0801967,3,266,96,87,0,236
236,463,2136158,667750,12,102,5,5488770,1099.863085,11,247,21,104,1,385
385,747,1626688,341247,13,120,2,12628019,1833.621517,18,449,91,164,1,425
425,736,2753800,636561,14,191,82,11337599,2000.820991,9,438,23,156,2,615
615,1788,2919134,341268,15,914,30,15474242,2888.707737,36,675,142,198,2,980
980,2290,6156555,1398780,16,431,28,20990045,4388.254909,42,1036,123,329,3,924
924,4748,8434983,791969,17,267,13,21796030,4341.130513,59,1073,304,332,4,818
818,1844,8360934,3032500,18,-52,16,20243681,3800.791777,30,877,79,303,4,498
498,1253,3906698,1674701,19,70,351,14387053,2228.483903,11,526,78,473,0,662
662,1838,4083348,1083773,20,110,3,19027416,3003.323204,27,723,172,380,1,557
557,1233,5858963,3068706,21,282,9,16439723,2594.022602,20,576,35,251,4,476
476,1088,1495478,121556,22,107,10,12322269,2168.249695,12,586,168,204,1,392
392,687,1894672,259638,23,170,5,12889585,1763.423334,13,404,21,162,1,435
435,1128,2525703,648335,0,-76,4,10887103,2021.942741,15,530,54,211,3,215
215,1295,1386954,341510,1,23,1062,3967350,999.5573552,8,227,14,101,1,294
294,956,1453472,325480,2,92,11,8160197,1345.928835,13,361,148,166,1,429
429,571,1729426,697679,3,84,11,9242656,1797.645416,3,434,14,148,2,276
276,555,982058,88896,4,22,6,8361030,1196.088414,9,332,114,116,0,201
201,432,755681,88281,5,0,3,6496985,891.6095605,9,204,11,81,0,177
177,490,947777,341588,6,41,1,8689632,773.9236229,8,281,222,46,0,128
128,201,551729,145562,7,62,0,7764818,565.1998135,1,132,10,42,0,108
108,240,172198,19030,8,31,0,6848278,471.9370496,0,188,125,24,0,71
71,100,1802602,1677117,9,0,0,2225112,304.6814986,1,71,1,16,0,58
58,212,509698,284170,10,73,0,3575532,263.3143462,2,182,130,12,0,62
62,93,190009,22720,11,100,0,2219142,267.4535484,2,64,4,49,0,86
86,123,326412,70034,12,0,2,3641451,386.3120901,5,86,1,74,0,163
163,359,3152087,2544185,13,86,1,7342157,740.9936663,11,171,13,65,0,124
124,206,1026865,341662,14,0,10,3577073,584.9259316,3,124,2,57,1,197
197,444,1146948,341678,15,157,26,11841834,893.8047666,10,226,60,90,0,276
276,510,2549121,1215862,16,135,2,12191951,1278.965607,8,288,20,98,0,328
328,750,2075308,848917,17,204,3,11191667,1504.148896,14,387,115,137,0,342
342,600,940418,96360,18,-158,2,9437508,1615.518571,14,351,12,184,0,173
173,669,712192,341861,19,12,3,5154581,786.4115775,2,201,41,80,1,273
273,524,916453,93799,20,100,0,6942363,1235.595553,11,276,3,134,1,14
14,56,153303,47985,21,15,34,376697,69.1817146,0,15,2,10,0,28
28,68,670195,341993,22,0,46,854611,148.4095311,1,28,0,17,0,221
221,813,2749063,926830,23,-82,3,8252235,989.2365206,7,295,27,98,0,239
239,463,2060503,849097,0,0,3,6824821,1057.413787,4,243,6,99,2,183
183,289,685361,126959,1,-63,23,6776311,838.2715486,7,189,4,82,0,243
243,462,745632,62920,2,35,2,6315494,1092.336708,16,246,3,90,1,196
196,406,698823,104737,3,0,1,5352677,874.7708435,4,223,35,60,0,193
193,598,1229309,146533,4,117,2,6477799,868.0019902,9,226,51,77,0,2356
2356,7283,6335091,357142,5,1499,27,43112657,11025.65751,117,2524,332,656,4,1423
1423,2980,2892717,198373,6,495,6,30475774,6491.939252,56,1509,150,365,2,496
496,1128,1273502,167398,7,167,2,14593776,2242.366366,18,526,61,157,0,287
287,519,1045274,282827,8,4,0,7122981,1254.408166,8,294,6,78,0,140
140,252,206254,48073,9,45,0,5400006,596.9786745,1,190,51,24,0,132
132,174,180130,52855,10,0,0,3635836,574.9473378,0,132,2,36,1,205
205,358,1251124,808608,11,100,1,7117595,956.5553532,7,208,6,95,0,408
408,2019,2599416,935271,12,35,3,12590800,1817.018708,21,455,78,178,3,664
664,1886,3229139,935527,13,247,5,11839599,3118.972639,24,761,464,255,4,517
517,878,2213768,342312,14,-137,35,10321435,2348.718875,14,535,22,169,2,543
543,1448,3311132,936326,15,350,208,10887102,2524.7514,17,561,34,237,1,563
563,1279,3085625,567739,16,120,248,10627625,2639.657956,23,600,60,242,3,482
482,916,2080363,342364,17,96,17,9759599,2151.445565,12,497,18,178,2,478
478,816,1930687,226575,18,176,29,7712261,2172.680755,13,521,88,213,1,379
379,1056,7777442,5952028,19,103,27,7355921,1757.038267,15,397,27,143,1,417
417,877,2810154,660439,20,122,67,9796955,1871.938899,18,452,36,166,0,392
392,989,2511499,648104,21,78,103,7372901,1786.657857,15,446,82,201,1,350
350,726,1416149,266357,22,-83,33,7950429,1591.507214,10,387,24,133,0,411
411,1102,11424639,4342780,23,126,86,9485800,1937.094262,25,451,88,164,0,512
512,992,2182847,534210,0,1,28,10660953,2317.289515,19,580,87,262,1,494
494,934,2010638,522012,1,263,6,11605013,2233.984762,15,575,190,248,1,596
596,1648,4444789,511966,2,171,6,18873346,2689.968535,30,631,45,214,2,382
382,874,5039932,3033160,3,240,14,9002362,1759.678867,16,435,153,166,0,381
381,893,1569056,418173,4,43,2,9051760,1723.763973,19,415,53,184,0,300
300,808,1191921,512164,5,71,6,8997918,1332.530436,8,318,27,101,0,179
179,317,621693,94286,6,53,1,7962098,782.5078544,3,182,8,95,0,141
141,231,263214,52143,7,71,0,4546691,609.2514509,0,170,71,50,0,149
149,184,1113417,871223,8,0,0,7021822,624.6406039,0,149,2,30,1,67
67,125,286368,48085,9,-26,2,4015353,300.5292435,2,91,24,16,0,43
43,99,80395,19079,10,-57,1,3615321,187.5900418,1,77,19,16,0,63
63,147,282671,130565,11,15,14,2861069,307.7108971,2,97,52,24,0,83
83,152,376028,44208,12,0,8,3747399,408.9405442,1,84,1,40,0,163
163,404,1264901,469755,13,138,22,3307305,745.2152325,3,186,41,75,0,152
152,287,789516,141179,14,57,19,3820922,709.0829793,7,155,8,74,0,660
660,1472,11303092,4795526,15,108,313,16136646,3295.35523,34,729,76,191,2,523
523,1162,13526084,9348861,16,153,35,12490361,2503.549229,19,541,32,189,1,738
738,1317,2777336,648423,17,343,5,22233021,3355.608847,29,750,28,335,0,597
597,1341,3510232,512280,18,91,0,14929156,2770.558998,36,620,35,258,3,366
366,1963,2459238,928950,19,70,3136,8377030,1674.735982,19,391,33,194,3,236
236,601,2165916,784509,20,23,42,7793952,1091.085938,11,243,12,96,0,252
252,589,4080137,1398849,21,130,73,5624495,1169.133712,5,264,24,82,0,84
84,265,16659447,4798815,22,0,1004,3344397,468.5831599,3,85,3,21,0,67
67,606,5296271,3033992,23,0,1502,1889272,367.3453487,15,67,4,32,0,36
36,2821,1018519,343057,0,0,2833,952367,180.777311,42,36,0,17,0,320
320,1071,2706178,343059,1,12,345,10130300,1487.954983,11,400,78,145,0,601
601,1773,2314814,534352,2,118,17,15117210,2722.851946,44,806,362,272,1,742
742,1156,1335999,128919,3,330,5,17486125,3086.747864,9,752,46,209,4,442
442,1374,2250570,1009199,4,79,1,11592828,2025.355263,16,528,113,194,1,379
379,694,3823242,3033532,5,162,0,11844788,1653.391214,6,446,85,122,4,247
247,362,513659,60572,6,0,0,9572459,1148.829873,8,250,4,88,0,177
177,333,427071,45142,7,78,0,7651990,824.8978663,3,221,110,60,0,152
152,195,304716,65623,8,-3,0,4268777,644.1851416,3,153,2,52,0,99
99,224,169909,19097,9,-49,0,3295872,424.9626987,5,164,51,29,0,57
57,70,99185,19098,10,0,0,3527785,244.5341482,0,57,2,19,0,89
89,133,301276,41011,11,0,0,5649344,400.3218216,3,91,0,53,0,124
124,281,435065,97127,12,-1,0,2659807,568.748355,0,190,62,60,0,197
197,1525,1143628,648906,13,14,4,3455905,918.7480751,52,211,23,103,0,254
254,636,829510,100516,14,103,23,4219473,1164.855112,19,297,67,194,1,399
399,815,1432066,534440,15,63,6,10556775,1858.349629,24,420,32,173,0,465
465,1386,2728479,343267,16,119,3,16648942,2127.075696,20,478,27,231,0,517
517,1188,2797586,471313,17,160,11,15031900,2420.471056,32,562,75,318,0,320
320,1010,4796208,3033599,18,63,14,9260947,1462.458501,20,335,39,201,1,496
496,1311,3574711,785406,19,167,1,13781068,2336.54103,11,530,46,226,0,572
572,1407,4079212,522740,20,755,9,16922865,2631.87947,23,602,62,237,0,732
732,1382,3574391,569650,21,90,1,15038962,3161.353333,39,770,50,207,0,438
438,1779,1488120,123957,22,101,0,16863333,2070.686883,17,496,85,156,1,416
416,1045,6403826,3033631,23,140,0,14451367,1910.457981,17,433,24,196,0,248
248,730,1644294,512721,0,167,25,8332734,1128.257242,11,291,117,131,2,391
391,676,1267259,275166,1,125,0,11982309,1708.420824,14,397,16,162,1,310
310,718,1849769,512783,2,88,1,9719410,1371.379053,15,365,110,129,1,292
292,499,2488218,1718435,3,0,4,10965015,1300.904022,9,296,6,116,1,254
254,567,847886,198274,4,0,2,10487488,1107.303786,10,257,7,113,0,191
191,350,1185125,343507,5,73,0,6875427,844.6982039,3,198,8,74,0,152
152,211,489289,143152,6,-65,0,7125933,667.8011877,6,153,2,55,0,122
122,149,475334,294815,7,0,0,3692238,538.4890231,2,124,1,30,0,102
102,120,131448,25252,8,0,0,4128720,440.7604119,1,102,0,8,0,59
59,80,209362,72902,9,0,0,1334607,270.0015902,2,59,0,19,0,49
49,60,99563,19116,10,0,0,2301049,222.9758281,0,49,0,7,0,52
52,62,81909,19117,11,0,0,2882897,236.6795896,1,53,0,9,1,65
65,82,233504,47664,12,0,0,5387138,281.2623629,0,66,1,18,0,56
56,75,184753,66765,13,-54,3,2428771,258.1764315,3,57,0,21,0,167
167,336,577503,68874,14,-77,4,5890616,755.9558189,10,170,4,76,0,497
497,730,620788,121747,15,123,0,10561632,2023.480059,15,506,11,143,0,284
284,4488,1100934,129442,16,136,0,8392067,1219.405516,16,310,48,198,0,241
241,422,600607,66773,17,0,0,7589217,1084.133574,5,246,7,104,0,224
224,360,881144,130794,18,-8,5,5325916,990.9380505,6,244,20,80,0,254
254,553,1059029,216114,19,16,6,6939309,1178.07027,10,269,17,113,0,899
899,4555,4234461,649771,20,334,3,24013930,4338.194588,73,984,143,304,0,4293
4293,10550,13954369,637985,21,1068,3,69894405,20830.33332,284,4767,649,871,13,778
778,1826,2682492,343753,22,133,0,23645091,3625.05204,50,820,63,327,1,479
479,1326,1361419,79252,23,-42,1,21802999,2267.312537,51,501,47,210,0,361
361,897,3951658,881801,0,145,10,14617892,1698.095335,16,381,32,156,1,347
347,576,1307465,129597,1,75,5,12403088,1538.460327,4,355,15,136,1,261
261,372,1350092,650896,2,40,0,12113625,1152.439392,4,262,5,125,1,284
284,610,1479711,343866,3,172,2,10473446,1290.241355,10,311,56,130,0,278
278,1081,906802,282103,4,35,0,8310312,1202.240935,6,284,6,108,0,247
247,418,960564,343897,5,184,1,6543825,1101.44678,3,252,11,73,0,173
173,312,384306,20941,6,0,1,9253958,758.8299171,2,177,2,61,0,160
160,255,197397,20470,7,77,0,8596787,685.0974461,0,162,4,21,0,134
134,164,149896,19142,8,62,0,7155517,585.6366649,0,135,1,39,0,54
54,86,203193,55591,9,0,0,2113370,248.9652567,0,54,1,15,1,56
56,72,127851,19142,10,0,0,3000241,252.0225016,0,56,0,18,0,46
46,77,424873,272081,11,58,0,1833700,207.0326402,1,47,4,25,0,60
60,90,169073,41970,12,0,0,3521893,276.8123978,2,60,1,24,0,64
64,139,199224,21915,13,0,14,3367207,307.4804977,3,65,5,40,0,118
118,211,305105,130835,14,-5,5,3293701,542.2849414,6,126,7,66,0,182
182,391,768853,64633,15,72,14,8467077,851.3542192,11,189,7,69,0,219
219,322,901419,213900,16,-28,3,7460375,1002.87003,4,220,3,94,0,333
333,581,1310331,118815,17,17,5,8471526,1521.591294,10,353,21,170,0,284
284,564,979518,91332,18,0,8,9184559,1296.78548,5,291,16,155,1,293
293,644,1367734,344133,19,68,7,7623660,1342.621848,7,310,33,136,0,454
454,1554,3274949,1166492,20,-16,11,13916119,2023.307829,29,487,57,284,0,320
320,548,12414562,5616583,21,59,0,10489070,1457.793894,8,342,17,191,2,266
266,451,692852,143428,22,133,1,6423277,1226.226772,7,273,15,101,0,295
295,643,1187626,344227,23,0,6,10419697,1371.212433,10,305,14,111,0,263
263,510,999105,344251,0,0,4,11008362,1210.50774,5,266,12,113,2,272
272,612,10263447,9382909,1,0,20,11740713,1235.799899,20,283,15,121,1,346
346,691,922817,72316,2,-55,1,12078087,1501.010835,11,358,19,130,1,292
292,589,1826833,344380,3,233,2,12897469,1322.904578,9,316,41,134,1,204
204,357,1434983,344432,4,-91,0,9083172,897.4333236,7,213,13,83,0,233
233,303,535831,140318,5,281,2,6545785,1027.150958,6,236,5,103,1,141
141,205,400904,47335,6,0,0,6290613,641.6438286,0,142,8,46,1,163
163,203,583309,180682,7,76,1,8752019,753.6332891,1,166,5,33,0,106
106,131,241627,75682,8,0,0,4872983,465.8998989,3,107,2,16,0,47
47,54,125056,48254,9,0,0,4410039,204.3081364,0,47,0,8,0,49
49,73,126591,19167,10,-23,0,3141897,220.6164354,1,50,5,13,0,63
63,94,229089,74601,11,0,0,3732183,335.4677742,0,63,1,23,0,99
99,147,399121,89397,12,0,1,2916272,439.2519884,1,100,1,67,0,107
107,291,349236,53844,13,40,23,3519060,481.5994689,6,111,7,85,0,187
187,385,1995322,638311,14,205,70,6317505,869.2484605,10,189,7,148,1,261
261,385,529442,47343,15,21,8,9412333,1179.039135,4,262,2,164,1,299
299,765,3041292,1088882,16,100,44,11805098,1369.984073,26,304,13,155,1,542
542,1140,3123616,344792,17,11,5,14130982,2536.005818,35,653,118,272,0,372
372,851,1368691,380694,18,170,3,11080682,1781.500881,20,385,21,179,0,392
392,3710,1751568,178370,19,269,75,17384515,1860.790386,34,401,55,537,0,327
327,648,1384320,345023,20,30,0,12323133,1506.973141,5,334,20,120,0,203
203,915,3187779,1169438,21,128,518,6718462,972.0805151,21,221,49,129,0,375
375,1075,1700099,158948,22,177,111,13487583,1752.892094,24,392,28,217,0,581
581,1686,6882365,3034400,23,28,8,20941868,2814.857611,60,647,74,243,0,401
401,812,15808448,5617057,0,286,19,16957752,1916.749164,24,424,33,191,0,349
349,708,1293512,70238,1,95,10,11189238,1661.54181,26,365,21,161,0,994
994,2898,11346319,5165336,2,520,6,26366105,4741.49226,68,1118,205,306,1,502
502,1739,2896981,513530,3,24,5,17997290,2420.680225,32,552,73,235,1,459
459,1617,4401511,2536115,4,266,2,13769594,2041.943994,26,526,138,181,3,394
394,887,4412316,3034467,5,177,9,16920326,1798.892726,12,453,106,193,0,321
321,1305,2300239,651135,6,-12,2,11743206,1525.35996,40,336,26,141,1,178
178,305,244679,20275,7,0,0,8165099,805.452576,4,178,2,63,0,197
197,325,472507,63572,8,0,0,6305661,870.032864,3,198,2,69,1,70
70,87,204492,48314,9,0,0,4192805,316.8890476,0,70,2,11,0,67
67,81,156714,35940,10,23,0,5222400,296.3129541,0,68,5,11,0,78
78,104,324293,35942,11,141,0,5249589,373.2454694,0,78,6,36,0,142
142,221,397228,128888,12,14,0,6575482,664.0545261,3,147,17,55,1,258
258,403,688421,63435,13,-13,2,9618572,1114.661145,12,267,7,162,0,224
224,442,661636,95468,14,96,8,7115932,1055.428606,16,236,12,111,0,284
284,525,1459799,157621,15,17,15,11209761,1374.855911,14,294,15,136,1,352
352,604,1576701,157648,16,10,10,12185145,1651.434643,20,364,16,186,1,402
402,696,1420229,99262,17,112,4,12032863,1819.530618,15,426,46,203,1,789
789,1440,5638166,2300295,18,0,13,17368837,3683.142354,30,823,39,288,1,671
671,1504,3977365,651496,19,0,24,14768049,3282.962032,46,688,18,265,3,464
464,892,1764189,128287,20,47,8,10209068,2150.922223,19,482,26,249,1,371
371,787,2617982,346427,21,140,1,15519622,1726.448704,8,395,35,147,0,391
391,734,1963994,346479,22,0,4,11649373,1805.046138,16,412,27,177,3,401
401,750,2371110,885343,23,0,0,20320577,1881.739962,15,411,15,144,0,356
356,2621,12767186,5618934,0,79,5,12227604,1626.707957,11,366,12,168,0,288
288,810,1892861,788254,1,30,10,9001426,1311.944131,13,292,9,126,0,304
304,649,1599605,346639,2,0,3,12574739,1463.181542,25,313,10,131,1,453
453,817,1442941,72260,3,-15,6,22857097,1957.624262,6,470,71,228,3,289
289,569,1929826,736211,4,154,1,12103125,1252.140613,8,295,14,154,1,249
249,464,757959,70277,5,113,0,7433831,1114.039478,6,254,15,107,0,187
187,268,771216,346774,6,0,0,11659001,861.1489638,1,191,7,75,1,139
139,197,1041078,346777,7,-32,0,6396040,634.83911,2,142,4,26,1,109
109,121,395303,283645,8,0,0,4862836,488.8825871,0,109,0,5,0,76
76,97,178386,33467,9,100,0,4948765,347.3200467,4,76,2,16,0,51
51,62,186525,42025,10,0,0,5906982,221.3652133,3,51,1,12,1,59
59,77,99576,19214,11,0,0,4539540,266.3344792,0,62,2,30,0,76
76,91,205978,36224,12,0,0,5994641,334.6870651,1,76,0,23,0,131
131,259,764543,54051,13,3,5,6762411,602.9767095,5,136,15,50,0,87
87,112,687675,283683,14,0,47,3414404,386.475187,0,87,0,19,0,124
124,303,899225,151962,15,0,30,4101923,591.804099,16,130,7,68,0,296
296,767,2638220,346924,16,0,10,8420987,1439.314362,27,309,13,131,1,438
438,692,2535105,613945,17,192,9,10531794,1927.48509,9,443,10,280,3,362
362,721,2227844,736356,18,0,3,14194348,1733.544708,20,376,17,152,0,409
409,1061,3105383,632222,19,79,6,13175269,1942.651317,31,422,45,203,0,320
320,578,1918946,283694,20,186,3,9245424,1479.554774,11,331,18,150,1,319
319,724,3187723,347025,21,100,6,8881945,1494.512928,15,330,13,142,0,286
286,945,2639724,1174960,22,24,4,5742149,1324.573423,15,300,20,139,2,279
279,649,2802334,928833,23,100,2,8276966,1262.276022,17,284,11,108,0,440
440,879,7237174,5619674,0,72,11,11312668,2038.327107,10,446,10,233,0,332
332,527,1377292,130082,1,0,6,11612407,1535.212306,9,342,14,128,0,284
284,541,4047924,3034982,2,63,7,8835485,1287.364427,8,296,21,129,0,228
228,335,973271,103705,3,-35,11,9110858,1064.012396,8,239,11,117,1,210
210,443,908877,135128,4,0,7,8298582,948.8440254,4,217,6,98,1,48
48,72,309742,78880,5,0,40,1447677,207.4258411,1,48,0,10,1,10
10,21,134338,47530,6,100,16,670646,43.3070605,1,10,2,2,0,3
3,11,271117,135040,7,0,2,39035,22.6577506,0,3,0,0,0,7
7,25,75382,68471,8,0,4,197355,32.9658773,0,7,0,1,0,43
43,46,26248,7408,9,0,0,1254163,181.904001,0,43,0,0,0,29
29,36,22154,4204,10,0,0,1419678,126.376266,0,29,0,3,0,51
51,64,97471,9016,11,0,0,2532886,275.4534623,0,51,0,16,0,54
54,61,119325,39203,12,0,0,1393805,264.3502359,0,55,0,13,0,59
59,80,310710,192504,13,48,1,1556298,287.9124651,1,64,3,22,0,82
82,126,1738641,1374999,14,-9,0,2449298,397.9710147,3,85,2,26,0,104
104,254,1029369,630782,15,147,2,4107132,507.0166415,9,114,9,36,0,144
144,395,643020,67893,16,199,76,3428209,699.1453638,2,154,11,53,0,156
156,285,971702,347369,17,527,3,3075287,749.1302365,6,184,26,75,0,150
150,240,548326,171013,18,188,2,3650482,689.2601508,4,165,23,52,1,181
181,232,667418,128539,19,86,2,6452572,875.0344021,2,189,9,67,0,115
115,481,6754743,5579388,20,-38,20,4033458,570.1154291,5,133,20,40,0,70
70,125,5880392,5620091,21,71,14,1292740,331.4523035,2,77,12,29,1,79
79,128,607269,99030,22,-46,3,2479535,380.3053222,0,89,8,27,0,103
103,127,395622,130874,23,81,4,3607948,497.5728193,1,105,2,31,0,128
128,204,859677,514733,0,348,2,3832603,607.0650567,4,140,18,69,0,226
226,294,580155,330190,1,-16,0,5540573,988.4747868,7,228,4,194,0,153
153,193,204289,69555,2,30,1,2893930,666.5223487,1,169,17,118,0,99
99,220,193379,67440,3,176,2,3076724,473.9807333,3,105,6,63,0,151
151,188,520024,113904,4,55,0,3766221,656.8114285,5,153,3,173,0,73
73,123,583689,363454,5,215,1,3479508,321.9776455,1,85,13,50,0,27
27,67,190855,69212,6,-62,124,933172,141.0698181,4,28,1,17,0,72
72,84,115655,11694,7,0,0,5016993,374.8681448,0,72,0,12,0,60
60,69,64609,10375,8,100,0,2622984,266.2652393,0,61,2,7,0,56
56,59,37419,10775,9,0,0,1441219,229.7973095,0,56,0,11,1,93
93,97,67172,7414,10,0,0,2683985,370.734927,0,93,0,7,0,42
42,55,86115,35232,11,55,0,2806509,206.4485074,0,45,3,12,0,97
97,171,243880,67465,12,128,0,2945124,416.3664479,0,101,5,86,0,70
70,83,219938,53224,13,-100,3,2889143,369.4212268,0,70,0,10,0,21
21,153,1726967,1465089,14,-100,492,694378,96.7035586,1,21,0,17,0,57
57,107,255850,67959,15,125,8,924619,269.2362347,6,67,22,18,1,230
230,379,1823831,330305,16,370,2,4076740,1125.499427,12,267,43,96,0,235
235,361,771122,111602,17,291,9,5903088,1103.478972,7,251,11,88,0,186
186,322,902664,272822,18,202,224,5692527,847.5418202,9,190,6,74,1,223
223,667,1408241,330205,19,366,14,5101834,1082.170057,4,234,15,63,0,435
435,1801,2873560,1631248,20,302,3,10165057,1945.258572,26,448,19,255,1,258
258,400,1090668,192935,21,155,3,6457285,1206.898479,3,279,26,111,1,240
240,699,8221783,5621021,22,382,3,5756956,1148.992825,22,279,43,61,0,273
273,520,1887787,664292,23,156,1,5417387,1295.81603,10,295,25,144,0,133
133,228,1581877,832645,0,39,39,2749875,596.8671128,2,143,6,68,0,57
57,81,242122,121480,1,-122,2,1877180,263.584071,0,63,3,32,1,30
30,52,20556,5120,2,0,13,429717,124.9170643,2,30,1,10,0,35
35,100,189964,55750,3,100,74,1341336,169.9459051,2,36,2,10,0,20
20,40,82906,56898,4,100,5,416478,82.6203515,0,21,6,8,0,41
41,72,208406,90799,5,27,196,1154698,193.5137325,0,41,1,11,1,30
30,39,59628,14651,6,-50,0,557911,141.8599261,2,32,1,10,0,24
24,27,176072,136404,7,0,0,567024,129.5502755,0,24,0,4,0,11
11,14,4503,2659,8,0,0,193522,42.6180549,0,11,0,3,0,15
15,44,315703,136726,9,-60,32,1025239,64.312465,0,16,1,3,0,15
15,17,18571,7418,10,0,2,357211,60.4232663,0,15,0,2,0,9
9,9,10646,2064,11,0,0,593943,52.6350924,0,9,0,0,0,21
21,3720,122291,50346,12,100,7422,1249393,105.5334372,6,22,12,4,0,22
22,30,123521,101869,13,0,2,615273,102.3640312,0,22,0,10,0,30
30,72,152192,43337,14,146,95,544619,140.5181898,0,30,2,7,0,41
41,55,73298,18829,15,0,11,1749534,176.4011124,0,41,0,27,0,62
62,199,690306,491209,16,-67,278,782880,269.1748543,2,63,1,32,0,56
56,249,2944881,2644548,17,-160,406,1012437,269.4990001,3,57,4,21,0,55
55,125,193453,67334,18,45,18,776856,249.9792935,3,56,1,23,1,69
69,273,274547,128834,19,166,212,2162244,323.5623668,0,72,7,19,0,64
64,151,1675735,737123,20,0,166,1017492,310.2716507,2,64,1,18,1,79
79,126,1132588,899022,21,200,78,1007913,359.9220202,1,81,4,37,1,61
61,173,6100911,5622247,22,-30,117,889903,268.9826481,3,69,12,27,0,99
99,518,1816453,558241,23,267,691,2430769,450.961354,2,101,8,33,0,77
77,591,823733,329023,0,-498,357,1268887,351.5762236,9,84,4,27,1,222
222,494,1020646,159444,1,342,26,3037755,1011.901652,8,247,35,82,1,222
222,415,1208515,177612,2,436,14,5228550,1009.595642,5,251,43,83,1,225
225,448,731008,150435,3,229,8,5863622,1034.272078,7,251,35,72,1,100
100,261,1151261,367857,4,120,33,2898526,462.6135156,6,109,12,47,1,220
220,644,556737,321301,5,243,20,7016152,996.8273442,10,290,139,73,0,208
208,353,528594,159514,6,80,1,4422263,933.7846853,4,228,31,75,1,165
165,278,478272,104905,7,66,0,6339531,780.560347,1,169,14,42,0,133
133,176,455335,112362,8,0,1,2568741,585.3416641,5,139,0,45,0,107
107,125,144794,29074,9,0,0,1341334,455.8906144,0,108,0,26,0,109
109,156,246875,69242,10,-96,0,2366927,496.2512852,2,130,4,23,0,135
135,191,322443,47389,11,122,2,4713200,623.6973525,0,139,3,52,0,141
141,181,363622,183811,12,57,0,1998889,608.4152787,1,145,2,53,0,263
263,461,654532,198515,13,192,1,3887824,1172.624834,3,277,16,89,1,483
483,1729,2035596,301669,14,458,7,7155826,2114.206757,10,572,128,182,1,696
696,6346,4098072,1640239,15,963,12,12918940,3092.610655,18,828,288,218,4,919
919,2414,3681544,565219,16,1478,34,10839251,4035.495548,25,958,73,270,2,515
515,5492,7194749,1273099,17,913,283,7138487,2278.557139,22,546,67,138,2,918
918,3183,11630589,1209699,18,682,245,11203390,4067.599898,29,956,68,294,5,11664
11664,16458,19081779,945190,19,-856,82,125547421,49049.02709,94,11668,226,17893,12,52320
52320,63482,36755989,3071669,20,-1233,235,425645441,214653.6125,118,52325,351,98962,21,45090
45090,53085,32633935,3071680,21,-68,178,294022602,184999.6821,111,45098,296,83256,26,34248
34248,44032,36521104,1551418,22,-636,134,221825707,140883.9037,167,34262,1147,61166,19,30335
30335,38383,44257491,3386751,23,-333,147,217132710,126270.4308,190,30347,373,48817,25,38074
38074,52006,97466700,6684719,0,11360,354,372565882,163768.7109,323,38909,1887,40530,62,31184
31184,46212,120884769,5610360,1,66,797,369398026,137096.057,372,31201,2815,23544,38,12229
12229,19490,57856745,5200687,2,-166,315,171194096,54386.57401,184,12238,1282,7160,30,17496
17496,28437,87604021,5983595,3,1610,219,287334448,81542.72054,327,17637,2968,3436,48,37856
37856,77527,156646318,4632607,4,-2386,7603,403185148,169836.4598,788,38372,2596,7453,151,3377
3377,12237,19419444,1598446,5,5413,4258,53795763,15463.04401,160,3793,959,1251,14,1365
1365,4194,8866121,685602,6,2874,3151,25278116,6270.777253,79,1423,139,535,3,1880
1880,6144,9075857,1359004,7,3147,1,63482243,8634.830793,65,2061,523,716,2,967
967,1556,5527099,1295336,8,-62,2,35515033,4306.788524,20,995,45,298,1,648
648,975,2683723,349006,9,-55,0,23915294,2885.046098,7,663,22,182,0,543
543,807,4442722,1224687,10,664,0,15612463,2480.813026,9,561,43,171,0,535
535,871,3841466,1099203,11,200,0,19269838,2568.517182,10,540,27,147,1,652
652,1469,10467692,2517252,12,577,5,17135269,3041.376619,27,674,49,249,2,818
818,1626,4408315,945935,13,1414,11,17398984,3758.353963,31,853,89,379,3,1068
1068,2401,16489154,8939095,14,1774,58,20673685,4971.443279,45,1107,85,400,7,1073
1073,2370,11089565,1860546,15,3320,163,31397267,5076.777101,53,1138,169,411,2,1263
1263,2659,8385694,879979,16,1653,42,34367458,5902.158938,81,1352,184,607,4,927
927,2340,5627714,1229800,17,1840,142,21276463,4347.730224,51,1057,313,485,0,1117
1117,2480,10535250,625010,18,1783,20,26602846,5265.551024,51,1212,214,457,4,1065
1065,2461,5600937,560770,19,2155,13,28689739,5060.432998,53,1181,227,441,3,419
419,619,4322674,3038904,20,351,0,5172676,1812.482895,6,449,33,180,0,393
393,855,1017105,92376,21,1010,1,6169065,1760.870858,12,440,72,169,0,348
348,631,962257,160418,22,980,0,7105493,1543.762216,13,402,85,141,0,482
482,1129,1396750,215811,23,1022,3,13395269,2234.400258,24,540,84,375,0,292
292,556,3998679,3039461,0,211,0,6451340,1314.01613,8,307,23,144,1,279
279,758,1766471,421443,1,433,0,6554447,1249.71028,17,327,87,120,1,228
228,302,280273,35304,2,134,0,2594867,976.7390232,1,238,9,95,0,222
222,309,3639437,3039742,3,-44,0,3961259,1011.282847,2,234,9,102,0,156
156,178,262184,41000,4,-100,0,3291343,688.8492289,2,160,0,87,0,153
153,199,264233,38422,5,3,0,3354792,691.5771918,1,171,13,74,0,114
114,165,661905,418891,6,100,0,3469243,537.2610574,0,121,6,46,0,105
105,197,251635,24624,7,-33,0,4316705,514.3868555,1,105,0,19,0,75
75,97,486826,302849,8,0,0,2222608,341.685659,1,75,0,25,0,49
49,57,484605,418906,9,0,0,2338170,229.8386113,0,50,0,8,0,59
59,65,194103,66940,10,0,0,1664896,260.0386306,1,59,0,13,0,56
56,63,70219,3515,11,0,0,2483026,285.389646,0,58,0,8,0,66
66,88,613615,418922,12,-100,0,3737060,343.0762497,4,70,0,23,0,69
69,90,151832,25909,13,-78,0,1554852,312.7263257,2,70,0,31,0,85
85,146,264450,66942,14,-33,0,2774784,374.9931516,4,87,2,44,0,94
94,713,733266,418947,15,161,5,3001448,455.1930732,12,105,18,36,0,117
117,215,280772,62048,16,244,1,2004149,522.9892109,6,128,17,54,0,129
129,187,1128419,349971,17,58,0,4670711,580.565178,3,140,9,57,0,572
572,650,595903,45844,18,367,3,6139672,2093.031492,1,578,13,480,0,182
182,308,586746,97000,19,222,0,6007436,897.6032433,2,201,29,64,1,113
113,165,1048018,437184,20,113,0,2331244,518.9908604,5,122,14,50,0,147
147,229,1067004,419056,21,334,1,5167568,682.1679289,5,155,15,91,0,84
84,128,595332,162983,22,-123,0,2180517,385.7073214,3,105,5,35,0,81
81,105,122398,13065,23,0,2,2289921,404.2110969,2,91,2,29,0,92
92,121,539566,310754,0,-42,0,2118753,432.5039605,3,101,2,22,0,90
90,115,235654,62048,1,13,0,3592728,453.3366235,1,98,6,28,0,84
84,125,133030,27632,2,140,2,1398773,368.5569966,2,98,13,55,0,74
74,131,924066,350335,3,205,9,2956346,377.7774222,0,85,16,22,0,44
44,102,69148,19075,4,49,129,671008,192.8439872,0,49,5,14,0,70
70,78,63022,11687,5,0,1,1035351,300.1700629,0,70,0,31,0,80
80,86,510083,419213,6,100,1,2290319,358.7319685,0,81,2,64,0,56
56,58,59644,7447,7,0,0,2526501,276.1873534,0,56,0,30,0,31
31,31,38289,7448,8,0,0,1083113,133.8585997,0,31,0,22,0,24
24,26,31065,7450,9,0,0,1470375,102.2107262,0,25,0,5,0,22
22,23,35652,7450,10,0,0,913549,97.5281444,0,22,0,0,0,25
25,28,44349,7450,11,0,0,1704458,132.5772055,0,25,0,0,0,46
46,50,71090,14548,12,0,0,1588197,214.3675048,1,46,0,2,0,29
29,76,34374,7450,13,0,1,1746310,121.1999564,4,29,0,7,0,54
54,72,127534,43405,14,3,2,977900,239.5669277,2,63,3,30,0,84
84,144,286217,91560,15,115,1,1383491,368.5014844,1,107,41,21,0,113
113,255,387080,74391,16,330,2,3182593,562.5211304,9,126,18,45,0,146
146,201,354634,38685,17,287,1,4048932,699.890235,8,159,15,54,1,172
172,256,626430,193952,18,205,9,4138587,821.7656833,4,181,9,56,0,141
141,214,543153,101098,19,249,6,3058512,650.1771217,2,155,23,88,0,135
135,188,1017244,604238,20,-560,0,1927254,601.4205399,0,163,4,66,0,75
75,106,256431,52943,21,200,0,1374715,333.802128,0,79,6,38,0,93
93,115,166586,27372,22,-100,0,2429435,434.8092728,0,94,0,34,0,87
87,181,215081,55778,23,156,2,3131152,450.6794597,0,92,6,25,0,100
100,137,209801,43401,0,-300,5,5027189,446.5587009,1,115,3,45,0,62
62,265,9396498,9292789,1,200,0,1131255,268.0661597,2,153,264,27,0,46
46,64,215648,75064,2,-75,5,1315391,220.7899095,0,51,1,22,0,67
67,77,139753,46123,3,100,0,1834033,335.7613589,0,69,2,27,0,64
64,92,82526,13946,4,200,0,2027081,312.7073153,1,67,8,36,0,49
49,58,56658,11736,5,0,7,1453681,216.765623,0,50,0,16,0,55
55,121,3108293,3041149,6,120,0,1705922,267.9945779,0,64,20,19,0,37
37,43,73938,15883,7,33,0,2122730,175.662637,0,37,2,7,0,26
26,37,1244096,1227272,8,0,0,439275,109.2763131,0,26,0,5,0,17
17,24,23980,11741,9,-100,0,931060,67.4783743,0,17,0,4,0,12
12,15,57975,49040,10,0,0,325792,56.8381747,0,12,0,0,0,19
19,21,39270,11741,11,100,0,666838,93.1370983,1,21,4,1,0,18
18,21,21648,10534,12,0,0,531296,87.5402342,0,19,0,0,0,22
22,25,18178,2769,13,0,1,1063331,90.6399267,0,22,0,8,0,35
35,88,141375,44064,14,83,0,744954,160.6215191,1,40,7,12,0,48
48,54,141227,44064,15,0,0,1519539,245.5611163,0,52,2,27,0,46
46,58,470006,351096,16,0,1,2021729,220.1985403,0,48,1,16,0,54
54,82,269087,97416,17,200,2,1817090,270.3797251,0,58,12,15,0,61
61,88,188292,55062,18,-117,2,1132000,291.4467568,3,71,8,17,0,49
49,60,117680,62111,19,0,3,1217959,233.4113282,0,49,0,16,0,47
47,118,93940,27821,20,-100,0,1201367,200.2573483,0,105,1,16,0,39
39,75,173433,72122,21,-44,1,973159,177.8256565,1,46,9,13,1,55
55,66,144286,23012,22,100,0,2901923,301.0927016,1,58,2,17,0,57
57,73,170724,48117,23,0,0,2416794,282.3741666,0,57,0,17,0,59
59,80,456121,351253,0,0,0,2153779,266.689423,0,62,2,15,0,45
45,56,132037,53033,1,200,0,1831044,225.0519689,0,47,6,9,0,48
48,63,165640,68287,2,-100,0,1235444,215.0592426,2,49,0,20,0,71
71,87,98760,20081,3,100,0,2332278,327.5650002,0,72,2,31,0,30
30,56,281924,104261,4,-90,4,1895616,164.2689979,0,40,7,9,0,44
44,56,57394,19494,5,33,1,994087,197.5056404,1,46,2,8,0,56
56,63,121759,41878,6,0,1,1999755,267.013912,0,56,0,5,0,34
34,38,59396,7470,7,0,0,2694036,212.0962256,0,34,0,5,0,10
10,10,11134,4471,8,0,0,322048,39.5391372,0,10,0,2,0,14
14,14,71555,35281,9,0,0,849419,58.4750855,0,14,0,2,0,18
18,23,75120,35285,10,0,0,796407,87.0967956,0,18,0,3,0,25
25,27,48645,11782,11,0,0,2060154,127.5019551,1,25,0,6,0,20
20,21,12199,4514,12,0,0,298712,88.6725876,0,20,0,2,0,28
28,36,84522,20093,13,0,2,3406891,121.8131359,1,28,0,6,0,18
18,24,94297,44065,14,133,4,515913,84.4435368,1,19,3,4,0,71
71,97,906639,853963,15,0,0,1139271,303.109339,3,74,2,15,0,60
60,77,489278,284741,16,-166,2,1730499,282.7310152,0,66,3,11,0,87
87,124,1054941,854056,17,100,0,4221237,430.9545256,0,90,4,42,0,78
78,122,159848,23010,18,-133,0,3419109,415.7114169,1,86,10,24,0,78
78,102,151507,48127,19,100,0,3463862,404.7463422,2,84,7,20,0,59
59,104,187227,43397,20,100,0,1028150,265.3749117,2,62,3,23,0,54
54,61,145566,35307,21,-33,0,1590550,250.8457063,1,55,0,10,0,69
69,102,200560,72108,22,-27,0,1553159,314.6288497,3,84,12,30,0,68
68,184,111753,20287,23,190,0,2987411,330.0465695,1,106,100,23,0,59
59,115,204932,49135,0,109,0,2414559,299.4283276,1,77,34,25,0,50
50,61,147490,55047,1,100,0,1569530,233.9131937,0,51,8,23,0,50
50,77,202702,41706,2,350,0,1411185,234.8521269,2,56,22,10,0,129
129,146,122746,16244,3,150,0,4817004,584.362768,0,134,7,13,0,70
70,98,173793,39111,4,57,0,1803684,295.3416743,0,78,7,17,0,74
74,81,62337,38558,5,100,0,431310,290.213679,0,76,4,11,0,84
84,88,47810,4812,6,0,0,1041210,343.6035873,0,84,0,0,0,30
30,33,31993,2906,7,0,0,1141380,127.1166086,0,31,0,3,1,23
23,30,35405,3615,8,0,1,300978,97.9926536,0,23,1,3,0,4
4,7,2845,1577,9,100,0,65455,19.1029737,0,5,2,0,0,1
1,1,4,4,10,0,0,5,3.9551823,0,1,0,0,0,2
2,2,2172,2169,11,0,0,98004,7.793263,0,2,0,0,0,2
2,3,68302,68275,12,0,0,50626,11.3128187,0,3,0,3,0,2
2,2,326,317,13,0,0,3404,7.9602723,0,2,0,0,0,9
9,9,6225,4148,14,0,0,6291,38.9350247,0,9,0,7,0,4
4,4,1183,1027,15,0,0,13687,15.1195718,0,4,0,2,0,6
6,7,6091,5379,16,0,0,122142,28.8031692,1,6,0,8,0,8
8,11,12334,5379,17,0,0,137100,38.2032453,0,8,0,1,0,2
2,2,1633,1138,18,0,0,4674,8.1765552,0,2,0,1,0,3
3,5,44049,41307,19,0,0,59085,15.331575,0,3,0,2,0,3
