1,4,33,33,5,0,0,5,6.352194,0,1,1,0,0,0
0,0,0,0,6,0,0,0,0,0,0,0,0,0,0
0,0,0,0,7,0,0,0,0,0,0,0,0,0,0
0,0,0,0,8,0,0,0,0,0,0,0,0,0,0
0,0,0,0,9,0,0,0,0,0,0,0,0,0,0
0,0,0,0,10,0,0,0,0,0,0,0,0,0,0
0,0,0,0,11,0,0,0,0,0,0,0,0,0,0
0,0,0,0,12,0,0,0,0,0,0,0,0,0,0
0,0,0,0,13,0,0,0,0,0,0,0,0,0,0
0,0,0,0,14,0,0,0,0,0,0,0,0,0,0
0,0,0,0,15,0,0,0,0,0,0,0,0,0,0
0,0,0,0,16,0,0,0,0,0,0,0,0,0,0
0,0,0,0,17,0,0,0,0,0,0,0,0,0,0
0,0,0,0,18,0,0,0,0,0,0,0,0,0,0
0,0,0,0,19,0,0,0,0,0,0,0,0,0,0
0,0,0,0,20,0,0,0,0,0,0,0,0,0,0
0,0,0,0,21,0,0,0,0,0,0,0,0,0,0
0,0,0,0,22,0,0,0,0,0,0,0,0,0,0
0,0,0,0,23,0,0,0,0,0,0,0,0,0,0
0,0,0,0,0,0,0,0,0,0,0,0,0,0,0
0,0,0,0,1,0,0,0,0,0,0,0,0,0,1
1,2,820,820,2,0,0,83544,4.180801,0,1,0,0,0,0
0,0,0,0,3,0,0,0,0,0,0,0,0,0,0
0,0,0,0,4,0,0,0,0,0,0,0,0,0,0
0,0,0,0,5,0,0,0,0,0,0,0,0,0,0
0,0,0,0,6,0,0,0,0,0,0,0,0,0,0
0,0,0,0,7,0,0,0,0,0,0,0,0,0,0
0,0,0,0,8,0,0,0,0,0,0,0,0,0,0
0,0,0,0,9,0,0,0,0,0,0,0,0,0,0
0,0,0,0,10,0,0,0,0,0,0,0,0,0,0
0,0,0,0,11,0,0,0,0,0,0,0,0,0,0
0,0,0,0,12,0,0,0,0,0,0,0,0,0,0
0,0,0,0,13,0,0,0,0,0,0,0,0,0,0
0,0,0,0,14,0,0,0,0,0,0,0,0,0,0
0,0,0,0,15,0,0,0,0,0,0,0,0,0,0
0,0,0,0,16,0,0,0,0,0,0,0,0,0,0
0,0,0,0,17,0,0,0,0,0,0,0,0,0,0
0,0,0,0,18,0,0,0,0,0,0,0,0,0,0
0,0,0,0,19,0,0,0,0,0,0,0,0,0,0
0,0,0,0,20,0,0,0,0,0,0,0,0,0,0
0,0,0,0,21,0,0,0,0,0,0,0,0,0,0
0,0,0,0,22,0,0,0,0,0,0,0,0,0,0
0,0,0,0,23,0,0,0,0,0,0,0,0,0,0
0,0,0,0,0,0,0,0,0,0,0,0,0,0,0
0,0,0,0,1,0,0,0,0,0,0,0,0,0,0
0,0,0,0,2,0,0,0,0,0,0,0,0,0,0
0,0,0,0,3,0,0,0,0,0,0,0,0,0,0
0,0,0,0,4,0,0,0,0,0,0,0,0,0,1
1,2,1320,1320,5,0,0,283,4.2112265,0,1,0,0,0,0
0,0,0,0,6,0,0,0,0,0,0,0,0,0,0
0,0,0,0,7,0,0,0,0,0,0,0,0,0,0
0,0,0,0,8,0,0,0,0,0,0,0,0,0,0
0,0,0,0,9,0,0,0,0,0,0,0,0,0,0
0,0,0,0,10,0,0,0,0,0,0,0,0,0,0
0,0,0,0,11,0,0,0,0,0,0,0,0,0,0
0,0,0,0,12,0,0,0,0,0,0,0,0,0,0
0,0,0,0,13,0,0,0,0,0,0,0,0,0,0
0,0,0,0,14,0,0,0,0,0,0,0,0,0,0
0,0,0,0,15,0,0,0,0,0,0,0,0,0,0
0,0,0,0,16,0,0,0,0,0,0,0,0,0,0
0,0,0,0,17,0,0,0,0,0,0,0,0,0,0
0,0,0,0,18,0,0,0,0,0,0,0,0,0,0
0,0,0,0,19,0,0,0,0,0,0,0,0,0,0
0,0,0,0,20,0,0,0,0,0,0,0,0,0,0
0,0,0,0,21,0,0,0,0,0,0,0,0,0,0
0,0,0,0,22,0,0,0,0,0,0,0,0,0,0
0,0,0,0,23,0,0,0,0,0,0,0,0,0,0
0,0,0,0,0,0,0,0,0,0,0,0,0,0,0
0,0,0,0,1,0,0,0,0,0,0,0,0,0,0
0,0,0,0,2,0,0,0,0,0,0,0,0,0,0
0,0,0,0,3,0,0,0,0,0,0,0,0,0,0
0,0,0,0,4,0,0,0,0,0,0,0,0,0,0
0,0,0,0,5,0,0,0,0,0,0,0,0,0,0
0,0,0,0,6,0,0,0,0,0,0,0,0,0,0
0,0,0,0,7,0,0,0,0,0,0,0,0,0,0
0,0,0,0,8,0,0,0,0,0,0,0,0,0,0
0,0,0,0,9,0,0,0,0,0,0,0,0,0,0
0,0,0,0,10,0,0,0,0,0,0,0,0,0,0
0,0,0,0,11,0,0,0,0,0,0,0,0,0,0
0,0,0,0,12,0,0,0,0,0,0,0,0,0,0
0,0,0,0,13,0,0,0,0,0,0,0,0,0,0
0,0,0,0,14,0,0,0,0,0,0,0,0,0,0
0,0,0,0,15,0,0,0,0,0,0,0,0,0,0
0,0,0,0,16,0,0,0,0,0,0,0,0,0,0
0,0,0,0,17,0,0,0,0,0,0,0,0,0,0
0,0,0,0,18,0,0,0,0,0,0,0,0,0,0
0,0,0,0,19,0,0,0,0,0,0,0,0,0,0
0,0,0,0,20,0,0,0,0,0,0,0,0,0,0
0,0,0,0,21,0,0,0,0,0,0,0,0,0,0
0,0,0,0,22,0,0,0,0,0,0,0,0,0,0
0,0,0,0,23,0,0,0,0,0,0,0,0,0,0
0,0,0,0,0,0,0,0,0,0,0,0,0,0,0
0,0,0,0,1,0,0,0,0,0,0,0,0,0,0
0,0,0,0,2,0,0,0,0,0,0,0,0,0,0
0,0,0,0,3,0,0,0,0,0,0,0,0,0,0
0,0,0,0,4,0,0,0,0,0,0,0,0,0,0
0,0,0,0,5,0,0,0,0,0,0,0,0,0,0
0,0,0,0,6,0,0,0,0,0,0,0,0,0,0
0,0,0,0,7,0,0,0,0,0,0,0,0,0,0
0,0,0,0,8,0,0,0,0,0,0,0,0,0,0
0,0,0,0,9,0,0,0,0,0,0,0,0,0,0
0,0,0,0,10,0,0,0,0,0,0,0,0,0,0
0,0,0,0,11,0,0,0,0,0,0,0,0,0,0
0,0,0,0,12,0,0,0,0,0,0,0,0,0,0
0,0,0,0,13,0,0,0,0,0,0,0,0,0,0
0,0,0,0,14,0,0,0,0,0,0,0,0,0,0
0,0,0,0,15,0,0,0,0,0,0,0,0,0,0
0,0,0,0,16,0,0,0,0,0,0,0,0,0,0
0,0,0,0,17,0,0,0,0,0,0,0,0,0,0
0,0,0,0,18,0,0,0,0,0,0,0,0,0,0
0,0,0,0,19,0,0,0,0,0,0,0,0,0,1
1,2,286,286,20,0,0,1641,3.4178321,0,1,0,0,0,0
0,0,0,0,21,0,0,0,0,0,0,0,0,0,0
0,0,0,0,22,0,0,0,0,0,0,0,0,0,0
0,0,0,0,23,0,0,0,0,0,0,0,0,0,0
0,0,0,0,0,0,0,0,0,0,0,0,0,0,0
0,0,0,0,1,0,0,0,0,0,0,0,0,0,0
0,0,0,0,2,0,0,0,0,0,0,0,0,0,0
0,0,0,0,3,0,0,0,0,0,0,0,0,0,0
0,0,0,0,4,0,0,0,0,0,0,0,0,0,0
0,0,0,0,5,0,0,0,0,0,0,0,0,0,0
0,0,0,0,6,0,0,0,0,0,0,0,0,0,0
0,0,0,0,7,0,0,0,0,0,0,0,0,0,0
0,0,0,0,8,0,0,0,0,0,0,0,0,0,0
0,0,0,0,9,0,0,0,0,0,0,0,0,0,0
0,0,0,0,10,0,0,0,0,0,0,0,0,0,0
0,0,0,0,11,0,0,0,0,0,0,0,0,0,0
0,0,0,0,12,0,0,0,0,0,0,0,0,0,0
0,0,0,0,13,0,0,0,0,0,0,0,0,0,0
0,0,0,0,14,0,0,0,0,0,0,0,0,0,0
0,0,0,0,15,0,0,0,0,0,0,0,0,0,0
0,0,0,0,16,0,0,0,0,0,0,0,0,0,0
0,0,0,0,17,0,0,0,0,0,0,0,0,0,0
0,0,0,0,18,0,0,0,0,0,0,0,0,0,0
0,0,0,0,19,0,0,0,0,0,0,0,0,0,0
0,0,0,0,20,0,0,0,0,0,0,0,0,0,0
0,0,0,0,21,0,0,0,0,0,0,0,0,0,0
0,0,0,0,22,0,0,0,0,0,0,0,0,0,1
1,2,153,153,23,0,2,69,6.418528,0,1,0,0,0,0
0,0,0,0,0,0,0,0,0,0,0,0,0,0,0
0,0,0,0,1,0,0,0,0,0,0,0,0,0,0
0,0,0,0,2,0,0,0,0,0,0,0,0,0,0
0,0,0,0,3,0,0,0,0,0,0,0,0,0,0
0,0,0,0,4,0,0,0,0,0,0,0,0,0,0
0,0,0,0,5,0,0,0,0,0,0,0,0,0,0
0,0,0,0,6,0,0,0,0,0,0,0,0,0,0
0,0,0,0,7,0,0,0,0,0,0,0,0,0,0
0,0,0,0,8,0,0,0,0,0,0,0,0,0,0
0,0,0,0,9,0,0,0,0,0,0,0,0,0,0
0,0,0,0,10,0,0,0,0,0,0,0,0,0,0
0,0,0,0,11,0,0,0,0,0,0,0,0,0,0
0,0,0,0,12,0,0,0,0,0,0,0,0,0,0
0,0,0,0,13,0,0,0,0,0,0,0,0,0,0
0,0,0,0,14,0,0,0,0,0,0,0,0,0,0
0,0,0,0,15,0,0,0,0,0,0,0,0,0,0
0,0,0,0,16,0,0,0,0,0,0,0,0,0,0
0,0,0,0,17,0,0,0,0,0,0,0,0,0,0
0,0,0,0,18,0,0,0,0,0,0,0,0,0,0
0,0,0,0,19,0,0,0,0,0,0,0,0,0,0
0,0,0,0,20,0,0,0,0,0,0,0,0,0,3
3,82,87840,35602,21,0,91,209712,12.277528,4,3,3,3,0,0
0,0,0,0,22,0,0,0,0,0,0,0,0,0,0
0,0,0,0,23,0,0,0,0,0,0,0,0,0,0
0,0,0,0,0,0,0,0,0,0,0,0,0,0,0
0,0,0,0,1,0,0,0,0,0,0,0,0,0,0
0,0,0,0,2,0,0,0,0,0,0,0,0,0,0
0,0,0,0,3,0,0,0,0,0,0,0,0,0,0
0,0,0,0,4,0,0,0,0,0,0,0,0,0,0
0,0,0,0,5,0,0,0,0,0,0,0,0,0,0
0,0,0,0,6,0,0,0,0,0,0,0,0,0,1
1,2,1390,1390,7,0,0,147583,3.4511435,0,1,0,0,0,0
0,0,0,0,8,0,0,0,0,0,0,0,0,0,0
0,0,0,0,9,0,0,0,0,0,0,0,0,0,0
0,0,0,0,10,0,0,0,0,0,0,0,0,0,0
0,0,0,0,11,0,0,0,0,0,0,0,0,0,0
0,0,0,0,12,0,0,0,0,0,0,0,0,0,0
0,0,0,0,13,0,0,0,0,0,0,0,0,0,0
0,0,0,0,14,0,0,0,0,0,0,0,0,0,0
0,0,0,0,15,0,0,0,0,0,0,0,0,0,0
0,0,0,0,16,0,0,0,0,0,0,0,0,0,0
0,0,0,0,17,0,0,0,0,0,0,0,0,0,0
0,0,0,0,18,0,0,0,0,0,0,0,0,0,0
0,0,0,0,19,0,0,0,0,0,0,0,0,0,0
0,0,0,0,20,0,0,0,0,0,0,0,0,0,0
0,0,0,0,21,0,0,0,0,0,0,0,0,0,0
0,0,0,0,22,0,0,0,0,0,0,0,0,0,0
0,0,0,0,23,0,0,0,0,0,0,0,0,0,0
0,0,0,0,0,0,0,0,0,0,0,0,0,0,0
0,0,0,0,1,0,0,0,0,0,0,0,0,0,0
0,0,0,0,2,0,0,0,0,0,0,0,0,0,0
0,0,0,0,3,0,0,0,0,0,0,0,0,0,0
0,0,0,0,4,0,0,0,0,0,0,0,0,0,0
0,0,0,0,5,0,0,0,0,0,0,0,0,0,0
0,0,0,0,6,0,0,0,0,0,0,0,0,0,0
0,0,0,0,7,0,0,0,0,0,0,0,0,0,0
0,0,0,0,8,0,0,0,0,0,0,0,0,0,0
0,0,0,0,9,0,0,0,0,0,0,0,0,0,0
0,0,0,0,10,0,0,0,0,0,0,0,0,0,0
0,0,0,0,11,0,0,0,0,0,0,0,0,0,0
0,0,0,0,12,0,0,0,0,0,0,0,0,0,0
0,0,0,0,13,0,0,0,0,0,0,0,0,0,0
0,0,0,0,14,0,0,0,0,0,0,0,0,0,0
0,0,0,0,15,0,0,0,0,0,0,0,0,0,0
0,0,0,0,16,0,0,0,0,0,0,0,0,0,0
0,0,0,0,17,0,0,0,0,0,0,0,0,0,0
0,0,0,0,18,0,0,0,0,0,0,0,0,0,0
0,0,0,0,19,0,0,0,0,0,0,0,0,0,0
0,0,0,0,20,0,0,0,0,0,0,0,0,0,0
0,0,0,0,21,0,0,0,0,0,0,0,0,0,0
0,0,0,0,22,0,0,0,0,0,0,0,0,0,0
0,0,0,0,23,0,0,0,0,0,0,0,0,0,0
0,0,0,0,0,0,0,0,0,0,0,0,0,0,0
0,0,0,0,1,0,0,0,0,0,0,0,0,0,0
0,0,0,0,2,0,0,0,0,0,0,0,0,0,1
1,233,4063,4063,3,0,0,24920,5.3358827,2,6,6,0,0,0
0,0,0,0,4,0,0,0,0,0,0,0,0,0,0
0,0,0,0,5,0,0,0,0,0,0,0,0,0,0
0,0,0,0,6,0,0,0,0,0,0,0,0,0,0
0,0,0,0,7,0,0,0,0,0,0,0,0,0,1
1,21,15508,15508,8,0,0,2220,4.1257324,0,1,1,4,0,0
0,0,0,0,9,0,0,0,0,0,0,0,0,0,0
0,0,0,0,10,0,0,0,0,0,0,0,0,0,0
0,0,0,0,11,0,0,0,0,0,0,0,0,0,0
0,0,0,0,12,0,0,0,0,0,0,0,0,0,0
0,0,0,0,13,0,0,0,0,0,0,0,0,0,0
0,0,0,0,14,0,0,0,0,0,0,0,0,0,0
0,0,0,0,15,0,0,0,0,0,0,0,0,0,1
1,55,124848,124848,16,0,0,58021,4.2883406,0,1,1,0,0,0
0,0,0,0,17,0,0,0,0,0,0,0,0,0,0
0,0,0,0,18,0,0,0,0,0,0,0,0,0,1
1,3,104,104,19,0,0,98,6.31415,0,1,1,1,0,0
0,0,0,0,20,0,0,0,0,0,0,0,0,0,0
0,0,0,0,21,0,0,0,0,0,0,0,0,0,0
0,0,0,0,22,0,0,0,0,0,0,0,0,0,0
0,0,0,0,23,0,0,0,0,0,0,0,0,0,0
0,0,0,0,0,0,0,0,0,0,0,0,0,0,0
0,0,0,0,1,0,0,0,0,0,0,0,0,0,0
0,0,0,0,2,0,0,0,0,0,0,0,0,0,0
0,0,0,0,3,0,0,0,0,0,0,0,0,0,0
0,0,0,0,4,0,0,0,0,0,0,0,0,0,0
0,0,0,0,5,0,0,0,0,0,0,0,0,0,0
0,0,0,0,6,0,0,0,0,0,0,0,0,0,0
0,0,0,0,7,0,0,0,0,0,0,0,0,0,0
0,0,0,0,8,0,0,0,0,0,0,0,0,0,0
0,0,0,0,9,0,0,0,0,0,0,0,0,0,0
0,0,0,0,10,0,0,0,0,0,0,0,0,0,1
1,111,565,565,11,0,0,955,3.9633818,4,1,1,2,0,0
0,0,0,0,12,0,0,0,0,0,0,0,0,0,0
0,0,0,0,13,0,0,0,0,0,0,0,0,0,0
0,0,0,0,14,0,0,0,0,0,0,0,0,0,0
0,0,0,0,15,0,0,0,0,0,0,0,0,0,0
0,0,0,0,16,0,0,0,0,0,0,0,0,0,0
0,0,0,0,17,0,0,0,0,0,0,0,0,0,1
1,4,2046,2046,18,0,0,6297,3.2651882,0,1,1,1,0,0
0,0,0,0,19,0,0,0,0,0,0,0,0,0,0
0,0,0,0,20,0,0,0,0,0,0,0,0,0,1
1,3,19482,19482,21,0,0,48546,3.8480303,0,1,1,1,0,0
0,0,0,0,22,0,0,0,0,0,0,0,0,0,1
1,2,812,812,23,0,0,8396,6.5646687,0,1,0,0,0,0
0,0,0,0,0,0,0,0,0,0,0,0,0,0,0
0,0,0,0,1,0,0,0,0,0,0,0,0,0,4
4,1154,1228513,1079587,2,0,2,127615,15.9309972,13,4,4,0,0,0
0,0,0,0,3,0,0,0,0,0,0,0,0,0,1
1,5,280,280,4,0,0,5064,4.2683663,1,1,1,1,0,2
2,758,2850393,1425205,5,0,2,29332,8.6362409,2,2,2,2,0,0
0,0,0,0,6,0,0,0,0,0,0,0,0,0,0
0,0,0,0,7,0,0,0,0,0,0,0,0,0,0
0,0,0,0,8,0,0,0,0,0,0,0,0,0,0
0,0,0,0,9,0,0,0,0,0,0,0,0,0,0
0,0,0,0,10,0,0,0,0,0,0,0,0,0,0
0,0,0,0,11,0,0,0,0,0,0,0,0,0,1
1,4,130,130,12,0,0,269,3.4568136,0,1,1,0,0,0
0,0,0,0,13,0,0,0,0,0,0,0,0,0,0
0,0,0,0,14,0,0,0,0,0,0,0,0,0,0
0,0,0,0,15,0,0,0,0,0,0,0,0,0,0
0,0,0,0,16,0,0,0,0,0,0,0,0,0,0
0,0,0,0,17,0,0,0,0,0,0,0,0,0,0
0,0,0,0,18,0,0,0,0,0,0,0,0,0,0
0,0,0,0,19,0,0,0,0,0,0,0,0,0,0
0,0,0,0,20,0,0,0,0,0,0,0,0,0,0
0,0,0,0,21,0,0,0,0,0,0,0,0,0,2
2,11,6026,3400,22,0,0,23870,10.7209834,0,2,2,2,0,0
0,0,0,0,23,0,0,0,0,0,0,0,0,0,0
0,0,0,0,0,0,0,0,0,0,0,0,0,0,0
0,0,0,0,1,0,0,0,0,0,0,0,0,0,1
1,4,118,118,2,0,0,21,4.178634,0,1,2,0,0,0
0,0,0,0,3,0,0,0,0,0,0,0,0,0,0
0,0,0,0,4,0,0,0,0,0,0,0,0,0,0
0,0,0,0,5,0,0,0,0,0,0,0,0,0,1
1,3,78,78,6,0,0,2241,3.3429308,0,1,1,1,0,0
0,0,0,0,7,0,0,0,0,0,0,0,0,0,0
0,0,0,0,8,0,0,0,0,0,0,0,0,0,0
0,0,0,0,9,0,0,0,0,0,0,0,0,0,0
0,0,0,0,10,0,0,0,0,0,0,0,0,0,0
0,0,0,0,11,0,0,0,0,0,0,0,0,0,0
0,0,0,0,12,0,0,0,0,0,0,0,0,0,0
0,0,0,0,13,0,0,0,0,0,0,0,0,0,0
0,0,0,0,14,0,0,0,0,0,0,0,0,0,0
0,0,0,0,15,0,0,0,0,0,0,0,0,0,0
0,0,0,0,16,0,0,0,0,0,0,0,0,0,0
0,0,0,0,17,0,0,0,0,0,0,0,0,0,3
3,146,3566,1852,18,0,0,25982,14.1797238,0,4,3,1,0,0
0,0,0,0,19,0,0,0,0,0,0,0,0,0,0
0,0,0,0,20,0,0,0,0,0,0,0,0,0,3
3,9,29847,9949,21,0,0,393399,11.664392,0,3,2,0,0,0
0,0,0,0,22,0,0,0,0,0,0,0,0,0,1
1,22,4143,4143,23,0,0,25209,4.0302505,0,1,1,0,0,1
1,115,68864,68864,0,0,0,12485,4.300598,0,1,1,0,0,0
0,0,0,0,1,0,0,0,0,0,0,0,0,0,0
0,0,0,0,2,0,0,0,0,0,0,0,0,0,0
0,0,0,0,3,0,0,0,0,0,0,0,0,0,0
0,0,0,0,4,0,0,0,0,0,0,0,0,0,0
0,0,0,0,5,0,0,0,0,0,0,0,0,0,0
0,0,0,0,6,0,0,0,0,0,0,0,0,0,0
0,0,0,0,7,0,0,0,0,0,0,0,0,0,0
0,0,0,0,8,0,0,0,0,0,0,0,0,0,0
0,0,0,0,9,0,0,0,0,0,0,0,0,0,0
0,0,0,0,10,0,0,0,0,0,0,0,0,0,0
0,0,0,0,11,0,0,0,0,0,0,0,0,0,0
0,0,0,0,12,0,0,0,0,0,0,0,0,0,0
0,0,0,0,13,0,0,0,0,0,0,0,0,0,0
0,0,0,0,14,0,0,0,0,0,0,0,0,0,0
0,0,0,0,15,0,0,0,0,0,0,0,0,0,0
0,0,0,0,16,0,0,0,0,0,0,0,0,0,1
1,101,738348,738348,17,0,0,42419,4.0294294,0,1,1,1,0,0
0,0,0,0,18,0,0,0,0,0,0,0,0,0,1
1,3,9991,9991,19,0,0,131606,4.3409657,0,1,1,0,0,1
1,10,143,143,20,0,0,1940,4.1482925,0,1,1,0,0,0
0,0,0,0,21,0,0,0,0,0,0,0,0,0,2
2,16,14142,9991,22,0,0,157035,8.2740616,0,2,2,0,0,0
0,0,0,0,23,0,0,0,0,0,0,0,0,0,1
1,33,59888,59888,0,0,0,19203,3.6682746,0,1,1,0,0,1
1,10,1664,1664,1,0,1,1667,4.266575,0,1,1,0,0,0
0,0,0,0,2,0,0,0,0,0,0,0,0,0,0
0,0,0,0,3,0,0,0,0,0,0,0,0,0,3
3,11,21825,12294,4,0,0,29480,9.9359527,0,3,2,3,0,0
0,0,0,0,5,0,0,0,0,0,0,0,0,0,0
0,0,0,0,6,0,0,0,0,0,0,0,0,0,1
1,12,17508,17508,7,0,0,48324,6.9508257,0,1,1,0,0,0
0,0,0,0,8,0,0,0,0,0,0,0,0,0,59
59,67,101370,9999,9,27,0,4757977,248.2596006,0,65,3,1,0,53
53,58,104572,17044,10,0,0,3136401,229.9840387,0,53,0,4,0,55
55,63,93295,10002,11,67,0,3755461,226.6834571,0,57,5,11,0,66
66,123,97979,12244,12,7,0,4172789,274.4372566,1,67,1,8,0,62
62,80,122863,14815,13,3,0,4035274,268.5735235,1,70,6,8,0,79
79,97,162691,44154,14,-31,0,3700456,321.2962906,0,86,2,8,0,85
85,112,240108,25455,15,-49,0,4306374,370.0873929,3,92,1,27,1,146
146,184,482184,171839,16,-2,0,6069907,633.9938906,2,153,10,30,0,177
177,258,578307,121490,17,-4,2,8128191,752.302825,6,181,2,42,0,155
155,191,311790,28782,18,29,0,8853884,668.926772,1,158,9,42,1,219
219,298,2247131,801012,19,43,0,11224439,967.627494,4,223,13,52,0,235
235,333,712815,125551,20,100,1,10599038,1002.938807,2,239,7,84,0,242
242,306,1201339,496893,21,205,0,12066135,1012.919748,1,252,11,64,0,237
237,286,758216,109442,22,100,2,11153720,1025.668323,0,242,2,84,0,232
232,303,783301,121491,23,269,1,10933058,978.2264075,2,244,16,72,0,335
335,396,1303341,496884,0,249,0,14318047,1344.047007,1,362,26,39,1,98
98,114,179593,44167,1,-47,2,4205000,401.8246696,1,102,1,30,0,96
96,115,256677,41232,2,92,0,3505075,383.3487658,1,100,1,27,0,100
100,131,140082,24628,3,56,12,3555076,427.7028119,1,105,1,18,0,119
119,285,954854,740780,4,-85,4,5909303,499.9903334,4,129,6,33,0,145
145,169,244752,44198,5,196,0,7204458,607.8741902,1,150,5,20,0,108
108,123,185331,37587,6,26,0,5499056,478.2429331,0,113,6,17,2,79
79,86,167161,49515,7,0,0,4145372,325.3385134,0,80,0,10,0,55
55,64,112168,45045,8,0,0,2776408,227.7381843,0,55,0,3,0,56
56,76,891924,186448,9,-5,3,3827491,259.130368,0,64,3,7,0,226
226,345,3282328,3162962,10,1,1,7113208,839.2576571,2,286,67,8,0,112
112,115,182757,32279,11,0,0,4496420,430.0104041,0,112,0,5,0,119
119,132,189787,73539,12,155,0,7283943,484.0998929,1,124,3,10,0,256
256,315,464879,147594,13,-108,0,4745597,974.4876741,1,267,23,15,0,74
74,205,304903,185458,14,-13,164,3892660,300.6027614,3,114,44,21,0,130
130,162,315686,22065,15,85,0,7119803,558.092146,1,136,2,40,0,230
230,259,423625,22431,16,0,1,12117583,985.9695422,0,230,1,20,0,251
251,312,463503,32137,17,50,0,10432487,1037.557618,1,256,6,88,0,223
223,266,433739,24828,18,100,0,9740801,958.1765441,3,224,7,56,0,115
115,132,274702,33220,19,0,2,5920411,481.7213641,0,115,0,26,0,211
211,267,624994,125664,20,116,3,9942080,884.3814435,4,220,14,49,0,298
298,366,2279015,320229,21,300,1,14402874,1270.446549,6,306,7,85,0,231
231,376,546790,69020,22,226,0,9094725,977.4615821,1,253,32,77,0,263
263,314,389458,39605,23,100,0,7715473,1082.119901,1,269,5,93,0,373
373,429,601961,126735,0,82,0,10248794,1432.897898,0,378,5,46,0,150
150,215,422864,127149,1,185,2,5261666,629.0534657,2,161,10,33,0,134
134,192,620159,320197,2,15,1,6143351,563.648239,1,141,6,35,0,218
218,250,381372,44246,3,50,0,8757146,895.9987243,4,225,5,51,0,118
118,135,137799,10043,4,50,0,6252134,503.2565791,1,120,3,14,0,89
89,98,134994,10588,5,0,0,4189331,387.3963695,1,91,2,19,0,92
92,103,166601,35884,6,77,0,7543300,369.1731596,0,96,1,14,0,63
63,68,69596,10046,7,0,0,3057715,261.9866311,0,66,0,13,1,32
32,38,176639,147500,8,67,0,1864876,131.4409996,0,33,1,6,0,62
62,73,194445,44241,9,46,0,4179168,256.570645,1,65,5,6,0,19
19,23,13787,3986,10,0,1,625555,76.21176,0,20,0,1,0,14
14,16,233791,147507,11,0,0,1173753,66.5888647,0,15,0,0,0,23
23,37,58995,31975,12,77,58,870314,99.0101959,1,24,1,5,0,127
127,130,79929,10047,13,0,0,13981171,519.4464869,0,127,0,9,0,40
40,46,81051,21740,14,0,0,3855191,167.2471083,0,40,0,14,0,40
40,67,142435,35891,15,72,17,1539478,179.0539526,1,41,1,16,0,194
194,268,375460,66300,16,136,1,7864514,825.0207468,4,215,15,77,0,185
185,234,766197,126833,17,119,1,6592169,815.9145234,1,196,4,82,0,212
212,250,898732,280638,18,-6,0,8662787,913.8122702,2,218,6,51,0,190
190,252,434293,44252,19,150,3,6380075,817.7999935,3,199,9,71,0,253
253,325,970825,147495,20,15,3,10289492,1112.153158,8,265,6,66,0,286
286,405,921308,121478,21,-27,1,11441894,1266.679397,4,333,27,57,0,192
192,248,454776,39163,22,75,0,7633999,839.0787785,4,211,16,45,0,252
252,300,1408695,147512,23,-7,3,13676609,1138.020309,2,257,2,63,1,203
203,272,485185,147493,0,116,3,8159457,858.1583834,3,207,4,49,0,111
111,152,306216,74868,1,26,18,4576579,480.5108024,2,118,11,36,0,231
231,263,917343,320188,2,54,0,11297040,984.6773075,2,240,7,44,0,209
209,232,418425,44262,3,0,1,8449245,892.1861513,1,214,0,35,0,110
110,129,170810,26196,4,0,0,4417597,478.832917,1,114,0,28,0,128
128,152,155953,17523,5,71,0,2504072,519.9655521,3,134,5,51,0,73
73,84,110778,22119,6,-100,0,2816786,311.1487115,0,76,0,14,0,103
103,115,99988,7230,7,0,2,4033423,415.9961572,1,103,0,6,0,89
89,98,150949,10078,8,0,0,5114264,393.4473535,0,91,0,9,0,52
52,60,51394,17061,9,-41,0,1855768,216.3651711,1,55,1,9,0,57
57,72,100989,31985,10,126,0,3254919,228.3635125,0,62,6,12,0,42
42,54,69812,31986,11,0,1,2196892,175.1009745,0,42,0,5,0,82
82,224,191780,13309,12,90,2,6149393,345.7229364,2,103,33,12,0,145
145,160,1050570,147507,13,56,0,5016632,620.5691837,0,151,3,7,0,43
43,53,104216,66344,14,-80,10,1827941,181.8124809,0,45,0,13,0,94
94,200,190662,24835,15,52,2,3987084,406.0589009,2,97,3,26,0,92
92,120,389348,153545,16,96,0,5056082,419.9839624,2,99,10,15,0,163
163,193,585960,127092,17,-12,3,8353742,713.178086,0,170,1,41,0,163
163,208,675049,121478,18,0,1,6833462,711.6464691,1,166,1,45,0,132
132,190,339366,47019,19,0,4,4754300,568.5108802,3,134,0,18,0,150
150,182,328034,45014,20,-20,0,6838807,656.1614793,0,154,2,24,0,268
268,325,655660,121479,21,143,0,12705271,1160.307381,4,281,7,46,0,187
187,210,427548,90624,22,-107,0,7294059,819.3256358,2,192,2,31,0,219
219,303,531999,100476,23,165,1,6686467,984.5587645,2,244,27,44,0,205
205,310,1083598,320199,0,-78,0,8155342,897.821573,4,215,11,82,0,125
125,212,348847,147486,1,66,5,4367879,527.400776,2,140,13,47,0,221
221,275,901360,320194,2,129,0,9894053,974.6763506,1,226,9,44,0,212
212,264,748154,320192,3,63,0,8347890,965.5504816,3,223,6,57,0,130
130,168,179622,35928,4,175,0,4871104,557.7058191,2,135,10,31,0,176
176,767,9535253,8796062,5,285,1,7318331,764.2847487,10,284,335,61,0,125
125,166,256414,66010,6,17,0,3771311,547.5315032,2,129,4,29,0,158
158,230,396774,148744,7,8,0,3828298,643.8805464,2,167,10,66,0,106
106,139,144962,13307,8,0,0,5136480,447.0291937,1,109,0,37,2,79
79,94,86037,20668,9,0,1,2932105,334.9303956,0,82,0,10,0,134
134,151,154867,18185,10,-72,0,4775474,557.7848652,0,136,1,27,0,66
66,83,110756,26770,11,0,2,883045,260.9354544,0,66,1,43,0,6
6,8,8282,6307,12,0,6,72928,24.120465,0,6,0,3,0,131
131,393,341659,145844,13,-12,3,2246747,555.7153052,0,207,81,35,0,234
234,347,2857484,2483252,14,87,7,5165134,978.9115519,2,242,11,40,1,321
321,468,1441840,566736,15,103,8,8376040,1367.01773,3,332,18,96,2,413
413,544,1091894,249118,16,279,4,7793009,1755.779971,5,422,18,142,2,570
570,733,1094013,121465,17,225,1,11277277,2527.612451,3,581,13,206,0,626
626,972,2550889,566850,18,777,13,14697445,2752.301688,11,646,33,164,1,479
479,687,1870827,642619,19,283,33,9304202,2167.436316,11,488,8,148,1,1250
1250,2335,9199334,4539367,20,740,30,16709721,5610.822495,30,1298,72,355,3,2143
2143,3033,5329156,646380,21,1425,9,34486996,9818.550345,27,2233,133,450,4,1669
1669,2366,3992678,249334,22,1050,11,30775252,7576.229833,14,1728,95,426,3,1439
1439,2377,3590676,362115,23,630,6,25196317,6566.597166,22,1542,182,314,4,5621
5621,9606,20142996,4540988,0,229,226,75150556,25927.47748,97,5737,392,1089,17,1986
1986,2645,6825111,2485054,1,280,56,57905178,8878.319195,24,2023,81,375,3,1270
1270,1887,8684533,4541366,2,253,16,44447892,5633.536119,19,1319,54,231,3,2083
2083,3153,5081940,634960,3,342,16,42242284,9479.212854,44,2131,82,401,6,1355
1355,2268,4160208,431201,4,358,12,28189648,6129.759823,35,1416,81,423,2,484
484,772,1538677,320212,5,100,6,11951255,2158.461279,7,497,13,126,0,357
357,441,657503,97335,6,-100,3,15222957,1591.049054,3,362,6,56,1,300
300,492,510980,43262,7,-67,4,9670449,1379.451802,9,306,5,84,0,263
263,369,352147,44341,8,81,0,9482242,1154.623701,1,276,14,62,0,158
158,206,614671,227961,9,106,0,5239951,676.2661797,1,168,14,39,0,161
161,226,458394,282638,10,252,0,4412447,697.9814817,0,171,13,21,0,164
164,215,517832,283771,11,324,0,5172017,698.8829037,1,176,20,33,1,164
164,214,407059,44338,12,-29,0,3827770,717.5163002,2,173,2,43,0,224
224,311,432743,38666,13,122,1,8944228,1001.855564,3,231,7,61,0,206
206,288,846975,121469,14,165,6,9533853,954.8444776,3,213,9,32,0,289
289,695,1390342,483951,15,73,9,8922161,1318.107774,9,297,10,67,1,519
519,774,3127855,1077268,16,-43,2,13823657,2222.479858,8,535,31,137,1,381
381,890,2298861,791969,17,200,4,11589408,1740.619689,11,390,16,113,0,391
391,615,1451202,320211,18,-10,2,11246431,1775.016472,5,409,20,74,0,262
262,357,581032,84675,19,95,4,8345827,1141.50569,6,269,9,75,0,335
335,471,681260,112282,20,-53,0,8647055,1452.398061,1,344,9,103,0,306
306,781,9975234,8853852,21,-6,2,9952689,1389.568718,3,421,89,79,1,348
348,431,837727,121462,22,0,1,11075381,1519.970596,2,349,0,69,0,210
210,287,783828,121461,23,81,0,8938056,923.1177001,4,218,3,50,0,264
264,341,1216202,648335,0,155,1,8543127,1160.708537,3,279,12,72,0,144
144,323,426176,69540,1,35,17,5267286,628.2805051,0,154,11,48,0,171
171,230,846731,320201,2,23,1,7700427,750.5867703,5,177,7,27,1,340
340,398,1069220,697679,3,0,5,8646610,1403.175256,2,344,2,43,2,191
191,241,201794,19160,4,247,0,4937150,803.4992442,1,198,14,36,0,153
153,193,212680,19160,5,2,0,5760350,668.6242379,2,159,5,29,0,132
132,142,176307,24842,6,0,0,5373722,560.054993,0,134,0,12,0,107
107,123,224899,58941,7,-41,0,7970020,465.5976749,0,111,4,19,0,113
113,131,1379197,1256968,8,35,0,6024648,502.7472353,2,118,6,10,0,115
115,132,167099,18635,9,8,0,3138526,479.7391041,1,116,3,4,0,79
79,87,115968,7352,10,-35,0,5645418,327.9416331,0,80,0,18,0,95
95,111,173826,53756,11,69,0,5030360,396.9201232,0,97,1,8,0,91
91,113,95966,7351,12,-8,0,4112710,373.4337255,1,94,1,14,0,102
102,132,308130,48111,13,-50,0,5480344,459.211414,2,103,4,29,0,85
85,107,209765,26570,14,186,1,2915771,382.6330917,1,89,12,20,0,106
106,152,439756,174772,15,-21,3,5032883,458.6279863,3,112,13,29,0,167
167,205,1649119,1215862,16,39,1,10314092,749.9206162,0,174,6,23,1,192
192,262,1355914,1078813,17,100,0,5389596,840.9889739,2,195,5,57,0,231
231,642,1496108,968313,18,17,0,8049693,1001.780348,8,238,79,77,0,128
128,162,129298,7356,19,-6,0,3509588,552.1328746,0,134,4,19,0,177
177,214,421749,90858,20,79,0,4120593,792.8929574,1,184,6,41,0,7
7,20,60851,47985,21,0,17,482850,28.4298217,0,7,1,0,0,16
16,30,74363,26573,22,0,14,786836,72.6872097,0,16,0,10,0,182
182,205,254370,13764,23,54,0,10401387,792.4883623,0,185,1,29,0,187
187,199,250580,13208,0,0,0,7971454,787.3348332,0,188,0,36,0,159
159,173,231304,61580,1,0,0,5388131,702.7528036,0,160,0,44,0,189
189,235,322743,67403,2,101,4,5907076,817.7512485,1,197,10,43,0,202
202,672,362127,69558,3,23,3,7993920,861.8460036,5,214,13,35,0,143
143,257,536290,120004,4,73,0,6247122,625.6417622,7,155,14,28,0,624
624,5041,1890436,357141,5,235,3,13505670,2850.771215,25,660,49,162,2,594
594,893,618189,55370,6,312,0,16679906,2524.155362,7,614,41,112,1,255
255,308,706900,320247,7,153,0,10237348,1108.801965,4,259,5,64,0,180
180,274,480892,282827,8,-21,0,6971871,781.991452,4,183,2,23,0,107
107,137,190724,48073,9,-58,0,5325322,451.6875471,0,110,0,7,0,94
94,117,235846,52855,10,22,0,6119199,399.7941964,0,99,3,17,0,87
87,115,913427,808608,11,-12,0,4344011,387.0395476,1,88,1,20,0,219
219,329,354683,29326,12,177,0,9626124,916.3301873,5,225,8,42,1,219
219,329,345216,49713,13,37,0,5866500,986.015588,3,221,5,45,0,151
151,192,464265,113498,14,12,4,4939178,647.9488253,1,155,6,47,1,193
193,369,806758,513266,15,-24,161,4978021,867.6950451,4,197,4,53,0,205
205,381,689592,174047,16,56,214,4974452,943.7807517,4,207,3,58,0,202
202,239,643799,121462,17,95,0,5587920,888.7924427,2,206,2,43,0,174
174,235,524898,121331,18,169,8,5245586,779.6315833,4,183,11,36,1,188
188,392,870770,470963,19,86,4,5701599,834.1088064,5,196,13,50,0,168
168,288,763335,292576,20,35,11,7165538,750.9637781,2,172,2,62,0,176
176,626,790154,74916,21,-25,3,4070171,785.7495893,8,186,9,54,0,173
173,270,677921,266357,22,-69,11,7866638,729.1819978,5,176,1,42,0,203
203,257,389352,41908,23,-111,2,5668657,924.7500086,2,213,5,42,0,236
236,354,630438,251017,0,-70,1,6580657,1044.907195,3,244,6,67,1,234
234,323,271474,22676,1,8,0,7477447,1052.314484,12,241,3,69,0,317
317,501,584846,78402,2,120,2,12267622,1393.819716,8,326,13,73,1,197
197,306,500963,142247,3,94,0,6888148,864.9033949,2,204,9,41,0,252
252,325,456438,195580,4,146,0,6774889,1074.196846,6,263,6,88,0,254
254,314,797085,320264,5,106,1,11366343,1072.735639,0,266,14,45,0,407
407,432,316387,41912,6,0,3,12974220,1609.260832,1,409,0,36,0,131
131,148,876776,320245,7,0,1,7137334,563.6995372,1,135,0,28,0,148
148,158,112692,25518,8,145,0,4521941,594.9185458,0,152,5,6,1,90
90,106,162396,44150,9,0,1,4722510,374.2778352,1,93,0,10,0,60
60,81,75789,11579,10,0,2,4124959,253.7601195,3,61,0,6,0,100
100,107,108063,12242,11,0,0,4793270,413.1734892,0,100,0,4,0,67
67,74,69366,7372,12,0,3,6163100,306.020058,0,67,0,16,0,118
118,139,89523,6330,13,44,2,3264047,491.5795319,0,120,3,28,0,70
70,109,256387,121460,14,0,8,3033118,305.1186375,1,70,1,19,0,177
177,335,5378709,4795526,15,0,13,5670005,807.9681811,4,182,5,39,0,189
189,265,732125,311024,16,30,5,7378907,894.5733183,7,199,7,59,0,349
349,434,1007475,353021,17,191,0,11015232,1551.348144,6,355,11,116,1,366
366,425,932666,320257,18,-24,0,15408664,1604.818871,2,371,2,118,0,246
246,330,1675299,928950,19,12,1,7553968,1161.632961,5,248,1,70,0,152
152,198,473897,87996,20,56,7,7001128,668.7385464,0,155,6,45,0,132
132,160,183440,26734,21,0,10,3753435,575.0198395,1,134,1,36,0,12
12,35,247755,118742,22,0,111,686301,61.2635148,1,12,0,4,0,16
16,74,188905,152367,23,0,180,434270,85.149783,2,16,0,5,0,14
14,45,63191,19250,0,0,15,541703,64.5779982,1,14,0,7,0,171
171,322,657136,334198,1,-150,4,6667192,773.9289763,5,181,8,38,0,516
516,613,542898,46749,2,188,1,12588959,2148.68948,3,535,26,72,1,549
549,638,504267,74892,3,92,0,11551888,2264.227174,1,564,27,47,0,234
234,380,350136,55432,4,173,0,7101341,1036.459455,4,258,36,44,0,242
242,275,380307,74875,5,12,1,9347194,1042.86815,2,245,2,42,0,202
202,275,329328,36110,6,101,0,9355534,945.2077536,6,217,23,35,0,171
171,214,630612,147509,7,124,0,9393168,798.1771923,1,178,5,18,0,108
108,123,162538,44846,8,12,0,3842720,444.3133497,0,111,4,23,0,119
119,125,161387,16223,9,69,0,3321004,499.9101703,0,120,3,6,0,82
82,93,101777,10259,10,17,0,5367360,348.3538375,0,88,6,10,0,85
85,108,232965,41011,11,42,0,5184356,371.2091659,1,90,4,17,0,109
109,148,499576,157518,12,86,0,5292918,488.2018562,1,116,9,18,0,133
133,155,325982,121460,13,-23,0,3288665,607.2749664,0,136,2,21,0,198
198,234,357084,44686,14,100,1,6863124,837.5278108,2,199,4,60,0,238
238,304,1142746,593650,15,123,3,8167421,1042.864002,2,240,7,55,0,568
568,643,471735,41924,16,155,0,13976639,2306.895922,4,572,9,57,0,542
542,667,1280792,496335,17,58,3,16389324,2312.748952,9,546,3,72,0,322
322,461,616582,148613,18,95,6,7032315,1396.542982,5,335,19,49,0,390
390,517,948326,121458,19,75,0,14222692,1848.855892,8,398,7,65,0,537
537,726,2328717,343326,20,38,2,20946403,2410.443002,4,548,11,97,1,611
611,740,1585400,320259,21,-38,1,15101635,2508.838852,9,621,8,99,1,391
391,1343,1283254,320260,22,-24,0,22181437,1784.916608,13,407,18,74,0,312
312,501,1553535,334855,23,-31,1,14158167,1411.417093,7,320,12,72,0,158
158,281,5038520,4574414,0,77,2,6423823,746.3957917,1,166,15,32,0,235
235,466,1253125,275166,1,90,0,11197539,1035.052026,4,244,25,59,0,221
221,257,452079,52585,2,0,0,10156509,996.9304553,5,223,0,44,0,221
221,296,2255858,1718435,3,-46,2,9141269,983.0048986,1,222,1,40,0,191
191,214,283473,53253,4,0,0,8976188,820.1455067,0,194,1,20,0,146
146,170,439096,148609,5,0,0,5799161,647.5388849,0,147,0,33,0,141
141,185,215479,50241,6,31,0,5854639,615.769217,1,149,3,8,0,116
116,195,169117,15375,7,80,0,4465260,512.3030792,4,117,4,19,0,137
137,145,192352,30783,8,-38,0,8996017,577.2263579,0,141,1,9,0,117
117,142,138661,10257,9,-19,0,7073061,489.4727485,2,120,4,13,0,89
89,100,243576,106549,10,-38,0,5828521,379.8725145,0,93,0,11,0,108
108,125,108533,7366,11,33,0,7308581,468.6823552,0,116,5,7,0,128
128,159,198189,41953,12,157,0,5409006,531.6180386,0,138,12,4,0,72
72,84,163601,66765,13,-54,0,5007620,325.6867039,2,74,0,2,0,106
106,142,160749,50273,14,95,0,4752193,451.3150422,3,107,2,28,0,410
410,488,538641,130766,15,222,0,8555298,1675.718093,7,423,13,36,0,137
137,167,400144,134626,16,0,0,4681984,591.1131947,0,139,0,33,0,222
222,399,4717877,4199925,17,163,1,9239370,985.649686,2,254,57,61,0,188
188,227,342284,93095,18,91,3,7181720,803.4567291,1,190,2,54,0,232
232,391,1622438,496197,19,34,9,9338462,1042.387855,6,255,24,56,2,282
282,355,398946,26826,20,-68,0,9394861,1265.213878,5,292,4,82,1,670
670,1200,1474101,128550,21,17,0,16747255,3095.249376,31,714,49,145,3,347
347,895,5896646,4579842,22,196,1,11464965,1601.728443,16,379,41,73,0,296
296,399,921580,320297,23,88,0,12134472,1313.718737,8,304,14,65,0,207
207,245,383475,55567,0,40,3,10102379,948.0493209,1,210,1,43,1,189
189,378,5099546,4581011,1,232,9,9293941,832.9666501,3,224,63,33,0,191
191,238,971012,650896,2,64,0,10823940,836.9749013,2,198,8,32,0,191
191,290,483548,157835,3,268,0,7148778,835.7783169,6,207,20,36,0,153
153,200,236471,38934,4,151,0,7036746,658.4017397,2,156,5,23,0,169
169,216,222290,50328,5,-47,0,5460812,723.7138783,0,173,0,15,0,149
149,170,284514,48518,6,98,0,5048887,648.5767839,0,154,7,8,0,117
117,132,171840,24849,7,62,0,7923298,509.0163042,0,119,3,17,0,125
125,131,213935,50333,8,0,0,7117989,542.6311961,0,127,0,10,0,86
86,105,387586,147494,9,55,0,5111368,387.0027399,0,90,4,13,0,65
65,70,93808,7018,10,0,0,3725177,298.0452506,0,67,0,5,0,84
84,98,97566,18328,11,143,0,4794744,366.8129981,0,89,8,8,0,83
83,92,140421,41970,12,0,0,6269553,353.514525,0,83,1,5,0,95
95,118,272564,51140,13,158,1,7986271,416.6918496,0,101,8,4,0,85
85,108,135468,10511,14,307,0,6095667,373.8369024,0,89,7,8,0,178
178,238,423295,67670,15,112,1,9865316,816.0578979,3,185,8,39,0,173
173,227,403335,67798,16,23,0,6843972,762.4090498,1,179,6,36,0,343
343,423,926867,121452,17,240,0,9216053,1511.95454,5,357,17,46,0,200
200,232,423926,50339,18,-19,0,7799585,876.3637115,0,203,2,42,0,241
241,364,492015,67399,19,-53,2,9985357,1114.490946,3,246,4,36,0,295
295,470,474911,50341,20,19,0,10547354,1305.184601,6,307,5,98,0,248
248,396,507336,147451,21,42,0,10205324,1137.809207,1,259,6,75,1,284
284,449,495015,24863,22,75,0,8821672,1265.24929,4,292,15,86,0,268
268,383,2793165,1267929,23,107,0,10345758,1233.709567,8,280,20,62,0,254
254,323,3077837,1268091,0,143,3,10205531,1136.227622,6,263,13,60,0,245
245,338,730441,253885,1,100,6,10269857,1077.708874,5,246,6,90,0,319
319,360,1024556,489553,2,177,0,13593122,1396.091659,0,322,10,52,1,273
273,337,662652,158096,3,90,1,10341226,1216.371398,4,281,8,59,0,283
283,343,656311,158113,4,181,0,11078294,1221.371707,3,285,6,42,3,270
270,325,698843,161310,5,80,2,11006368,1191.958796,1,279,12,54,0,197
197,519,473193,186457,6,184,0,10585709,854.8076533,4,206,15,33,0,179
179,185,392387,175084,7,-16,0,11261558,836.9916622,0,181,0,11,0,148
148,155,173259,7387,8,62,0,9019475,627.8683673,1,149,1,10,0,157
157,180,283002,38235,9,-37,0,9924817,671.0481873,0,162,2,2,1,147
147,178,307582,50365,10,-68,0,9509982,628.06682,0,154,7,7,0,137
137,148,313114,74601,11,0,0,8845511,637.7266659,1,138,0,11,0,133
133,147,379056,50365,12,0,0,7487890,572.6844928,0,134,0,26,0,119
119,135,371577,77979,13,-46,0,7988398,527.6059642,0,119,1,27,0,129
129,159,448071,283384,14,-42,8,8070157,555.7877357,0,132,1,8,1,217
217,293,487429,75257,15,9,3,10833791,992.5691614,3,221,6,48,0,220
220,279,1199224,700146,16,158,4,11075987,958.9284363,0,221,5,46,0,277
277,330,731780,120602,17,99,4,12314516,1238.621016,2,284,8,73,0,248
248,294,478109,61739,18,-45,2,11238420,1169.408404,4,256,5,37,0,246
246,329,726621,210586,19,-65,1,13224429,1157.81146,3,255,5,60,0,330
330,445,876441,205317,20,235,1,12011155,1452.22603,3,335,7,66,1,172
172,278,524140,81508,21,163,14,6201124,779.6897294,1,177,5,46,0,345
345,493,1528172,496056,22,136,18,15739847,1507.391873,8,358,12,48,0,414
414,1142,1297277,128046,23,153,4,19792149,1877.89625,6,448,49,89,0,290
290,353,2261024,1270056,0,-3,3,14276679,1309.02467,4,294,7,67,0,268
268,336,2290726,924783,1,188,3,10097463,1187.742151,2,272,4,52,0,549
549,1077,2958793,496048,2,380,5,22314781,2467.773917,17,580,57,87,0,469
469,788,1423635,395064,3,112,0,21666919,2155.630676,8,478,16,75,0,318
318,379,900613,158356,4,-95,0,14524176,1381.078353,2,320,2,60,3,252
252,323,303891,27187,5,0,0,14125101,1087.986596,2,256,10,39,0,209
209,232,385130,88854,6,-92,0,11433583,928.2191763,0,211,0,19,0,176
176,223,460531,148187,7,7,0,9975900,771.3062065,5,180,6,25,0,140
140,161,555819,52956,8,34,0,8440810,615.4763972,1,145,5,20,0,112
112,130,180403,12250,9,238,3,7678823,491.165428,0,113,9,3,0,142
142,190,325244,52764,10,171,0,8291872,616.6898767,1,159,19,19,0,125
125,139,205613,27351,11,0,0,7546903,572.0605112,0,125,0,13,0,152
152,173,244101,18820,12,121,0,6253058,676.0913801,0,153,4,20,0,128
128,179,296097,42010,13,0,1,7666489,630.7413505,5,132,0,28,1,160
160,190,306309,49798,14,-16,3,9165874,727.9948153,2,161,4,48,0,237
237,327,754456,157621,15,168,1,11685705,1124.042785,5,246,11,84,1,314
314,408,1824294,496018,16,-42,14,11845743,1422.998069,7,326,4,120,0,261
261,374,1201585,594261,17,218,1,10608205,1187.35367,9,273,11,99,0,365
365,2439,935086,187933,18,21,8,14312202,1638.144449,7,385,24,96,1,305
305,407,1962219,496009,19,266,1,11665097,1461.205988,3,309,13,94,0,416
416,606,919887,100441,20,26,0,12749257,1850.116077,11,423,9,100,0,394
394,643,1451884,239546,21,0,3,13329886,1744.668611,5,398,6,111,0,300
300,434,903481,211110,22,-16,0,13802390,1344.678531,2,307,6,84,0,327
327,440,860607,215605,23,81,0,14215517,1496.858099,5,331,4,66,0,312
312,2437,1401934,495977,0,39,0,15226633,1396.226879,8,319,6,70,1,242
242,323,426378,61798,1,244,6,9061586,1069.001511,3,248,8,69,1,219
219,743,9439916,9064871,2,32,0,10786615,1030.439942,7,323,232,62,0,265
265,352,489642,49830,3,162,2,13171704,1253.423326,3,277,15,41,0,224
224,279,520162,42023,4,67,0,10703120,984.0395705,0,228,8,38,0,204
204,234,208016,16257,5,0,0,8189120,867.152987,1,207,2,32,0,207
207,244,364064,55590,6,-31,0,11955898,946.7437594,2,208,2,26,0,190
190,204,304026,32127,7,-63,0,11035550,841.7233621,0,193,2,26,0,148
148,161,469333,283645,8,0,0,6827087,644.3623311,0,149,0,13,0,111
111,129,201776,39223,9,0,0,6099203,471.7033136,1,112,2,9,0,82
82,85,151382,42025,10,0,0,6477882,330.9323105,0,82,1,10,0,84
84,93,117156,7721,11,0,0,4849343,367.4202896,1,85,0,12,0,102
102,117,175262,32023,12,0,0,5856638,445.4698138,2,102,0,21,0,118
118,215,212694,51189,13,-9,29,5072913,533.8241889,2,123,7,27,0,95
95,122,210410,52819,14,0,2,3506652,412.9367599,0,95,0,10,1,107
107,128,127731,15957,15,3,2,3413285,439.6813717,0,109,3,20,0,172
172,484,2512757,978004,16,64,0,7156326,776.4702237,8,189,101,59,0,226
226,290,410629,34372,17,14,7,7803903,1009.58759,4,230,3,57,1,349
349,490,1250376,255446,18,100,14,15044430,1617.259846,4,355,6,95,0,283
283,400,665420,148289,19,200,4,10563026,1311.860311,7,287,5,98,0,292
292,373,718675,255498,20,300,30,9906063,1270.478388,3,299,11,85,0,242
242,399,5344906,3034938,21,36,2,8477408,1096.319448,4,244,7,75,0,260
260,1199,9877089,9083958,22,280,0,8012345,1174.35359,14,330,113,78,0,316
316,632,1000798,227132,23,561,0,10276176,1398.651468,8,328,38,97,0,390
390,447,523756,78077,0,136,1,10470620,1727.103868,1,397,6,72,0,348
348,584,1718686,676512,1,127,4,13431398,1529.299817,3,364,43,99,0,300
300,419,3266774,2663390,2,120,14,9796961,1302.529962,6,311,11,94,0,257
257,296,1522310,417539,3,62,0,11396417,1169.477942,0,263,7,33,0,181
181,232,534521,130098,4,0,0,7935473,813.0298948,1,184,3,50,0,52
52,56,168249,100121,5,0,1,1485947,221.3186842,0,52,0,17,0,3
3,6,2978,2723,6,0,0,87528,15.0055887,0,3,0,4,0,1
1,2,1046,1046,7,0,0,34849,7.1141934,0,1,0,0,0,5
5,6,8693,3376,8,0,1,335002,23.1157398,0,5,0,1,0,438
438,484,2259904,417593,9,0,0,19977975,1848.786173,2,438,0,42,0,356
356,411,1399293,347267,10,257,0,21789497,1576.933329,0,362,4,66,1,323
323,410,2079838,483782,11,142,0,18436499,1490.114649,4,330,6,74,0,349
349,425,1659196,572257,12,27,0,18865837,1590.301112,6,354,1,68,1,337
337,399,1493970,417607,13,173,2,19252890,1537.264178,1,346,5,91,0,453
453,597,1646533,347308,14,116,5,22016469,2107.094607,9,459,4,127,0,687
687,837,2814056,417663,15,67,8,24289393,3106.844265,6,699,6,197,0,867
867,1086,2506097,130169,16,269,10,27542443,3955.725883,12,891,22,222,0,951
951,1199,5098394,1093315,17,819,10,32422912,4316.021149,7,973,22,249,0,900
900,1446,5048203,1462962,18,620,6,37553220,4175.700578,23,926,22,230,0,1063
1063,1545,4516456,703534,19,377,2,40852208,4913.419269,14,1078,14,228,1,739
739,986,2689496,152567,20,642,23,34372584,3347.007123,6,762,34,188,0,640
640,878,6266003,1719423,21,645,108,24833326,2918.265171,6,656,25,142,0,572
572,750,3341140,1026101,22,589,24,24847921,2602.091352,4,615,50,181,3,645
645,1034,3654742,547121,23,571,56,25610157,2936.830498,9,664,22,194,0,566
566,792,2966371,434797,0,654,14,25547337,2657.775494,12,577,15,161,0,888
888,1465,12846516,3035076,1,834,12,35247378,3980.842462,15,921,46,204,0,758
758,1382,13317911,9112105,2,178,57,40604415,3561.121453,13,852,121,186,0,500
500,775,4584842,1375122,3,361,46,23876535,2299.146617,7,524,22,130,0,868
868,1101,4459874,685638,4,587,7,36999138,3902.979348,11,892,32,221,0,386
386,472,764678,61257,5,145,11,16036905,1718.3519,3,390,3,82,1,160
160,222,836153,417879,6,107,18,6221465,736.3987355,3,162,3,52,0,559
559,1014,2724816,945609,7,62,0,29458101,2487.765082,4,710,142,92,1,479
479,530,1207764,320271,8,9,5,21683763,2068.870938,0,484,2,59,0,493
493,528,1670875,417881,9,0,0,24606751,2087.754668,0,499,0,54,2,349
349,415,4139869,3224222,10,125,0,18054916,1518.136419,0,355,8,32,0,301
301,333,1092539,417882,11,0,0,19157062,1309.229907,1,301,0,28,1,450
450,553,4607512,3224589,12,301,0,21005691,1984.81747,1,455,7,89,0,314
314,480,744898,116338,13,181,1,16625504,1468.445037,0,322,12,79,0,64
64,196,1700903,1465089,14,-91,477,2301325,279.8387258,0,65,1,43,0,203
203,323,2250065,1222284,15,254,36,7132248,931.0609898,5,213,20,83,0,811
811,1133,7018508,1222281,16,155,14,30711420,3735.881208,18,837,27,300,0,1002
1002,1346,3553155,186864,17,471,9,40067616,4583.329347,14,1024,15,325,0,696
696,1077,5180413,2251627,18,519,46,33305077,3225.885312,12,708,17,179,0,1425
1425,2235,7693983,652923,19,1241,23,47358487,6820.151147,28,1477,56,451,3,1856
1856,2637,6930269,924029,20,1120,0,66882920,8509.163551,50,1917,73,567,2,1595
1595,2112,6796423,444145,21,680,1,54119945,7281.092337,25,1646,61,393,0,1052
1052,1634,5835063,1222599,22,810,13,43355731,4843.276745,27,1092,56,295,1,995
995,1279,7090696,1025785,23,330,11,46914897,4625.373908,11,1013,21,374,0,578
578,742,4466409,930718,0,2,40,26431325,2610.267171,6,605,26,151,1,315
315,364,1443898,320276,1,108,4,16350034,1415.394382,1,321,6,136,0,80
80,135,965817,371355,2,-82,194,3307363,364.8409676,1,81,0,33,0,283
283,390,4833584,2672885,3,87,521,12148327,1278.913875,3,295,12,60,1,145
145,174,1208138,371560,4,-15,41,4478274,650.0329055,1,147,3,36,0,172
172,218,3207358,2179843,5,56,232,7002803,763.1631213,2,174,3,56,0,160
160,174,1409244,923811,6,0,10,5310500,707.1229386,1,161,0,30,0,123
123,133,2978032,2673776,7,0,0,4846449,554.2822183,0,124,0,27,0,103
103,121,289061,75436,8,0,0,4212929,434.7327629,2,104,0,9,0,71
71,72,134903,21748,9,0,0,3112674,300.5565466,0,71,0,11,0,86
86,91,654233,122016,10,0,7,5889079,387.0883599,0,86,0,6,0,85
85,98,295716,122016,11,100,3,3870108,388.3237325,3,87,2,16,0,88
88,89,120782,7418,12,0,0,5097683,384.7897905,0,88,0,10,0,93
93,98,146418,7418,13,0,0,5618928,414.4660998,0,93,0,17,0,126
126,190,1129609,494025,14,138,30,6575719,575.9337693,1,135,12,36,0,168
168,262,810331,175969,15,-9,54,6603808,758.1604949,1,169,0,45,0,172
172,301,2505066,879551,16,28,107,7534640,810.5909424,7,174,14,64,0,190
190,369,1543275,551457,17,146,382,6114635,860.8267017,3,192,4,58,1,235
235,610,3968142,2585856,18,127,973,10468145,1031.242079,5,270,42,75,0,237
237,314,1529694,306662,19,-91,115,8772108,1100.963846,2,240,0,89,0,211
211,484,7412926,5979956,20,132,536,6911869,952.2081864,4,215,6,45,1,291
291,397,1809102,226097,21,9,63,11098557,1323.484018,6,292,1,103,0,257
257,508,1811397,376690,22,-8,222,9890232,1166.0595,7,260,5,94,0,284
284,604,4723045,2585670,23,131,208,11004047,1282.654552,11,291,8,99,0,253
253,460,4711063,2513967,0,-5,240,10788369,1185.26731,6,256,4,76,0,965
965,2092,6036330,884008,1,944,9,35684575,4384.702617,35,1064,139,292,0,1612
1612,2670,8603025,1375501,2,2198,9,60505531,7396.080131,37,1751,182,432,1,1934
1934,3526,7046616,418305,3,2419,4,67204277,8820.077123,51,2066,195,567,1,987
987,2495,10641128,4662072,4,1460,244,34081511,4638.06015,55,1092,139,343,1,1095
1095,1736,8548125,2676949,5,743,11,54249425,4959.797571,22,1155,77,350,2,983
983,1218,4074972,704602,6,386,2,57501127,4429.843604,7,996,21,162,0,816
816,1119,5528894,893431,7,493,3,40465463,3745.588132,7,835,21,139,0,570
570,689,1980655,704620,8,63,1,31105500,2484.561478,6,575,3,80,0,464
464,1228,2057845,594497,9,115,126,21120406,2023.06797,31,472,5,50,1,491
491,931,1416568,320274,10,91,0,30845050,2176.244232,9,518,10,83,0,564
564,881,3572840,934975,11,297,0,29211264,2463.720646,2,579,30,86,0,520
520,778,4017123,893484,12,338,2,23663197,2260.497564,4,562,61,123,2,575
575,1574,9656936,4334089,13,300,4,21766762,2582.009613,14,627,104,170,0,848
848,1351,8527422,2514892,14,333,7,37091199,3832.173031,17,872,28,249,4,1209
1209,2481,10152923,2514990,15,965,19,38838067,5455.879552,44,1267,87,364,3,1493
1493,2393,11401077,2253891,16,1773,17,41753451,6803.102534,44,1539,61,528,0,958
958,1461,4846349,443538,17,400,287,26566640,4336.688804,14,977,16,336,2,1553
1553,2680,13013617,2254027,18,1525,234,41147149,7008.659353,46,1592,61,449,5,892
892,1877,3605512,656953,19,-89,2,12476442,3934.077081,34,895,32,307,4,915
915,2492,3460961,549345,20,-200,140,14773372,4074.643442,33,915,47,374,0,1129
1129,2547,5741310,1282292,21,0,14,16408340,5014.499993,22,1129,63,464,3,1189
1189,3301,9754934,2197925,22,-300,11,16715087,5186.968859,30,1191,62,425,8,1996
1996,4146,11091896,2679176,23,66,35,30807169,8885.408492,78,1996,110,698,3,9452
9452,14382,48916293,2254509,0,424,200,151021866,42275.55454,162,9476,494,2518,25,7954
7954,12182,40687206,2254596,1,4824,93,167839376,35531.26175,129,8133,675,1972,12,8548
8548,13673,39768024,2254673,2,0,189,143442967,38430.39916,189,8687,562,2410,38,6726
6726,9426,25119267,2254729,3,1443,58,141586079,30455.53447,90,6761,396,1460,17,10897
10897,18905,43478841,4205091,4,6589,3586,155219999,49332.20494,206,11285,1080,2509,46,540
540,895,3083511,1375743,5,767,99,11142741,2498.209602,16,554,40,143,1,255
255,419,1355718,251597,6,164,171,5868637,1154.235363,2,264,12,68,0,477
477,568,955068,284240,7,388,2,17968999,2275.797605,0,486,25,107,0,270
270,448,706419,111465,8,50,0,12623099,1252.523318,4,273,8,44,0,210
210,249,3311542,2923087,9,-33,0,9879769,988.9336065,2,211,0,33,0,173
173,205,1820929,1224687,10,228,0,8791208,812.8004511,2,182,12,25,0,222
222,287,523433,127400,11,-25,0,11649432,1147.71675,1,223,3,21,0,198
198,1047,2943097,2517252,12,146,1,7788861,917.2035828,4,206,8,45,0,195
195,268,412300,39976,13,527,0,7447464,901.7550908,4,206,18,45,1,253
253,347,3185279,2616840,14,202,2,7186382,1161.28455,2,265,15,61,2,272
272,396,1211248,266883,15,164,3,9375211,1312.099099,9,281,15,74,0,264
264,727,1054050,232501,16,318,9,8449723,1216.568689,4,287,36,64,0,214
214,329,859163,359275,17,476,9,7055535,998.7780856,2,220,15,52,0,343
343,431,2387584,625010,18,175,0,12913153,1575.74583,4,353,18,77,0,320
320,391,778340,62006,19,417,1,13354192,1590.403255,4,326,12,69,0,1088
1088,1498,5062417,1225237,20,905,4,40249766,4832.327884,23,1128,54,298,1,1561
1561,2634,6217969,701376,21,1748,10,54944891,7004.005422,53,1668,166,376,0,1295
1295,1929,4101375,495316,22,1958,3,55877950,5828.282392,25,1392,143,312,2,1453
1453,1957,9761835,3308840,23,1332,2,65430894,6623.818841,15,1541,117,333,0,1348
1348,2041,19471706,5986484,0,602,0,62220360,6018.997493,27,1406,79,309,1,1110
1110,3126,4061691,495302,1,745,0,46015979,4935.710573,34,1161,65,275,0,927
927,1711,4417699,1031626,2,1043,0,40274029,4146.933679,14,1008,123,232,0,1078
1078,1328,2558758,105771,3,782,1,43455690,4735.577364,17,1110,35,249,0,763
763,973,2739822,361920,4,166,0,30230674,3335.296764,4,781,11,146,0,770
770,1082,6132561,3309875,5,546,2,39573219,3415.266194,7,820,68,176,0,688
688,1041,2117716,361936,6,710,0,33284174,3042.79683,3,724,57,129,0,637
637,804,1509137,91461,7,300,1,34207950,2797.818804,1,646,20,71,0,491
491,560,3968952,950521,8,333,0,32472423,2149.096127,1,498,7,50,0,388
388,419,2238668,1225647,9,-78,0,22520705,1670.863924,1,394,0,49,0,392
392,448,2545104,1345715,10,100,0,20942595,1695.416252,0,394,4,48,0,369
369,429,4308178,3310013,11,33,0,21697058,1642.836784,1,377,2,43,0,445
445,614,1574145,575425,12,208,0,23209807,1969.730208,4,493,63,69,1,488
488,654,3848186,2256426,13,99,0,23479308,2205.823388,7,503,9,108,1,614
614,914,4236747,2256497,14,162,0,31852647,2737.517543,7,674,65,118,0,739
739,942,5372302,2256568,15,660,3,29724756,3307.769523,10,764,37,123,0,831
831,1115,3527130,1100973,16,297,2,39836982,3666.583811,13,859,22,183,1,970
970,1274,7283445,2256745,17,349,2,49927010,4316.48261,11,1012,36,217,1,1009
1009,1280,4694704,495305,18,478,3,51213278,4709.359158,12,1038,23,200,0,1085
1085,1373,5638417,2520825,19,961,0,44115857,4971.867854,11,1116,39,199,0,962
962,1310,7279405,2521112,20,1564,0,35594958,4271.093688,18,1000,83,229,0,1079
1079,1335,5582562,2257049,21,1008,0,44398281,4801.06792,13,1116,67,236,3,922
922,1460,3194062,284458,22,1524,0,41638981,4183.21949,17,984,90,150,0,729
729,1034,2102305,148716,23,345,49,31578806,3298.050837,9,771,59,134,0,1012
1012,1523,4049583,297417,0,626,7,42327376,4484.046677,21,1076,64,194,0,759
759,999,3317461,320280,1,697,6,41213046,3425.119902,16,796,48,165,0,690
690,875,4031334,1760048,2,195,6,33416162,3105.129537,6,718,25,136,1,493
493,590,1149582,121444,3,101,44,24286062,2168.086876,4,508,13,93,0,216
216,259,555969,121444,4,31,6,9194085,936.8328094,3,220,2,40,0,506
506,647,976697,39172,5,224,3,23460073,2179.371311,3,521,18,91,0,502
502,598,1368484,168103,6,201,4,28061790,2268.94936,2,510,11,71,0,414
414,465,1047906,320288,7,0,3,20940405,1823.121448,0,419,2,55,0,243
243,273,2288725,1761482,8,0,1,15013002,1022.256691,0,246,0,29,0,319
319,345,486394,24849,9,0,1,18170274,1365.049455,1,320,0,17,0,198
198,216,476757,46263,10,163,0,14898281,848.420109,0,204,7,11,0,247
247,297,509316,24850,11,33,1,17587987,1074.460241,0,249,1,54,0,276
276,317,1100865,122013,12,300,0,15576757,1228.94228,3,280,6,41,0,341
341,388,926992,121445,13,100,1,18184210,1499.34938,3,343,5,63,0,388
388,431,1374820,128430,14,300,4,17270529,1678.91211,2,394,6,71,0,482
482,547,1732271,380848,15,333,6,19587890,2122.841912,4,488,13,60,1,665
665,803,1554080,111875,16,34,3,31930226,3027.038479,2,679,5,95,0,824
824,1027,2486487,577357,17,336,2,35640494,3711.496384,11,855,38,151,1,1014
1014,1342,3872133,576079,18,988,19,55551643,4751.021185,13,1051,55,175,0,710
710,893,2773046,706245,19,751,21,26456576,3223.522539,7,727,27,159,0,786
786,955,2352149,284568,20,224,3,30787817,3487.992433,6,818,21,224,0,572
572,1935,3664651,576162,21,1077,25,26510562,2583.199321,9,605,63,148,0,727
727,916,4825462,2523932,22,322,8,38168384,3347.574047,6,753,25,159,1,703
703,1027,2746125,320286,23,736,8,35445551,3149.553757,2,784,117,214,0,768
768,1084,2700733,576242,0,732,2,28344065,3364.174581,3,810,47,175,0,617
617,743,1980984,320289,1,633,3,27233351,2689.979022,4,640,24,164,0,457
457,549,1104159,158613,2,-33,6,18541897,2041.003702,4,467,4,72,0,575
575,748,2175784,495228,3,416,1,26170111,2557.80203,9,590,17,152,0,478
478,579,1484430,320294,4,134,0,18169275,2091.344312,4,493,8,126,1,493
493,671,1126137,81103,5,389,3,19978218,2181.0298,5,508,24,124,0,465
465,522,888443,55794,6,256,0,23116073,2078.401387,3,484,16,44,0,436
436,482,1156280,284628,7,33,0,18272340,1938.592694,1,440,4,57,0,336
336,369,1006953,284628,8,-100,0,18166553,1450.053869,1,340,0,42,0,275
275,339,4081628,3251612,9,11,0,13813371,1187.136169,0,285,6,20,0,219
219,240,592828,50729,10,167,0,12067607,964.7251667,0,223,5,9,0,254
254,276,625334,50730,11,300,1,13808177,1125.345204,1,260,10,15,0,226
226,263,648309,155417,12,67,2,11876732,989.5019387,1,230,5,39,0,324
324,372,3379956,2525272,13,0,8,15215092,1430.425367,2,325,0,40,1,432
432,522,1118318,121437,14,216,0,19173443,1933.535857,3,444,11,55,0,477
477,569,1081248,53702,15,266,18,22970814,2135.2214,3,486,16,68,0,538
538,651,2179310,320299,16,133,3,21802750,2412.471152,7,549,8,126,0,639
639,829,1309822,148715,17,464,18,22081591,2840.372673,2,659,29,127,0,588
588,760,1717804,122006,18,532,1,27676641,2745.891861,7,613,26,80,1,678
678,846,2797169,320300,19,590,12,24304913,2981.50973,5,686,19,145,0,686
686,1210,2661388,380929,20,331,1,31834662,2955.675419,10,725,63,125,0,639
639,786,2223139,148709,21,322,0,28916465,2792.890686,6,652,24,105,1,746
746,918,2029149,135191,22,230,0,35029331,3376.947516,3,772,33,135,0,653
653,794,1702739,158793,23,400,10,33742652,2938.67993,4,670,16,124,0,600
600,739,2279443,320298,0,134,2,26883247,2642.460309,4,614,12,126,0,595
595,698,1632534,284699,1,267,4,27331621,2653.217194,2,604,10,119,0,574
574,1167,1703692,121433,2,16,5,27017955,2533.945145,6,605,45,72,1,581
581,684,2138499,495172,3,612,0,22841869,2548.591018,3,594,25,103,0,352
352,396,1150669,113879,4,233,4,15370595,1550.691212,3,358,5,54,0,407
407,478,814734,62114,5,199,5,15813796,1775.729791,5,417,7,67,0,458
458,634,1122363,284724,6,200,2,20086940,2004.272981,3,462,5,19,0,350
350,404,657862,32096,7,0,0,16167006,1573.871247,4,355,0,47,0,158
158,174,1103002,723855,8,0,7,8827909,662.8089623,0,158,0,13,0,268
268,298,557307,49120,9,300,0,12664040,1130.667033,0,272,8,20,0,288
288,311,700587,66922,10,67,0,14364090,1258.554787,0,289,2,27,0,286
286,307,591720,33201,11,-33,0,17739663,1254.639531,0,292,0,14,0,278
278,306,719131,50806,12,166,0,16131044,1211.491079,1,282,4,39,0,347
347,398,808505,68316,13,133,2,20164981,1510.102268,1,350,5,40,0,292
292,360,1183878,122000,14,199,4,11918258,1285.421471,1,294,5,31,2,625
625,712,2249898,853963,15,367,0,19436067,2658.343512,5,637,14,62,0,654
654,920,2459596,320317,16,350,1,28450963,2956.019914,5,671,19,125,0,786
786,978,3010470,854056,17,445,1,37150086,3548.989345,2,799,18,194,0,774
774,1052,3228179,495144,18,243,1,42496861,3691.661151,15,799,25,163,0,919
919,1107,1948797,55836,19,500,0,43879645,4130.837857,6,938,17,154,0,1094
1094,1557,4099213,495139,20,144,0,45196723,4831.73342,19,1172,95,156,0,1136
1136,1650,3765879,320316,21,1179,4,45674782,5060.802959,14,1191,66,205,1,792
792,1034,4553801,2261669,22,434,0,45269054,3538.122634,7,812,22,172,0,902
902,1253,4948584,1376828,23,899,0,48088304,4080.101493,11,934,48,160,0,690
690,944,4153687,881376,0,617,0,34222709,3095.051684,9,711,29,126,1,661
661,766,2096629,320306,1,133,0,32019329,2878.459367,5,671,15,122,0,658
658,867,2951982,1376832,2,276,1,38328445,2925.600103,2,671,10,85,0,690
690,1142,1540090,133546,3,504,0,33756951,3008.347539,5,750,97,120,0,600
600,708,1994919,284775,4,246,0,24703994,2555.471917,3,621,12,70,0,609
609,696,1086606,53394,5,267,0,23610034,2531.360524,1,615,10,51,0,643
643,680,1066189,91592,6,0,0,19555255,2682.199739,0,646,0,40,0,382
382,425,803418,50859,7,0,0,19277781,1644.833894,1,389,2,42,1,278
278,299,650695,50861,8,0,1,15568407,1169.469182,1,285,0,18,0,2
2,5,139,86,9,100,0,9809,8.0214517,0,3,2,0,0,0
0,0,0,0,10,0,0,0,0,0,0,0,0,0,1
1,1,972,972,11,0,0,13139,3.6830292,0,1,0,2,0,0
0,0,0,0,12,0,0,0,0,0,0,0,0,0,2
2,3,340,317,13,0,0,4400,7.5015016,0,2,0,1,0,1
1,1,149,149,14,0,0,361,3.9439824,0,1,0,0,0,0
0,0,0,0,15,0,0,0,0,0,0,0,0,0,2
2,2,1269,970,16,0,0,33078,7.8154758,0,2,0,0,0,3
3,4,5032,2344,17,0,0,20956,14.4707154,0,3,0,0,0,0
0,0,0,0,18,0,0,0,0,0,0,0,0,0,5
5,5,2217,1563,19,0,0,42826,19.63572,0,5,0,3,0,1
