1,6,3317,3317,21,0,0,31129,4.6402764,0,1,1,0,0,0
0,0,0,0,22,0,0,0,0,0,0,0,0,0,0
0,0,0,0,23,0,0,0,0,0,0,0,0,0,0
0,0,0,0,0,0,0,0,0,0,0,0,0,0,0
0,0,0,0,1,0,0,0,0,0,0,0,0,0,0
0,0,0,0,2,0,0,0,0,0,0,0,0,0,0
0,0,0,0,3,0,0,0,0,0,0,0,0,0,0
0,0,0,0,4,0,0,0,0,0,0,0,0,0,0
0,0,0,0,5,0,0,0,0,0,0,0,0,0,0
0,0,0,0,6,0,0,0,0,0,0,0,0,0,0
0,0,0,0,7,0,0,0,0,0,0,0,0,0,0
0,0,0,0,8,0,0,0,0,0,0,0,0,0,0
0,0,0,0,9,0,0,0,0,0,0,0,0,0,0
0,0,0,0,10,0,0,0,0,0,0,0,0,0,0
0,0,0,0,11,0,0,0,0,0,0,0,0,0,0
0,0,0,0,12,0,0,0,0,0,0,0,0,0,0
0,0,0,0,13,0,0,0,0,0,0,0,0,0,0
0,0,0,0,14,0,0,0,0,0,0,0,0,0,0
0,0,0,0,15,0,0,0,0,0,0,0,0,0,0
0,0,0,0,16,0,0,0,0,0,0,0,0,0,0
0,0,0,0,17,0,0,0,0,0,0,0,0,0,0
0,0,0,0,18,0,0,0,0,0,0,0,0,0,0
0,0,0,0,19,0,0,0,0,0,0,0,0,0,1
1,4,1141,1141,20,0,0,19758,3.8927069,0,1,1,1,0,0
0,0,0,0,21,0,0,0,0,0,0,0,0,0,0
0,0,0,0,22,0,0,0,0,0,0,0,0,0,0
0,0,0,0,23,0,0,0,0,0,0,0,0,0,0
0,0,0,0,0,0,0,0,0,0,0,0,0,0,2
2,36,13516,11444,1,0,0,15185,7.8344077,0,2,2,0,0,0
0,0,0,0,2,0,0,0,0,0,0,0,0,0,0
0,0,0,0,3,0,0,0,0,0,0,0,0,0,0
0,0,0,0,4,0,0,0,0,0,0,0,0,0,0
0,0,0,0,5,0,0,0,0,0,0,0,0,0,0
0,0,0,0,6,0,0,0,0,0,0,0,0,0,0
0,0,0,0,7,0,0,0,0,0,0,0,0,0,0
0,0,0,0,8,0,0,0,0,0,0,0,0,0,0
0,0,0,0,9,0,0,0,0,0,0,0,0,0,0
0,0,0,0,10,0,0,0,0,0,0,0,0,0,0
0,0,0,0,11,0,0,0,0,0,0,0,0,0,0
0,0,0,0,12,0,0,0,0,0,0,0,0,0,0
0,0,0,0,13,0,0,0,0,0,0,0,0,0,0
0,0,0,0,14,0,0,0,0,0,0,0,0,0,0
0,0,0,0,15,0,0,0,0,0,0,0,0,0,0
0,0,0,0,16,0,0,0,0,0,0,0,0,0,0
0,0,0,0,17,0,0,0,0,0,0,0,0,0,0
0,0,0,0,18,0,0,0,0,0,0,0,0,0,0
0,0,0,0,19,0,0,0,0,0,0,0,0,0,0
0,0,0,0,20,0,0,0,0,0,0,0,0,0,0
0,0,0,0,21,0,0,0,0,0,0,0,0,0,0
0,0,0,0,22,0,0,0,0,0,0,0,0,0,0
0,0,0,0,23,0,0,0,0,0,0,0,0,0,0
0,0,0,0,0,0,0,0,0,0,0,0,0,0,0
0,0,0,0,1,0,0,0,0,0,0,0,0,0,0
0,0,0,0,2,0,0,0,0,0,0,0,0,0,0
0,0,0,0,3,0,0,0,0,0,0,0,0,0,0
0,0,0,0,4,0,0,0,0,0,0,0,0,0,0
0,0,0,0,5,0,0,0,0,0,0,0,0,0,0
0,0,0,0,6,0,0,0,0,0,0,0,0,0,0
0,0,0,0,7,0,0,0,0,0,0,0,0,0,0
0,0,0,0,8,0,0,0,0,0,0,0,0,0,0
0,0,0,0,9,0,0,0,0,0,0,0,0,0,0
0,0,0,0,10,0,0,0,0,0,0,0,0,0,0
0,0,0,0,11,0,0,0,0,0,0,0,0,0,0
0,0,0,0,12,0,0,0,0,0,0,0,0,0,0
0,0,0,0,13,0,0,0,0,0,0,0,0,0,0
0,0,0,0,14,0,0,0,0,0,0,0,0,0,0
0,0,0,0,15,0,0,0,0,0,0,0,0,0,0
0,0,0,0,16,0,0,0,0,0,0,0,0,0,0
0,0,0,0,17,0,0,0,0,0,0,0,0,0,0
0,0,0,0,18,0,0,0,0,0,0,0,0,0,0
0,0,0,0,19,0,0,0,0,0,0,0,0,0,0
0,0,0,0,20,0,0,0,0,0,0,0,0,0,0
0,0,0,0,21,0,0,0,0,0,0,0,0,0,0
0,0,0,0,22,0,0,0,0,0,0,0,0,0,1
1,3,1307,1307,23,0,1,2190,3.9522026,0,1,1,0,0,0
0,0,0,0,0,0,0,0,0,0,0,0,0,0,1
1,2,1170,1170,1,0,0,22329,4.561531,0,1,0,1,0,0
0,0,0,0,2,0,0,0,0,0,0,0,0,0,0
0,0,0,0,3,0,0,0,0,0,0,0,0,0,0
0,0,0,0,4,0,0,0,0,0,0,0,0,0,0
0,0,0,0,5,0,0,0,0,0,0,0,0,0,0
0,0,0,0,6,0,0,0,0,0,0,0,0,0,0
0,0,0,0,7,0,0,0,0,0,0,0,0,0,0
0,0,0,0,8,0,0,0,0,0,0,0,0,0,0
0,0,0,0,9,0,0,0,0,0,0,0,0,0,0
0,0,0,0,10,0,0,0,0,0,0,0,0,0,0
0,0,0,0,11,0,0,0,0,0,0,0,0,0,0
0,0,0,0,12,0,0,0,0,0,0,0,0,0,0
0,0,0,0,13,0,0,0,0,0,0,0,0,0,0
0,0,0,0,14,0,0,0,0,0,0,0,0,0,0
0,0,0,0,15,0,0,0,0,0,0,0,0,0,0
0,0,0,0,16,0,0,0,0,0,0,0,0,0,0
0,0,0,0,17,0,0,0,0,0,0,0,0,0,0
0,0,0,0,18,0,0,0,0,0,0,0,0,0,0
0,0,0,0,19,0,0,0,0,0,0,0,0,0,0
0,0,0,0,20,0,0,0,0,0,0,0,0,0,0
0,0,0,0,21,0,0,0,0,0,0,0,0,0,0
0,0,0,0,22,0,0,0,0,0,0,0,0,0,0
0,0,0,0,23,0,0,0,0,0,0,0,0,0,0
0,0,0,0,0,0,0,0,0,0,0,0,0,0,1
1,6,1304,1304,1,0,2,2190,3.6163592,0,1,1,0,0,0
0,0,0,0,2,0,0,0,0,0,0,0,0,0,1
1,2,3386,3386,3,0,0,31485,4.0160894,0,1,0,1,0,0
0,0,0,0,4,0,0,0,0,0,0,0,0,0,0
0,0,0,0,5,0,0,0,0,0,0,0,0,0,0
0,0,0,0,6,0,0,0,0,0,0,0,0,0,0
0,0,0,0,7,0,0,0,0,0,0,0,0,0,0
0,0,0,0,8,0,0,0,0,0,0,0,0,0,0
0,0,0,0,9,0,0,0,0,0,0,0,0,0,1
1,4,10875,10875,10,0,0,7057,6.7196865,0,1,0,2,0,1
1,3,1645,1645,11,0,0,5326,5.019346,0,1,0,0,0,0
0,0,0,0,12,0,0,0,0,0,0,0,0,0,2
2,3,1131,579,13,0,0,20960,9.3811113,0,2,0,3,0,1
1,1,412,412,14,0,0,4398,4.2860594,0,1,0,0,0,2
2,3,2666,1333,15,0,0,68007,7.7675002,0,2,0,2,0,1
1,1,1064,1064,16,0,0,8624,3.9856327,0,1,0,1,0,1
1,1,720,720,17,0,0,22547,7.685281,0,1,0,0,0,0
0,0,0,0,18,0,0,0,0,0,0,0,0,0,5
5,5,4607,2856,19,0,0,53951,23.1902436,0,5,0,5,0,3
3,3,1437,1334,20,0,0,34668,12.8688675,0,3,0,2,0,3
3,5,1385,771,21,0,0,65690,12.676994,0,3,0,3,0,0
0,0,0,0,22,0,0,0,0,0,0,0,0,0,0
0,0,0,0,23,0,0,0,0,0,0,0,0,0,1
1,2,80,80,0,0,0,3248,5.476914,0,1,0,1,0,1
1,1,879,879,1,0,0,15729,3.793353,0,1,0,2,0,0
0,0,0,0,2,0,0,0,0,0,0,0,0,0,3
3,4,1118,545,3,0,0,34672,13.4025819,0,3,0,1,0,0
0,0,0,0,4,0,0,0,0,0,0,0,0,0,3
3,5,5388,5129,5,0,0,14550,13.6336983,0,3,0,1,0,0
0,0,0,0,6,0,0,0,0,0,0,0,0,0,0
0,0,0,0,7,0,0,0,0,0,0,0,0,0,0
0,0,0,0,8,0,0,0,0,0,0,0,0,0,1
1,4,1256,1256,9,0,0,12552,4.763792,0,2,1,3,0,1
1,1,474,474,10,0,0,3562,4.122748,0,1,0,0,0,1
1,1,1646,1646,11,0,0,5331,4.29699,0,1,0,0,0,1
1,1,20,20,12,0,0,2,4.218682,0,1,0,0,0,1
1,1,394,394,13,0,0,2326,4.2273393,0,1,0,0,0,3
3,3,3632,3391,14,0,0,34527,12.4982792,0,3,0,6,0,1
1,1,262,262,15,0,0,31012,3.7434402,0,1,0,2,0,3
3,3,1022,625,16,0,0,37169,16.1047764,0,3,0,3,1,4
4,6,8977,3391,17,0,0,72463,20.4697821,0,4,0,4,0,0
0,0,0,0,18,0,0,0,0,0,0,0,0,0,3
3,5,1292,747,19,0,2,23765,17.0604454,0,3,0,2,0,3
3,6,4910,3393,20,0,0,46701,14.8857363,0,3,0,3,0,2
2,2,956,907,21,0,0,21328,8.7443573,0,2,0,2,0,4
4,7,1597,688,22,0,0,13794,17.1108256,0,4,0,4,0,4
4,5,1633,1480,23,0,0,21287,18.0770993,0,4,0,1,0,1
1,1,57,57,0,0,0,2450,3.7014809,0,1,0,2,0,6
6,16,21458,12016,1,0,3,198490,28.7687803,0,6,0,3,0,2
2,9,645,424,2,0,0,5022,9.175714,0,2,0,0,0,4
4,10,3874,3396,3,0,3,33779,18.200023,1,4,0,2,0,4
4,8,1583,709,4,0,0,16364,16.3694685,0,4,1,4,0,3
3,6,277393,276709,5,0,2,128884,18.3518033,0,3,0,5,0,1
1,1,263,263,6,0,0,5061,4.4925857,0,1,0,0,0,3
3,3,581,266,7,0,0,15174,12.5279611,0,3,0,4,0,0
0,0,0,0,8,0,0,0,0,0,0,0,0,0,2
2,2,341,291,9,0,0,25291,8.570778,0,2,0,2,0,0
0,0,0,0,10,0,0,0,0,0,0,0,0,0,0
0,0,0,0,11,0,0,0,0,0,0,0,0,0,0
0,0,0,0,12,0,0,0,0,0,0,0,0,0,0
0,0,0,0,13,0,0,0,0,0,0,0,0,0,1
1,1,1064,1064,14,0,0,8642,3.603066,0,1,0,1,0,0
0,0,0,0,15,0,0,0,0,0,0,0,0,0,0
0,0,0,0,16,0,0,0,0,0,0,0,0,0,4
4,4,7220,4637,17,0,0,29636,20.2695576,0,4,0,1,0,5
5,7,3307,2684,18,0,0,122357,21.4572717,0,5,0,1,0,1
1,1,1061,1061,19,0,0,4386,4.527192,0,1,0,0,0,5
5,8,7420,3398,20,0,1,52994,22.4024968,0,5,0,6,0,8
8,10,8293,2478,21,0,0,154183,41.3877487,0,8,0,8,0,7
7,7,3195,1195,22,0,0,46703,33.820245,0,7,0,5,0,7
7,11,3492,1188,23,0,0,81546,35.9735247,0,7,0,8,0,3
3,4,1485,957,0,0,0,59639,12.213966,0,3,0,4,0,5
5,7,5934,3399,1,0,0,47608,22.269704,0,5,0,6,0,13
13,25,11177,1934,2,0,0,73928,57.6157233,0,14,1,7,0,6
6,8,9813,5826,3,0,0,24091,27.888834,0,6,0,7,0,6
6,9,1426,459,4,0,0,50154,24.8119416,0,6,0,8,0,4
4,7,2950,1339,5,0,0,71792,16.5239324,0,4,0,5,0,2
2,2,433,298,6,0,0,8702,8.6016471,0,2,0,1,0,3
3,5,3874,2826,7,0,0,88388,11.5108496,0,3,0,15,0,2
2,4,341,228,8,0,0,12355,6.9437632,0,2,0,10,0,0
0,0,0,0,9,0,0,0,0,0,0,0,0,0,0
0,0,0,0,10,0,0,0,0,0,0,0,0,0,1
1,1,2527,2527,11,0,0,13297,4.6230445,0,1,0,0,0,0
0,0,0,0,12,0,0,0,0,0,0,0,0,0,1
1,1,24,24,13,0,0,169,4.6230445,0,1,0,0,0,1
1,1,499,499,14,0,0,10034,4.272337,0,1,0,0,0,4
4,7,6899,3406,15,0,1,63240,17.7921091,0,4,0,3,0,4
4,6,1160,475,16,0,0,55213,21.3983133,0,4,0,1,0,9
9,22,24102,18850,17,0,0,72906,43.334116,0,9,0,7,0,7
7,12,9589,5269,18,0,0,49236,29.6400244,0,7,0,20,0,8
8,13,12026,7130,19,0,2,172892,38.4632041,0,8,0,5,0,7
7,7,4600,3407,20,0,0,59800,30.6109822,0,7,0,3,0,5
5,5,2525,1340,21,0,0,68867,19.9262464,0,5,0,6,0,6
6,6,4450,2399,22,0,0,39280,29.2400146,0,6,0,6,0,10
10,17,9388,2826,23,0,0,71208,44.1412252,0,10,0,12,0,9
9,12,11678,3411,0,0,0,107637,39.1740649,0,9,0,7,0,10
10,22,13114,4685,1,0,5,104421,41.8808246,0,10,1,6,0,7
7,12,6330,1645,2,0,0,88533,31.1631858,1,7,0,6,0,10
10,10,3052,1089,3,0,0,108044,51.373965,0,10,0,4,0,8
8,11,2010,1023,4,0,0,10902,35.1083691,0,9,1,14,0,12
12,16,2153,787,5,0,0,67710,52.0384795,0,12,1,14,0,17
17,67,117551,110180,6,0,0,214587,79.8058488,2,17,0,13,0,8
8,12,8639,3019,7,0,0,230308,40.6062688,0,8,1,6,0,9
9,9,3228,1194,8,0,0,75286,37.9950342,0,9,0,4,0,5
5,6,1393,434,9,0,0,63689,29.8725801,0,5,0,1,0,4
4,4,593,255,10,0,0,39964,17.867339,0,4,0,0,0,0
0,0,0,0,11,0,0,0,0,0,0,0,0,0,2
2,3,3773,3023,12,0,2,18296,9.655891,0,2,0,2,0,10
10,16,15710,8433,13,0,0,91152,47.4221043,0,10,0,4,0,16
16,30,47969,34513,14,0,8,308242,76.6777184,0,16,3,5,0,43
43,74,34127,4732,15,0,14,946626,210.0168267,1,44,3,15,0,46
46,57,29486,7763,16,0,0,504194,206.9518317,1,46,0,32,1,63
63,76,30691,4119,17,0,0,495837,289.0321955,0,63,0,28,0,69
69,126,210472,158073,18,0,0,621914,326.3055467,1,71,7,44,0,41
41,51,47230,18392,19,0,0,438339,181.9186834,1,41,0,23,0,87
87,124,265283,92343,20,0,2,1014898,411.7455198,2,88,2,59,1,96
96,142,225936,79649,21,0,0,1726349,462.4994906,3,103,12,61,0,102
102,462,3128666,3068313,22,0,3,1080690,487.907332,1,112,11,55,1,93
93,115,38280,7243,23,0,0,807393,431.044296,0,94,0,64,0,792
792,1113,903467,126251,0,0,14,10035416,3872.168784,14,822,37,235,2,702
702,904,2445280,1724815,1,0,4,9336042,3400.253188,12,710,18,214,3,367
367,468,380414,100414,2,0,0,6073840,1783.88535,9,371,6,162,1,869
869,1131,800426,100417,3,0,2,10309665,4245.283791,13,882,28,262,4,470
470,809,682979,134001,4,-25,1,5356321,2243.852134,4,481,23,201,2,62
62,78,73829,22005,5,0,0,743975,306.1487885,0,62,0,31,0,17
17,21,4868,1531,6,0,0,226944,82.8758999,0,17,0,9,0,21
21,31,9857,2866,7,0,0,200682,96.6706318,0,21,0,13,0,7
7,9,19667,17476,8,0,0,42106,30.9619744,0,7,0,2,0,7
7,8,1331,1013,9,0,0,37017,32.1248038,0,7,0,2,0,6
6,8,1399,754,10,0,0,50754,30.3647591,0,6,0,2,0,13
13,17,6847,2463,11,0,0,114070,54.5511543,0,13,0,8,0,9
9,9,3203,1600,12,0,0,70225,41.3305989,0,9,0,7,0,10
10,13,8064,2369,13,0,0,58715,42.7606254,0,10,0,8,1,8
8,13,8229,1352,14,0,5,143307,31.8860544,0,8,0,11,0,12
12,15,16767,12821,15,0,0,97419,59.6027574,0,12,0,6,0,13
13,17,12612,5153,16,0,0,290643,63.9657,0,13,2,6,0,16
16,18,14237,9052,17,0,0,165920,65.8149912,0,16,0,15,0,22
22,22,11975,3200,18,0,0,173505,99.2559834,0,22,0,9,0,9
9,13,5081,1283,19,0,1,48564,36.8808582,0,9,0,11,0,12
12,12,3165,1394,20,0,0,67824,50.9568824,0,12,0,10,0,5
5,5,1753,1395,21,0,0,21331,21.2359069,0,5,0,5,0,8
8,9,566,145,22,0,0,13577,32.3071405,0,8,0,8,0,9
9,9,2167,488,23,0,0,24145,41.5525654,0,9,0,5,0,11
11,19,7266,4769,0,0,3,31015,48.4254287,0,11,0,10,0,7
7,11,10431,3443,1,0,1,98615,28.6829467,0,7,0,9,0,6
6,9,102283,100178,2,0,0,41227,24.7278427,0,6,1,3,0,9
9,12,4046,3446,3,0,0,40344,40.8897599,0,9,0,7,0,14
14,39,17195,3450,4,0,0,179244,64.7597986,0,14,3,13,0,5
5,7,799,341,5,0,0,10500,21.0144255,0,5,0,3,0,5
5,7,3001,1077,6,0,0,173435,27.5444088,0,5,0,3,0,9
9,10,1216,401,7,0,0,32133,37.969739,0,9,0,5,0,2
2,3,530,482,8,0,0,4274,8.5126793,1,2,0,5,0,0
0,0,0,0,9,0,0,0,0,0,0,0,0,0,5
5,5,603,293,10,0,0,42797,19.7983916,0,5,0,3,0,1
1,1,208,208,11,0,0,19734,3.5610228,0,1,0,1,0,1
1,1,27,27,12,0,0,20,4.0117364,0,1,0,0,0,3
3,3,1856,1030,13,0,0,21891,11.4975806,0,3,0,2,0,1
1,1,1155,1155,14,0,0,11720,4.1948276,0,1,0,0,0,11
11,20,16833,3452,15,0,0,150449,53.6841707,0,11,2,5,0,9
9,10,12753,10351,16,0,0,50375,44.435249,0,9,0,13,0,8
8,19,5013,3454,17,0,0,62027,38.8532003,1,8,1,4,0,11
11,13,5791,3618,18,0,0,137737,54.2931348,0,11,0,4,0,5
5,5,804,274,19,0,0,21517,23.5999545,0,5,0,9,0,7
7,9,1238,731,20,0,0,43118,34.9019036,0,7,0,4,0,1
1,2,6559,6559,21,0,1,2032,4.8005457,0,1,0,0,0,0
0,0,0,0,22,0,0,0,0,0,0,0,0,0,13
13,16,24250,18405,23,0,0,72544,59.1271621,0,13,0,9,0,9
9,11,5097,1810,0,0,0,49546,47.043716,0,9,0,2,0,6
6,8,5287,1646,1,0,0,28123,26.6126644,0,6,0,4,0,12
12,30,7968,3459,2,0,0,54482,52.7132111,0,12,0,7,0,6
6,7,1443,468,3,0,0,6435,27.5981846,0,6,0,2,0,10
10,12,3224,748,4,0,0,44085,45.621222,0,10,0,10,0,24
24,29,29683,21650,5,0,0,240387,108.1208685,0,24,0,8,0,13
13,21,5214,1860,6,0,2,146564,60.2154774,0,13,0,5,0,5
5,5,3960,1982,7,0,0,40365,24.4624235,0,5,0,3,0,3
3,3,763,403,8,0,0,20907,12.5602488,0,3,0,3,0,2
2,3,281,234,9,0,0,14943,8.3689839,0,2,0,1,0,1
1,1,109,109,10,0,0,2323,3.9463663,0,1,0,1,0,4
4,7,2497,1808,11,0,0,17284,16.9785231,0,4,0,5,0,3
3,3,1907,1808,12,0,0,12228,12.5006233,0,3,0,0,0,5
5,5,1966,1028,13,0,0,33410,20.6947135,0,5,0,3,0,2
2,2,222,131,14,0,0,482,8.7663517,0,2,0,1,0,8
8,11,8489,3464,15,0,0,109975,33.8533437,0,9,0,7,0,6
6,8,2171,1365,16,0,3,49122,25.1687363,0,6,0,4,0,4
4,8,3831,1365,17,0,0,95992,17.3825076,1,4,0,3,0,8
8,10,1383,596,18,0,0,11957,36.3215354,0,8,0,6,0,2
2,3,4897,3467,19,0,0,43076,7.4895216,0,2,0,2,0,4
4,4,1026,634,20,0,0,20430,16.1261976,0,4,0,3,0,9
9,14,4480,1165,21,0,2,60858,39.9630485,0,9,0,5,0,4
4,4,3320,2920,22,0,0,16358,20.5296248,0,4,0,2,0,7
7,32,43884,40739,23,95,3,120245,34.3993255,0,9,6,6,0,7
7,9,3481,1390,0,0,0,113776,33.3616369,0,8,0,1,0,31
31,60,38385,1401,1,0,0,424048,129.0238252,0,31,0,28,0,7
7,14,8522,3473,2,28,0,133193,29.3246703,0,10,6,5,0,8
8,11,6651,1862,3,0,0,125720,34.4081819,0,8,0,7,0,7
7,7,2901,959,4,0,0,63661,29.4185802,0,7,0,5,0,6
6,7,1010,577,5,0,0,14249,26.2494091,0,6,0,7,0,2
2,2,15452,15445,6,0,0,1915,9.0602886,0,2,0,1,0,3
3,4,1534,1406,7,0,0,17217,13.701532,1,3,0,1,0,3
3,3,76,55,8,0,0,1635,12.1001912,0,3,0,1,0,0
0,0,0,0,9,0,0,0,0,0,0,0,0,0,0
0,0,0,0,10,0,0,0,0,0,0,0,0,0,0
0,0,0,0,11,0,0,0,0,0,0,0,0,0,0
0,0,0,0,12,0,0,0,0,0,0,0,0,0,0
0,0,0,0,13,0,0,0,0,0,0,0,0,0,1
1,1,12,12,14,0,0,1754,4.5958185,0,1,0,0,0,4
4,4,1985,1369,15,0,0,54031,18.1613113,0,4,0,1,0,3
3,6,1724,1653,16,0,4,32636,11.7871315,0,3,1,5,0,5
5,11,43673,39600,17,0,0,77549,28.012502,0,5,1,3,0,7
7,8,1201,433,18,0,0,54588,33.6915355,0,7,0,5,0,4
4,7,4996,3473,19,0,0,60338,14.8512791,0,5,0,5,0,3
3,3,1343,866,20,0,0,10682,19.7961096,0,3,0,0,0,2
2,2,819,647,21,0,0,8685,9.1854813,0,2,0,1,0,0
0,0,0,0,22,0,0,0,0,0,0,0,0,0,1
1,2,125,125,23,0,0,359,5.0792336,1,1,0,0,0,6
6,16,12312,3495,0,0,27,107181,25.5469055,0,6,2,17,0,6
6,9,2050,897,1,0,0,6599,26.4915209,0,6,0,0,0,12
12,13,3629,1831,2,0,0,38008,53.9861002,0,12,0,6,1,12
12,16,4705,1683,3,0,0,108500,56.7089251,1,13,2,10,0,16
16,34,10346,2289,4,0,5,171204,76.1435763,1,16,3,16,0,19
19,21,23627,6627,5,0,0,321323,94.6130128,0,20,0,12,0,4
4,4,1856,939,6,0,0,21959,17.6803601,0,4,0,1,0,6
6,19,44880,37913,7,0,0,133361,25.1827789,0,7,2,3,0,3
3,4,4419,2956,8,0,0,39149,15.0168778,0,3,0,2,0,0
0,0,0,0,9,0,0,0,0,0,0,0,0,0,3
3,5,226,132,10,0,0,3426,13.039293,0,3,0,2,0,3
3,3,349,157,11,0,0,21194,13.4292068,0,3,0,1,0,2
2,2,1930,1466,12,0,0,14176,8.2144297,0,2,0,1,0,4
4,4,304,227,13,0,0,32260,17.0039339,0,4,0,1,0,7
7,69,9260,3494,14,0,0,117003,28.8179326,0,7,2,7,0,14
14,17,8054,5436,15,0,0,117617,63.627662,0,14,0,19,1,5
5,7,659,359,16,0,0,9310,21.8976627,0,5,0,3,0,11
11,11,3421,1371,17,0,0,75554,46.1674252,0,11,0,10,0,11
11,15,3827,1757,18,0,4,51390,52.6604565,0,11,0,9,0,10
10,31,43336,37510,19,0,0,138745,49.0929262,0,11,1,5,1,13
13,14,2470,859,20,0,0,46020,56.786706,0,13,0,13,0,9
9,9,2766,740,21,0,0,66393,41.2736073,0,9,0,9,0,6
6,8,3943,2318,22,0,0,40894,26.6120427,0,6,0,4,0,10
10,12,3525,1295,23,0,0,42360,44.2286279,0,10,0,7,0,8
8,13,7604,3502,0,0,0,58477,38.6141277,0,9,1,9,0,18
18,21,14936,4659,1,0,0,61378,78.6747924,0,18,0,21,0,24
24,200,113024,34762,2,122,1,505068,121.3947613,5,62,76,21,0,21
21,42,13032,3505,3,0,0,93944,92.2353288,0,22,2,18,0,4
4,6,1402,1038,4,0,0,19947,15.8996938,0,4,0,4,0,8
8,12,2923,1414,5,0,0,81517,34.8751212,0,8,1,5,0,8
8,8,4559,2222,6,0,0,119138,35.3217264,0,8,0,7,0,5
5,6,2503,1619,7,0,0,11261,22.5257264,0,5,0,1,0,1
1,1,227,227,8,0,0,9397,4.5993247,0,1,0,1,0,3
3,4,10016,9366,9,0,0,74719,12.6999714,0,3,0,2,0,0
0,0,0,0,10,0,0,0,0,0,0,0,0,0,1
1,1,1038,1038,11,0,0,6328,3.888407,0,1,0,1,0,2
2,2,121,80,12,0,0,2942,8.8870877,0,2,0,0,0,1
1,2,566,566,13,0,0,1473,4.563347,1,1,0,2,0,5
5,6,7486,4664,14,0,0,88446,22.9741413,0,5,0,2,0,7
7,35,25885,23626,15,0,2,38065,31.3437721,0,7,0,7,0,3
3,5,2105,1301,16,0,0,37825,15.2866903,0,3,0,1,0,6
6,16,2313,1303,17,0,0,19013,26.6707501,0,6,0,3,0,4
4,17,24135,23613,18,0,0,6986,18.6674023,0,4,0,0,0,3
3,3,97,49,19,0,0,2160,13.1463447,0,3,0,3,0,6
6,7,5277,3515,20,0,0,64397,32.6417206,0,6,0,7,0,52
52,80,26482,3139,21,0,0,457985,247.315374,1,54,1,13,1,15
15,16,7614,2582,22,0,0,134605,65.8907515,0,15,0,14,0,12
12,20,7320,3522,23,0,0,108403,51.546451,0,13,3,7,0,16
16,227,63471,23603,0,-31,1,173879,75.3667844,1,60,35,20,0,13
13,45,26755,3606,1,0,5,249837,56.9477816,0,14,7,4,0,13
13,15,7974,1654,2,0,0,72675,52.9977151,0,13,0,20,0,17
17,27,13235,3526,3,0,0,101776,73.5746545,2,17,1,15,0,6
6,7,2839,1687,4,0,0,71082,25.6735904,0,6,0,7,0,15
15,30,47703,36643,5,0,1,236164,68.1001408,0,15,2,7,0,4
4,4,406,228,6,0,0,8098,17.3579995,0,4,0,2,0,2
2,2,283,271,7,0,0,1353,8.6886835,0,2,0,1,0,4
4,7,738,299,8,0,0,54844,16.6439045,0,4,0,3,0,4
4,4,290,176,9,0,0,3591,15.2342537,0,4,0,7,0,3
3,4,3915,3580,10,0,0,29076,15.6690218,0,3,0,3,0,1
1,1,96,96,11,0,0,4744,4.494758,0,1,0,0,0,3
3,4,1792,992,12,0,0,60137,16.4538166,0,3,0,3,0,2
2,4,98,98,13,0,0,2065,9.6604108,1,2,0,1,0,5
5,10,7336,3077,14,0,0,101912,19.7647955,0,5,1,10,0,6
6,10,5637,2423,15,0,1,44488,30.6194535,0,7,0,6,0,9
9,16,11672,4080,16,0,0,94350,41.400288,1,9,1,6,0,23
23,34,15572,3537,17,0,0,276065,105.6713175,1,24,2,15,0,8
8,15,12216,3574,18,0,3,190875,35.4796076,0,8,0,5,0,5
5,11,21423,16086,19,0,2,141372,27.250871,0,5,0,8,0,14
14,18,90157,41368,20,0,0,203987,61.8434006,0,14,0,16,0,8
8,12,185712,184540,21,0,0,46596,38.4784318,0,8,1,3,0,7
7,10,1882,1079,22,0,0,51647,30.4028401,0,7,0,6,0,15
15,35,53765,23993,23,0,0,177772,68.6616148,1,15,1,11,0,11
11,21,10132,7353,0,0,0,87163,51.1855275,0,11,1,4,0,8
8,17,2245,761,1,0,7,12802,34.5118396,0,8,0,22,0,14
14,19,5561,2023,2,0,0,113581,67.7159257,0,14,0,18,0,18
18,99,19035,4896,3,0,2,185129,77.2145836,0,18,0,13,0,5
5,7,616,379,4,0,0,7165,21.882396,0,5,0,5,0,5
5,5,2642,1233,5,0,0,156467,21.704997,0,5,0,3,0,6
6,8,1386,392,6,0,0,74130,26.0045489,0,6,0,9,0,1
1,1,50,50,7,0,0,289,4.5958185,0,1,0,0,0,0
0,0,0,0,8,0,0,0,0,0,0,0,0,0,2
2,2,649,420,9,0,0,28931,8.4962058,0,2,0,3,0,0
0,0,0,0,10,0,0,0,0,0,0,0,0,0,3
3,50,2373,1689,11,0,0,6705,14.3219332,0,8,6,0,0,5
5,67,44284,24019,12,0,0,27613,24.4739224,1,5,1,4,0,4
4,5,750,421,13,0,0,17194,17.1491876,0,4,0,10,1,3
3,4,1902,1380,14,0,0,45058,12.3884553,0,3,0,1,0,5
5,7,2293,1380,15,0,0,49396,19.901436,0,5,0,5,0,8
8,8,2277,671,16,0,0,14929,34.0272061,0,8,0,2,0,15
15,25,8383,2315,17,0,0,107908,68.0669184,0,15,0,11,0,9
9,10,3905,1717,18,0,0,33498,37.855037,0,9,0,11,0,11
11,13,5640,2424,19,0,0,60027,49.2125412,0,11,0,10,0,11
11,12,3443,1560,20,0,0,66817,51.9069637,0,11,0,4,0,15
15,21,17177,3565,21,0,2,216961,69.9377023,0,15,1,9,0,6
6,7,2091,1344,22,0,0,59157,28.2868291,0,6,0,4,0,12
12,18,4197,1234,23,0,0,158488,59.1955968,2,12,0,10,0,10
10,38,12855,4173,0,0,1,177584,42.8591722,0,12,3,13,0,10
10,28,16165,12552,1,0,0,141861,49.273338,0,11,1,10,0,30
30,52,14975,1809,2,0,0,304867,139.2610322,2,31,2,27,0,10
10,14,7915,3575,3,0,0,154575,49.5973443,0,10,2,8,0,12
12,15,4291,1061,4,0,0,71986,54.1448003,0,12,0,13,0,11
11,18,11798,4596,5,0,0,143351,45.8796744,0,11,2,16,0,7
7,9,2166,1236,6,0,0,33423,30.4601327,0,8,0,5,1,3
3,3,1697,1235,7,0,0,53296,12.0351506,0,3,0,4,0,5
5,16,1335,1020,8,0,0,37037,21.2110673,0,5,1,4,1,1
1,1,4,4,9,0,0,15,3.9573958,0,1,0,1,0,0
0,0,0,0,10,0,0,0,0,0,0,0,0,0,2
2,2,239,161,11,0,0,3611,11.618168,0,2,0,0,0,1
1,4,302,302,12,0,0,7924,5.4122505,0,1,0,0,0,0
0,0,0,0,13,0,0,0,0,0,0,0,0,0,1
1,1,141,141,14,0,0,6941,4.554595,0,1,0,2,0,5
5,5,6832,6274,15,0,0,11137,20.8058765,0,5,0,6,0,9
9,10,1557,522,16,0,1,75347,38.8852829,0,10,0,7,0,11
11,14,2995,581,17,0,0,133753,48.4989705,0,11,0,17,0,38
38,44,17027,1976,18,0,0,538729,178.5469023,1,38,0,18,0,29
29,32,7348,1809,19,0,0,183736,134.50287,0,29,0,14,0,28
28,31,10797,1944,20,-35,0,241764,130.3044141,0,29,0,9,1,44
44,115,336991,318277,21,0,1,195691,198.7072028,0,44,2,48,0,20
20,21,4642,2079,22,0,0,71909,93.1418909,0,20,0,18,0,15
15,19,4094,1059,23,0,0,73817,63.4183346,0,15,0,15,0,19
19,24,14527,6493,0,0,0,172931,82.627675,0,19,0,13,0,17
17,18,5602,1520,1,0,2,90418,75.777299,0,17,0,6,0,10
10,16,3942,1694,2,0,0,56935,44.7769239,0,10,0,3,0,12
12,21,8244,3580,3,0,0,137778,55.1042029,0,12,1,13,0,10
10,11,2577,746,4,0,0,57687,40.9037133,0,10,0,7,0,12
12,17,5914,1717,5,0,0,89697,52.4650647,0,12,0,9,0,3
3,5,644,370,6,0,0,12369,12.3779107,0,3,0,4,0,4
4,5,587,425,7,0,0,19618,17.8715458,0,4,0,1,0,1
1,1,342,342,8,0,0,20751,7.417192,0,1,0,1,0,0
0,0,0,0,9,0,0,0,0,0,0,0,0,0,0
0,0,0,0,10,0,0,0,0,0,0,0,0,0,0
0,0,0,0,11,0,0,0,0,0,0,0,0,0,5
5,11,675,420,12,0,0,6144,21.7730853,0,5,0,7,0,9
9,10,5863,2355,13,0,0,46530,42.1280799,0,9,0,7,0,5
5,6,827,375,14,0,0,13202,21.7875675,0,5,0,3,0,5
5,6,2639,1386,15,0,0,49247,22.9431054,0,6,0,2,0,4
4,4,7408,5435,16,0,0,35654,17.3708132,0,4,0,2,0,8
8,20,6172,2415,17,0,0,177636,37.1818009,1,8,0,11,0,12
12,13,6815,2331,18,0,0,239981,60.0463802,0,12,0,5,0,9
9,10,3736,1922,19,0,0,37022,40.1377572,0,9,0,2,0,21
21,86,330708,318723,20,0,0,177463,90.4794122,1,21,0,26,0,13
13,52,19875,12605,21,0,1,168168,62.0275132,3,15,2,16,0,15
15,66,8864,4312,22,0,0,222953,65.6141275,0,15,0,13,0,14
14,19,148348,130595,23,0,0,164460,60.8749794,0,14,1,7,0,14
14,19,3397,1028,0,0,0,41197,68.0571514,0,14,0,12,0,16
16,19,17391,11293,1,0,1,225399,67.8331756,0,16,0,13,0,15
15,48,32694,24736,2,0,0,101169,71.9795712,0,15,2,7,0,13
13,14,6269,1440,3,0,0,113814,56.8088522,0,13,0,14,0,12
12,16,7239,3596,4,0,0,111235,54.807151,0,12,0,5,0,4
4,4,274,259,5,0,0,41491,16.9293875,0,4,0,2,0,0
0,0,0,0,6,0,0,0,0,0,0,0,0,0,0
0,0,0,0,7,0,0,0,0,0,0,0,0,0,0
0,0,0,0,8,0,0,0,0,0,0,0,0,0,0
0,0,0,0,9,0,0,0,0,0,0,0,0,0,1
1,1,25,25,10,0,0,721,3.9376595,0,1,0,0,0,0
0,0,0,0,11,0,0,0,0,0,0,0,0,0,0
0,0,0,0,12,0,0,0,0,0,0,0,0,0,1
1,1,1028,1028,13,0,0,905,3.5985854,0,1,0,3,0,2
2,3,13280,6640,14,0,0,28257,8.469951,0,2,0,2,0,1
1,1,22,22,15,0,0,1244,3.5103395,0,1,0,1,0,2
2,3,1519,1302,16,0,0,20659,7.1903978,0,2,0,2,0,0
0,0,0,0,17,0,0,0,0,0,0,0,0,0,3
3,4,450,193,18,0,0,20466,16.07644,0,3,0,4,0,1
1,1,230,230,19,0,0,12719,3.786804,0,1,0,1,0,2
2,2,2347,2190,20,0,0,3500,8.0069974,0,2,0,1,0,1
1,2,907,907,21,0,1,6959,4.8433723,0,1,0,0,0,3
3,3,2612,1168,22,0,0,46989,11.0456366,0,3,0,7,0,2
2,2,87,50,23,0,0,1857,8.0226904,0,2,0,1,0,0
0,0,0,0,0,0,0,0,0,0,0,0,0,0,2
2,3,1140,676,1,0,0,34745,11.3439286,0,2,0,0,0,0
0,0,0,0,2,0,0,0,0,0,0,0,0,0,3
3,55,319971,319509,3,15,0,101415,15.0191846,3,11,33,5,0,3
3,4,1187,913,4,0,0,58121,11.6162075,0,3,0,1,0,1
1,1,377,377,5,0,0,2322,4.0579963,0,1,0,0,0,1
1,1,513,513,6,0,0,10704,3.8894665,0,1,0,1,0,0
0,0,0,0,7,0,0,0,0,0,0,0,0,0,4
4,4,389,312,8,0,0,1295,16.1863276,0,4,0,0,0,0
0,0,0,0,9,0,0,0,0,0,0,0,0,0,0
0,0,0,0,10,0,0,0,0,0,0,0,0,0,0
0,0,0,0,11,0,0,0,0,0,0,0,0,0,0
0,0,0,0,12,0,0,0,0,0,0,0,0,0,5
5,7,704,554,13,-27,0,46162,19.5431274,0,5,0,3,0,0
0,0,0,0,14,0,0,0,0,0,0,0,0,0,1
1,1,840,840,15,0,0,413,4.179309,0,1,0,0,0,8
8,8,6342,5017,16,0,0,58528,37.3060333,0,8,0,7,0,6
6,17,15851,7291,17,0,0,40985,24.238334,0,6,3,0,0,5
5,14,28101,25297,18,0,8,31228,19.674091,0,5,0,7,0,8
8,77,28531,25298,19,0,0,12070,34.78465,1,8,1,3,0,6
6,64,334811,319904,20,0,0,58580,27.2180928,1,6,1,3,0,8
8,8,2330,1849,21,0,0,5969,32.7574134,0,8,0,3,0,7
7,7,4175,2243,22,0,0,31801,34.8241767,0,7,0,2,0,3
3,3,66935,52624,23,0,0,63937,17.57186,0,3,0,1,0,5
5,29,240706,237267,0,0,5,77568,20.459741,1,5,1,3,0,5
5,7,1568,786,1,0,0,10653,21.4686137,0,5,0,5,0,0
0,0,0,0,2,0,0,0,0,0,0,0,0,0,1
1,1,273,273,3,0,0,2643,3.9616427,0,1,0,0,0,2
2,3,240,215,4,0,0,1969,7.3444485,0,2,0,3,0,0
0,0,0,0,5,0,0,0,0,0,0,0,0,0,1
1,1,997,997,6,0,0,83887,6.5724835,0,1,0,2,0,1
1,1,173,173,7,0,0,659,4.0579963,0,1,0,0,0,1
1,2,526,526,8,0,0,2098,4.9852,0,1,0,0,0,1
1,1,292,292,9,0,0,36903,3.2043445,0,1,0,1,0,0
0,0,0,0,10,0,0,0,0,0,0,0,0,0,1
1,2,93,93,11,0,0,1536,4.193687,0,1,0,0,0,0
0,0,0,0,12,0,0,0,0,0,0,0,0,0,2
2,4,1316,1263,13,0,0,10047,9.13014,0,2,0,1,0,1
1,1,60,60,14,0,0,295,4.16134,0,1,0,0,0,1
1,1,131,131,15,0,0,2890,3.8662484,0,1,0,1,0,1
1,1,310,310,16,0,0,5621,4.1739726,0,1,0,0,0,1
1,1,221,221,17,0,0,5192,4.1955175,0,1,0,0,0,3
3,6,1558,1282,18,0,2,15909,11.5226848,0,3,0,2,0,3
3,3,230,143,19,0,0,14754,11.8476684,0,3,0,6,0,2
2,41,321394,320628,20,21,0,34998,14.9717059,1,7,19,2,0,3
3,3,874,448,21,0,0,2750,12.201796,0,3,0,0,0,1
1,1,124,124,22,0,0,561,4.146872,0,1,0,0,0,4
4,4,1904,1314,23,0,0,23632,14.5431622,0,4,0,3,0,3
3,3,336,182,0,0,0,1968,12.1334363,0,3,0,0,0,12
12,114,5723,1995,1,-33,0,83347,53.9208991,1,12,0,11,0,10
10,91,323166,321109,2,68,0,142299,44.7676747,1,14,31,7,0,11
11,14,2359,772,3,0,0,86840,47.8679961,0,11,0,6,0,7
7,13,10779,7372,4,0,0,95814,32.3820837,0,8,0,2,0,5
5,5,1285,777,5,0,0,10926,19.7588476,0,5,0,3,0,3
3,3,619,412,6,0,0,28405,11.6790655,0,3,0,0,0,5
5,5,690,234,7,0,0,18683,20.2562042,0,5,0,0,0,8
8,10,779,167,8,0,0,31714,32.01568,0,8,0,4,0,6
6,7,1167,575,9,0,0,25513,23.7384494,0,6,0,4,0,5
5,9,8553,3799,10,-57,0,131389,27.2106018,0,7,0,1,0,6
6,7,10820,7163,11,0,0,131364,27.1343237,0,6,0,1,0,9
9,10,19326,17070,12,0,0,109741,35.3443395,0,9,0,5,0,21
21,24,10039,2358,13,0,0,247710,104.9794621,0,21,0,5,0,35
35,49,21200,6745,14,9,0,484138,152.9878863,3,36,2,23,1,49
49,55,19320,2177,15,0,1,250205,213.6390992,0,49,0,17,0,50
50,127,71630,26105,16,-71,0,282707,209.8297314,1,50,1,18,0,39
39,51,33572,18685,17,0,1,198689,164.9989815,0,40,0,18,1,47
47,75,37224,8078,18,33,17,563907,209.2144075,2,47,2,17,0,368
368,858,441224,93903,19,-33,1,3105647,1669.102004,0,368,4,174,1,419
419,555,1185799,646845,20,-267,4,4094641,1933.378854,3,419,6,215,2,588
588,862,984366,322755,21,-100,7,5496974,2700.669105,13,588,14,296,4,710
710,1031,1136286,257280,22,0,14,6144026,3298.070238,7,710,23,344,1,1298
1298,1868,4337920,1655987,23,-66,15,11151036,6068.562947,6,1299,29,452,5,3445
3445,4858,4612175,400250,0,3073,12,36207012,16575.25582,26,3717,356,883,5,3784
3784,4681,4584463,646961,1,-233,24,39203944,17898.56631,20,3786,93,829,6,1666
1666,1956,1202469,135609,2,-33,9,14727328,7807.480694,10,1666,30,538,5,3066
3066,3584,3454079,537695,3,325,15,30481068,14890.89235,14,3103,112,594,4,3368
3368,4142,4477519,871298,4,474,149,25316419,15864.2709,15,3508,159,741,13,190
190,256,189630,48039,5,-166,46,1534010,871.3374881,3,193,8,111,0,61
61,92,44216,9959,6,0,17,936371,292.70365,1,63,0,37,0,57
57,69,33766,8025,7,33,0,546759,266.467573,0,57,3,19,0,63
63,65,44660,25760,8,0,0,577942,274.8427736,0,63,0,19,0,40
40,56,15330,4503,9,-133,0,288945,186.4450704,0,40,0,12,0,31
31,34,6995,1073,10,0,0,154590,134.7640476,0,31,0,12,0,30
30,35,7006,1327,11,33,0,165520,132.7070533,0,30,1,7,0,36
36,46,22247,7239,12,0,0,385229,180.5492848,0,36,0,14,0,35
35,40,19600,12723,13,0,0,214364,160.0282612,0,35,0,14,1,37
37,43,35418,23808,14,-33,0,354250,165.9924847,0,40,1,14,0,35
35,49,30702,12790,15,0,1,393077,170.0194036,1,36,0,10,0,32
32,35,21014,7667,16,0,0,204550,144.6329885,0,32,0,13,0,36
36,41,30222,9162,17,0,0,281697,177.462011,0,37,2,13,0,33
33,103,16792,8085,18,67,0,255715,151.4557331,2,34,4,20,0,25
25,76,55023,35087,19,89,0,252432,121.9006915,2,27,5,6,0,7
7,11,4317,1465,20,11,0,152406,30.1011062,0,7,1,8,0,10
10,10,1722,818,21,0,0,16124,39.2784517,0,10,0,1,0,7
7,9,5299,1801,22,0,0,100421,29.5787841,0,9,0,1,0,2
2,3,147,113,23,0,0,4979,8.4391944,0,2,0,1,0,2
2,2,255,179,0,0,0,9428,7.6377029,0,2,0,1,0,4
4,5,694,413,1,0,0,5699,16.6444564,0,4,0,0,0,4
4,6,414,168,2,100,0,7702,16.0481946,0,4,2,1,0,1
1,1,1348,1348,3,0,0,2675,3.8592696,0,1,0,0,0,1
1,1,3,3,4,0,0,5,4.0209036,0,1,0,0,0,1
1,1,3,3,5,0,0,194,4.1087966,0,1,0,0,0,1
1,1,840,840,6,0,0,106873,6.9408092,0,1,0,0,0,2
2,2,1858,1666,7,0,0,41469,8.369418,0,2,0,0,0,0
0,0,0,0,8,0,0,0,0,0,0,0,0,0,0
0,0,0,0,9,0,0,0,0,0,0,0,0,0,0
0,0,0,0,10,0,0,0,0,0,0,0,0,0,1
1,1,1088,1088,11,0,0,8808,4.0772605,0,1,0,1,0,0
0,0,0,0,12,0,0,0,0,0,0,0,0,0,0
0,0,0,0,13,0,0,0,0,0,0,0,0,0,1
1,1,145,145,14,0,0,4035,4.0772605,0,1,0,0,0,1
1,1,726,726,15,0,0,697,4.1226788,0,1,0,0,0,1
1,1,289,289,16,0,0,7887,4.184709,0,1,0,0,0,0
0,0,0,0,17,0,0,0,0,0,0,0,0,0,0
0,0,0,0,18,0,0,0,0,0,0,0,0,0,1
1,1,422,422,19,0,0,4530,3.7412417,0,1,0,0,0,1
1,1,1352,1352,20,0,0,2682,3.859119,0,1,0,0,0,0
0,0,0,0,21,0,0,0,0,0,0,0,0,0,1
1,1,412,412,22,0,0,2558,4.1129866,0,1,0,1,0,0
0,0,0,0,23,0,0,0,0,0,0,0,0,0,0
0,0,0,0,0,0,0,0,0,0,0,0,0,0,0
0,0,0,0,1,0,0,0,0,0,0,0,0,0,2
2,2,126,118,2,0,0,5561,8.1870532,0,2,0,3,0,2
2,3,130,85,3,0,0,211,7.7040978,0,2,0,0,0,0
0,0,0,0,4,0,0,0,0,0,0,0,0,0,0
0,0,0,0,5,0,0,0,0,0,0,0,0,0,0
0,0,0,0,6,0,0,0,0,0,0,0,0,0,0
0,0,0,0,7,0,0,0,0,0,0,0,0,0,0
0,0,0,0,8,0,0,0,0,0,0,0,0,0,2
2,2,606,303,9,0,0,12017,8.227618,0,2,0,0,0,1
1,1,1219,1219,10,0,0,2199,3.752976,0,1,0,1,0,0
0,0,0,0,11,0,0,0,0,0,0,0,0,0,0
0,0,0,0,12,0,0,0,0,0,0,0,0,0,1
1,2,1097,1097,13,0,0,1012,4.280962,0,1,0,0,0,0
0,0,0,0,14,0,0,0,0,0,0,0,0,0,1
1,1,2457,2457,15,0,0,9941,6.9721274,0,1,0,2,0,0
0,0,0,0,16,0,0,0,0,0,0,0,0,0,2
2,2,607,510,17,0,0,9679,7.7219745,0,2,0,1,0,1
1,1,190,190,18,0,0,771,3.787229,0,1,0,0,0,1
1,1,71,71,19,0,0,139,3.9075143,0,1,0,0,0,0
0,0,0,0,20,0,0,0,0,0,0,0,0,0,2
2,2,815,813,21,0,0,180558,7.9607126,0,2,0,0,0,0
0,0,0,0,22,0,0,0,0,0,0,0,0,0,0
0,0,0,0,23,0,0,0,0,0,0,0,0,0,0
0,0,0,0,0,0,0,0,0,0,0,0,0,0,1
1,1,20,20,1,0,0,128,4.11302,0,1,0,0,0,0
0,0,0,0,2,0,0,0,0,0,0,0,0,0,0
0,0,0,0,3,0,0,0,0,0,0,0,0,0,0
0,0,0,0,4,0,0,0,0,0,0,0,0,0,0
0,0,0,0,5,0,0,0,0,0,0,0,0,0,0
0,0,0,0,6,0,0,0,0,0,0,0,0,0,0
0,0,0,0,7,0,0,0,0,0,0,0,0,0,0
0,0,0,0,8,0,0,0,0,0,0,0,0,0,0
0,0,0,0,9,0,0,0,0,0,0,0,0,0,0
0,0,0,0,10,0,0,0,0,0,0,0,0,0,0
0,0,0,0,11,0,0,0,0,0,0,0,0,0,0
0,0,0,0,12,0,0,0,0,0,0,0,0,0,0
0,0,0,0,13,0,0,0,0,0,0,0,0,0,0
0,0,0,0,14,0,0,0,0,0,0,0,0,0,0
0,0,0,0,15,0,0,0,0,0,0,0,0,0,0
0,0,0,0,16,0,0,0,0,0,0,0,0,0,0
0,0,0,0,17,0,0,0,0,0,0,0,0,0,0
0,0,0,0,18,0,0,0,0,0,0,0,0,0,0
0,0,0,0,19,0,0,0,0,0,0,0,0,0,0
0,0,0,0,20,0,0,0,0,0,0,0,0,0,0
0,0,0,0,21,0,0,0,0,0,0,0,0,0,1
1,1,3436,3436,22,0,0,668,3.752976,0,1,0,1,0,0
0,0,0,0,23,0,0,0,0,0,0,0,0,0,0
0,0,0,0,0,0,0,0,0,0,0,0,0,0,0
0,0,0,0,1,0,0,0,0,0,0,0,0,0,0
0,0,0,0,2,0,0,0,0,0,0,0,0,0,0
0,0,0,0,3,0,0,0,0,0,0,0,0,0,0
0,0,0,0,4,0,0,0,0,0,0,0,0,0,0
0,0,0,0,5,0,0,0,0,0,0,0,0,0,0
0,0,0,0,6,0,0,0,0,0,0,0,0,0,0
0,0,0,0,7,0,0,0,0,0,0,0,0,0,0
0,0,0,0,8,0,0,0,0,0,0,0,0,0,0
0,0,0,0,9,0,0,0,0,0,0,0,0,0,0
0,0,0,0,10,0,0,0,0,0,0,0,0,0,0
0,0,0,0,11,0,0,0,0,0,0,0,0,0,0
0,0,0,0,12,0,0,0,0,0,0,0,0,0,0
0,0,0,0,13,0,0,0,0,0,0,0,0,0,1
1,1,833,833,14,0,0,183428,3.8574948,0,1,0,0,0,0
0,0,0,0,15,0,0,0,0,0,0,0,0,0,0
0,0,0,0,16,0,0,0,0,0,0,0,0,0,0
0,0,0,0,17,0,0,0,0,0,0,0,0,0,0
0,0,0,0,18,0,0,0,0,0,0,0,0,0,0
0,0,0,0,19,0,0,0,0,0,0,0,0,0,0
0,0,0,0,20,0,0,0,0,0,0,0,0,0,0
0,0,0,0,21,0,0,0,0,0,0,0,0,0,0
0,0,0,0,22,0,0,0,0,0,0,0,0,0,0
0,0,0,0,23,0,0,0,0,0,0,0,0,0,0
0,0,0,0,0,0,0,0,0,0,0,0,0,0,0
0,0,0,0,1,0,0,0,0,0,0,0,0,0,0
0,0,0,0,2,0,0,0,0,0,0,0,0,0,0
0,0,0,0,3,0,0,0,0,0,0,0,0,0,0
0,0,0,0,4,0,0,0,0,0,0,0,0,0,0
0,0,0,0,5,0,0,0,0,0,0,0,0,0,0
0,0,0,0,6,0,0,0,0,0,0,0,0,0,0
0,0,0,0,7,0,0,0,0,0,0,0,0,0,1
1,1,0,0,8,0,0,1,4.184327,0,1,0,0,0,0
