1,2,69,69,13,0,0,453,4.1747985,0,1,0,0,0,0
0,0,0,0,14,0,0,0,0,0,0,0,0,0,2
2,2,74,53,15,0,0,2020,7.5204549,0,2,0,3,0,3
3,5,1359,560,16,0,0,66153,11.6954045,0,3,0,5,0,3
3,3,243,160,17,0,0,8017,9.9721501,0,3,0,3,0,1
1,2,406,406,18,0,0,9651,5.0503206,1,1,0,0,0,0
0,0,0,0,19,0,0,0,0,0,0,0,0,0,3
3,27,1415750,1408434,20,40,0,18198,17.8387693,1,6,7,4,0,0
0,0,0,0,21,0,0,0,0,0,0,0,0,0,8
8,11,1303,841,22,7,0,15331,31.7088349,0,9,1,4,0,107
107,113,4662,3668,23,0,0,183451,436.2649574,0,110,1,4,0,115
115,116,349,125,0,0,0,201167,469.8948877,0,115,0,2,0,1
1,1,74,74,1,0,0,119,4.2044992,0,1,0,0,0,1
1,1,914,914,2,0,0,91179,3.466091,0,1,0,3,0,1
1,1,1,1,3,0,0,0,4.2087574,0,1,0,0,0,28
28,28,28,1,4,0,0,51732,113.8514335,0,28,0,0,0,42
42,42,505,464,5,0,0,81109,170.2974034,0,42,0,2,0,59
59,59,59,1,6,0,0,114282,240.8850786,0,59,0,0,0,59
59,60,41,1,7,0,0,118000,241.9144986,0,60,0,0,0,0
0,0,0,0,8,0,0,0,0,0,0,0,0,0,0
0,0,0,0,9,0,0,0,0,0,0,0,0,0,1
1,1,647,647,10,0,0,6224,3.698157,0,1,0,0,0,1
1,1,611,611,11,0,0,38932,6.153645,0,1,0,2,0,0
0,0,0,0,12,0,0,0,0,0,0,0,0,0,1
1,1,864,864,13,0,0,4235,3.8265476,0,1,0,0,0,1
1,1,6,6,14,0,0,85,3.9069607,0,1,0,1,0,1
1,1,109,109,15,0,0,1337,3.6492362,0,1,0,0,0,1
1,1,405,405,16,0,0,9654,4.19983,0,1,0,0,0,0
0,0,0,0,17,0,0,0,0,0,0,0,0,0,2
2,2,263,161,18,0,0,915,7.6148476,0,2,0,2,0,0
0,0,0,0,19,0,0,0,0,0,0,0,0,0,1
1,1,33,33,20,0,0,85,4.176315,0,1,0,0,0,0
0,0,0,0,21,0,0,0,0,0,0,0,0,0,0
0,0,0,0,22,0,0,0,0,0,0,0,0,0,2
2,3,4210,2105,23,0,0,4594,7.4040811,0,2,0,2,0,1
1,1,25646,25646,0,0,0,3691,7.107765,0,1,0,2,0,3
3,4,28226,26362,1,0,0,184284,14.1230925,0,3,0,0,0,2
2,3,395,357,2,0,0,26279,7.8254795,0,2,0,3,0,0
0,0,0,0,3,0,0,0,0,0,0,0,0,0,0
0,0,0,0,4,0,0,0,0,0,0,0,0,0,0
0,0,0,0,5,0,0,0,0,0,0,0,0,0,0
0,0,0,0,6,0,0,0,0,0,0,0,0,0,0
0,0,0,0,7,0,0,0,0,0,0,0,0,0,0
0,0,0,0,8,0,0,0,0,0,0,0,0,0,0
0,0,0,0,9,0,0,0,0,0,0,0,0,0,0
0,0,0,0,10,0,0,0,0,0,0,0,0,0,1
1,2,1915,1915,11,0,0,8548,4.301798,0,1,0,2,0,0
0,0,0,0,12,0,0,0,0,0,0,0,0,0,0
0,0,0,0,13,0,0,0,0,0,0,0,0,0,1
1,1,500,500,14,0,0,11438,3.4839182,0,1,0,3,0,1
1,1,402,402,15,0,0,1845,3.3336487,0,1,0,1,0,2
2,4,688,565,16,0,0,47027,11.4243358,0,2,0,2,0,8
8,21,501835,485991,17,0,0,213038,40.5964758,0,13,5,11,0,1
1,1,292,292,18,0,0,9452,3.723908,0,1,0,1,0,1
1,2,4415,4415,19,0,0,18741,4.860137,0,1,0,0,0,3
3,4,22059,11686,20,0,0,127462,22.3921685,0,4,0,5,0,2
2,4,190,146,21,0,0,4825,8.8245334,0,2,0,2,0,5
5,21,1425109,1416039,22,40,0,53655,27.67996,0,9,8,3,0,1
1,1,21,21,23,0,0,92,4.110812,0,1,0,2,0,4
4,7,12662,11689,0,0,0,41602,19.8757411,0,5,0,3,0,0
0,0,0,0,1,0,0,0,0,0,0,0,0,0,3
3,7,77055,76202,2,-64,0,14226,19.8372468,1,6,1,3,0,3
3,8,26172,25009,3,81,0,26261,15.7356524,0,5,3,1,0,2
2,6,7140,6523,4,0,0,63846,11.5637275,0,2,0,2,0,0
0,0,0,0,5,0,0,0,0,0,0,0,0,0,1
1,3,25,25,6,0,0,34,4.983456,0,1,0,0,0,1
1,2,201,201,7,0,2,575,4.0470257,0,1,0,0,0,0
0,0,0,0,8,0,0,0,0,0,0,0,0,0,0
0,0,0,0,9,0,0,0,0,0,0,0,0,0,0
0,0,0,0,10,0,0,0,0,0,0,0,0,0,0
0,0,0,0,11,0,0,0,0,0,0,0,0,0,0
0,0,0,0,12,0,0,0,0,0,0,0,0,0,0
0,0,0,0,13,0,0,0,0,0,0,0,0,0,0
0,0,0,0,14,0,0,0,0,0,0,0,0,0,0
0,0,0,0,15,0,0,0,0,0,0,0,0,0,0
0,0,0,0,16,0,0,0,0,0,0,0,0,0,2
2,2,734,530,17,0,0,3277,6.5982132,0,2,0,3,0,4
4,4,2783,1802,18,0,0,23989,15.3423181,0,4,0,1,0,2
2,3,10535,10253,19,0,0,66536,8.4902329,0,2,0,1,0,3
3,3,948,751,20,0,0,62431,13.3833621,0,3,0,2,0,1
1,1,5,5,21,0,0,26,3.082846,0,1,0,1,0,1
1,1,187,187,22,0,0,8216,3.9998472,0,1,0,0,0,0
0,0,0,0,23,0,0,0,0,0,0,0,0,0,4
4,5,1412,919,0,0,0,11123,15.2763536,0,4,0,3,0,1
1,1,318,318,1,0,0,6009,4.330801,0,1,0,0,0,0
0,0,0,0,2,0,0,0,0,0,0,0,0,0,1
1,2,206,206,3,0,0,583,4.1031537,0,1,0,0,0,1
1,1,639,639,4,0,0,4296,4.3292813,0,1,0,0,0,2
2,3,9837,9780,5,0,0,27717,11.3290977,0,2,0,2,0,3
3,7,768,439,6,0,0,11314,13.3358826,0,3,0,1,0,0
0,0,0,0,7,0,0,0,0,0,0,0,0,0,1
1,1,81,81,8,0,0,807,3.5390992,0,1,0,1,0,0
0,0,0,0,9,0,0,0,0,0,0,0,0,0,2
2,3,22,15,10,0,0,100,7.2400131,0,2,0,3,0,0
0,0,0,0,11,0,0,0,0,0,0,0,0,0,0
0,0,0,0,12,0,0,0,0,0,0,0,0,0,0
0,0,0,0,13,0,0,0,0,0,0,0,0,0,0
0,0,0,0,14,0,0,0,0,0,0,0,0,0,0
0,0,0,0,15,0,0,0,0,0,0,0,0,0,1
1,1,253,253,16,0,0,2536,3.9282763,0,1,0,0,0,5
5,5,519,416,17,0,0,15807,19.261959,0,5,0,5,0,7
7,27,15908,6045,18,0,0,53273,32.2794532,2,8,1,3,0,3
3,4,12072,10605,19,0,0,113131,11.414162,0,3,0,2,0,7
7,21,14944,7114,20,0,0,44328,31.9292518,2,7,0,1,0,16
16,31,33223,13536,21,50,0,102040,70.3750773,0,22,8,20,0,3
3,5,787,443,22,0,0,21593,12.3312895,0,3,0,2,0,8
8,34,65785,49594,23,0,0,170103,38.9711805,0,9,1,6,0,252
252,746,1361091,431065,0,-21,17,2120620,1143.843368,11,262,53,148,2,120
120,431,414900,144891,1,75,4,987663,512.8242288,13,129,14,90,1,87
87,138,130226,40529,2,0,11,577273,371.2432393,3,88,0,86,0,124
124,237,321368,126611,3,25,3,1270438,554.3632417,3,134,15,56,1,263
263,677,797345,145035,4,0,7,2902469,1167.660411,14,278,19,135,1,96
96,209,557612,145084,5,0,2,1249106,453.1920922,3,99,3,66,1,62
62,103,58220,20232,6,0,0,405653,272.6609342,1,64,3,45,0,49
49,65,24177,5214,7,0,0,351422,216.7693523,1,49,0,37,0,28
28,35,19757,10436,8,0,0,255479,121.0232758,0,28,1,23,0,17
17,24,13116,9280,9,148,0,68206,69.6731903,0,21,4,10,0,9
9,10,2869,1000,10,0,0,36794,44.0338321,0,9,0,1,0,8
8,9,1732,464,11,0,0,49926,31.577624,0,8,0,8,0,3
3,4,3050,2139,12,0,0,42463,14.6737956,0,3,0,1,0,12
12,28,17627,5435,13,0,0,307643,49.5505217,1,12,0,9,0,19
19,34,162102,145215,14,0,0,704621,96.6156017,0,19,0,15,0,13
13,28,6932,2262,15,0,0,184607,61.4296692,0,13,0,7,0,46
46,71,327986,145238,16,0,1,562305,219.8390978,0,47,1,37,0,35
35,64,862658,791960,17,57,0,417615,157.5496095,0,38,5,26,0,54
54,104,122982,49665,18,0,4,504817,267.9103846,3,56,2,25,1,38
38,92,234150,126810,19,0,4,514191,180.5269324,2,40,1,31,0,36
36,46,54624,33997,20,0,0,384140,152.9629773,0,36,0,21,0,40
40,144,80804,24460,21,-9,0,298326,181.0723232,0,42,2,44,0,31
31,232,25599,6300,22,0,1,365927,144.5848967,0,31,1,22,0,17
17,33,28632,9914,23,0,0,169251,76.9048651,0,22,6,9,0,29
29,172,62217,22912,0,0,0,510233,135.2970326,2,32,6,26,0,13
13,16,23048,21572,1,0,2,55198,51.9883649,0,13,0,11,0,14
14,45,141341,81299,2,0,2,136188,64.2405092,1,14,0,13,0,19
19,43,16691,5311,3,0,0,220373,83.1318168,3,19,1,9,0,16
16,30,24216,11657,4,0,0,91095,68.4035244,0,16,3,12,0,16
16,24,6489,1573,5,0,0,96232,73.3628028,0,16,0,9,0,17
17,21,17525,10438,6,0,0,109868,79.3811594,0,17,0,9,0,10
10,17,13813,10791,7,0,0,153755,40.9480883,0,10,0,12,0,14
14,16,4398,2304,8,0,0,47550,57.0956023,1,14,0,17,0,1
1,1,474,474,9,0,0,838,4.374068,0,1,0,0,0,2
2,4,2668,1935,10,0,0,25361,10.6089465,0,2,1,0,0,0
0,0,0,0,11,0,0,0,0,0,0,0,0,0,2
2,2,3577,2859,12,0,0,53810,11.4206573,0,2,0,0,0,2
2,3,1676,1403,13,0,0,3926,8.9296452,1,2,0,2,0,5
5,26,15219,11455,14,0,6,112532,24.4487319,0,7,2,2,0,11
11,14,7920,1934,15,0,0,202650,45.2449934,0,11,0,9,0,14
14,18,6750,1469,16,0,0,76236,62.7529602,0,14,0,6,0,17
17,30,53266,17076,17,0,0,159587,84.2373562,2,18,1,26,1,25
25,43,80208,62414,18,14,0,249735,119.8474888,3,27,3,21,0,8
8,10,7608,4041,19,0,5,106142,37.0123596,0,8,0,6,0,18
18,21,43166,17078,20,0,0,274629,81.6920726,0,18,0,15,0,0
0,0,0,0,21,0,0,0,0,0,0,0,0,0,4
4,148,330290,145740,22,0,9,210277,30.1265094,6,4,0,2,0,15
15,27,6410,3839,23,0,0,25452,61.1497506,0,15,0,13,1,19
19,113,9088814,8883350,0,100,0,283206,96.1781752,4,24,14,17,0,12
12,19,23349,12393,1,54,0,120667,54.2735562,0,12,1,11,0,26
26,51,58774,11773,2,-100,2,478799,127.5508871,3,28,3,23,0,13
13,17,7492,3364,3,0,0,89705,53.9433375,0,13,0,13,0,18
18,22,8115,1629,4,0,0,134726,72.8129846,0,18,0,17,0,30
30,39,36986,12833,5,0,1,432027,129.6993441,1,30,1,26,0,22
22,32,13465,2614,6,0,0,261913,101.4741725,0,23,2,16,0,13
13,16,2699,1653,7,0,0,40936,51.5815492,0,14,0,12,0,12
12,27,6975,1654,8,0,0,102391,48.0716177,0,12,0,9,0,1
1,1,9,9,9,0,0,316,3.353934,0,1,0,1,0,1
1,1,38,38,10,0,0,208,4.207785,0,1,0,2,0,2
2,2,1359,1264,11,0,0,4313,6.5122688,0,2,0,4,0,2
2,8,8073,5572,12,0,0,24798,7.979201,0,2,0,3,0,6
6,7,5716,5484,13,0,0,6161,24.2878189,0,6,0,3,0,5
5,8,2655,1461,14,0,0,76594,19.5097037,0,5,0,4,0,13
13,17,16759,5892,15,0,0,239297,51.8964574,0,13,0,24,0,10
10,15,8274,1630,16,0,2,74122,43.3498141,0,10,0,7,0,13
13,24,35352,17093,17,0,3,131391,55.7822808,0,13,0,6,0,11
11,18,154189,146311,18,0,10,332757,46.867162,0,11,0,12,0,12
12,55,69609,49720,19,0,6,205007,63.269821,0,12,0,12,0,16
16,223,8972442,8905259,20,77,0,252428,87.7979643,0,53,93,7,0,28
28,314,2089098,778755,21,87,620,411562,141.1506983,6,66,77,20,0,14
14,14,3851,1020,22,0,0,97101,55.6442194,0,14,0,10,0,20
20,54,101901,46271,23,0,2,167986,88.6594685,2,21,0,10,1,24
24,43,241614,146085,0,0,0,196145,109.2890326,0,24,0,24,0,26
26,45,33411,9960,1,0,0,423530,117.2837901,1,26,0,23,0,20
20,86,41649,14111,2,-77,0,145138,98.0767039,0,20,0,16,0,12
12,20,13245,8638,3,0,0,158736,52.206027,0,12,0,7,0,10
10,12,7552,4523,4,0,0,56930,39.2333053,0,10,0,11,0,17
17,24,81446,69166,5,0,0,232305,71.1017105,0,17,0,11,0,21
21,340,784235,777941,6,-81,0,85164,91.2958656,3,21,1,18,0,6
6,9,3456,1822,7,0,0,48199,24.3661869,0,6,0,6,0,6
6,6,2247,1004,8,0,0,28888,24.062673,0,6,0,7,0,2
2,2,69,56,9,0,0,1613,7.7144531,0,2,0,2,0,3
3,3,19732,19588,10,0,0,36062,11.0843286,0,3,0,5,0,1
1,1,37,37,11,0,0,9,3.6459367,0,1,0,0,0,2
2,2,172,87,12,0,0,7781,7.5692768,0,2,0,0,0,3
3,5,17603,11692,13,0,0,94887,15.7538151,0,3,0,1,0,5
5,12,76629,62625,14,92,2,31191,26.4131233,0,7,3,2,0,6
6,13,17311,12405,15,0,3,45726,25.9934964,1,6,0,13,0,15
15,25,61918,49749,16,0,0,205582,76.7509648,0,15,0,6,0,22
22,104,91587,21870,17,0,2,425017,106.3471614,3,22,1,16,0,28
28,99,63187,17117,18,100,0,204182,132.8503562,4,31,5,23,0,18
18,102,631070,348824,19,35,10,256515,90.3878664,2,35,29,14,1,16
16,30,117372,94686,20,26,6,262021,83.0835493,1,17,1,17,0,10
10,21,168521,157204,21,0,1,290425,47.1536704,1,10,0,10,1,8
8,66,30092,13277,22,0,19,51588,47.2963239,3,8,0,8,0,2
2,4,31596,31471,23,0,7,33599,11.5467666,1,2,0,2,0,2
2,67,47672,35626,0,0,305,87827,11.4925265,0,2,0,0,0,10
10,35,6795,2559,1,0,0,169732,42.3527952,0,11,1,10,0,35
35,78,73099,45865,2,56,0,338576,166.5729169,6,38,6,32,1,12
12,17,8713,3431,3,0,0,120853,53.1394009,0,12,0,5,2,48
48,193,796752,146522,4,62,0,1030766,256.257343,5,54,10,48,1,34
34,59,40777,7783,5,0,0,654581,178.344242,0,34,0,28,0,22
22,112,56877,24845,6,0,0,326926,102.4439898,2,22,0,13,0,20
20,36,23645,7415,7,15,0,206540,86.4276988,0,22,4,29,0,13
13,15,10869,6336,8,0,0,300125,50.6666353,0,13,0,12,0,8
8,10,4481,3564,9,0,0,40445,31.9857855,0,8,0,9,0,13
13,16,10233,7706,10,0,0,98144,56.43223,0,13,0,6,0,1
1,1,23,23,11,0,0,157,4.118697,0,1,0,1,0,5
5,20,154496,118640,12,46,0,147166,33.2302277,0,6,1,10,0,2
2,4,955,913,13,0,0,3793,8.7238373,0,3,0,2,0,6
6,22,57461,34495,14,0,0,150674,30.3548113,1,6,0,4,0,22
22,39,58426,34496,15,0,0,160257,90.740368,1,22,0,20,0,26
26,73,101079,49788,16,68,0,368097,127.3903039,1,30,11,7,0,25
25,54,83443,49791,17,0,0,196489,111.4308113,0,27,1,18,0,20
20,49,25027,13273,18,100,5,82549,89.6722219,1,22,2,20,0,29
29,78,197832,105121,19,0,4,356416,135.9195038,2,29,0,34,0,30
30,71,104801,34673,20,0,0,272143,147.4083143,2,30,0,22,0,35
35,99,421494,146786,21,0,0,584645,171.9468747,4,36,1,23,0,32
32,142,506611,251767,22,100,0,449522,159.3043062,8,34,12,34,0,26
26,41,76197,62883,23,0,0,104735,114.5079832,0,26,0,25,0,23
23,52,37482,18521,0,0,2,172872,101.049382,3,24,2,35,0,28
28,68,32242,7427,1,0,0,153849,136.8506274,8,29,3,17,1,25
25,36,65534,34547,2,0,0,305852,115.6414705,1,26,2,31,0,26
26,53,57190,22635,3,0,0,119882,118.7125593,0,27,0,14,0,24
24,38,25250,3708,4,0,0,80699,103.9898352,1,24,0,29,0,23
23,94,28911,5351,5,0,0,126005,106.8447701,1,25,4,20,0,18
18,25,18384,3451,6,0,0,223245,88.2668823,0,18,0,13,0,13
13,34,159568,146938,7,19,0,156064,58.7305326,1,15,2,8,0,3
3,12,860,626,8,0,0,10936,12.3786309,1,3,0,1,0,6
6,17,11301,6346,9,0,0,369850,27.4479811,2,6,0,7,0,4
4,4,50,20,10,0,0,724,15.1579694,0,4,0,5,0,3
3,5,881,628,11,0,0,8234,12.628119,0,3,0,0,0,1
1,1,65,65,12,0,0,465,3.2143278,0,1,0,1,0,1
1,1,311,311,13,0,0,2707,4.094724,0,1,0,1,0,8
8,16,17949,8833,14,0,0,204006,42.1451522,2,8,0,8,0,5
5,5,3012,2184,15,0,0,17108,20.1058686,0,5,0,0,0,25
25,96,181960,64599,16,69,0,353019,121.4019395,1,27,3,20,0,22
22,170,4325934,4199925,17,26,0,520628,134.0532223,4,38,32,5,0,20
20,49,56708,28078,18,0,0,248064,95.6412931,1,23,3,17,0,21
21,51,62410,17234,19,0,0,153605,89.7149696,1,22,1,23,0,41
41,1783,122488,52103,20,0,0,740090,212.1071019,7,45,4,21,0,64
64,97,45393,4466,21,100,0,501522,285.5665134,1,74,10,38,0,27
27,53,39034,9792,22,0,0,186987,126.5070052,4,28,1,18,0,33
33,207,470735,147153,23,0,0,460298,173.7000158,8,38,10,21,1,21
21,47,183062,147166,0,0,0,280704,102.0246242,1,21,0,15,0,34
34,110,106647,34620,1,0,1,535892,160.9545733,5,35,1,27,0,21
21,42,101248,34628,2,-5,0,393393,100.6862042,1,30,13,22,0,30
30,47,227943,147217,3,0,1,526949,135.534796,1,31,1,14,0,42
42,121,173819,147225,4,-36,0,419981,170.4797445,1,60,26,31,0,36
36,47,64589,34644,5,69,0,605631,157.9067913,3,37,1,35,0,27
27,46,29112,16030,6,0,0,110413,117.7239119,3,27,0,29,0,12
12,13,5525,2798,7,0,0,53139,49.7048854,0,13,0,13,0,12
12,15,13958,4040,8,0,0,205657,56.0532913,0,12,0,16,0,7
7,11,6051,3349,9,0,0,116854,28.6371076,0,7,0,6,0,3
3,3,106,54,10,0,0,2253,11.9052156,0,3,0,2,0,4
4,5,4207,1962,11,0,0,188526,17.3602748,0,4,0,6,0,5
5,7,535,347,12,0,0,6453,21.8949898,1,5,0,0,0,4
4,16,13246,9982,13,0,7,242694,26.2076615,0,4,0,0,0,9
9,9,4122,1338,14,0,0,85233,42.4374763,0,9,0,6,0,12
12,102,368486,147327,15,0,2,251200,62.5284754,6,13,1,3,0,45
45,92,160990,73287,16,0,1,667625,206.9485513,5,48,3,34,0,79
79,211,1991097,349659,17,113,1,1561609,408.2050006,10,93,19,50,0,104
104,570,807715,147364,18,116,2,1544105,500.2911137,20,114,16,84,0,144
144,534,866801,147421,19,0,125,1294956,670.7726025,22,156,12,114,0,77
77,384,393885,147446,20,15,0,939137,359.6207907,3,84,8,55,0,78
78,226,17414171,5616589,21,0,0,954715,363.4854714,7,83,6,57,2,98
98,403,1177068,147481,22,0,4,2140581,513.1744323,23,107,10,52,1,114
114,316,1778574,147501,23,44,3,2406001,599.7386053,25,122,8,69,0,66
66,158,1245234,147517,0,100,5,1480857,342.1186846,4,74,9,35,0,43
43,177,1040267,787643,1,0,13,555689,204.0154119,3,46,6,48,0,48
48,139,173278,143414,2,0,2,281610,198.3402582,1,48,0,37,1,57
57,98,109930,48650,3,0,2,458119,243.9911424,1,58,2,59,0,44
44,54,30021,8872,4,0,0,388543,178.1769777,0,45,1,43,0,52
52,79,43685,5122,5,91,0,461048,216.8475975,1,57,5,45,0,37
37,87,51315,7713,6,0,0,650076,174.243634,2,37,1,23,0,30
30,45,35459,18067,7,0,0,217057,138.7910763,0,30,0,23,0,21
21,24,24447,5827,8,0,0,510510,95.6931459,0,23,0,12,0,7
7,8,4013,1636,9,0,0,59328,28.4431112,0,7,0,6,0,6
6,7,1557,360,10,0,0,41740,24.9804219,0,6,0,1,0,18
18,30,163374,147738,11,0,0,182493,82.4594117,1,18,0,7,0,15
15,21,43754,12328,12,0,0,256546,63.4917037,0,16,1,15,0,15
15,28,250860,147743,13,0,0,286123,75.5494047,0,15,0,11,0,29
29,62,242106,147744,14,0,4,750801,150.1739824,1,31,2,24,0,26
26,39,98127,23791,15,0,0,313092,129.9359116,1,26,0,21,0,43
43,142,133319,34813,16,133,0,426134,198.6480732,7,47,8,33,0,78
78,300,1976819,1269502,17,7,0,1184751,374.9386812,6,91,25,47,0,56
56,210,902596,789393,18,-28,18,749035,271.9091785,9,61,3,39,0,66
66,154,400706,158224,19,0,7,799938,325.0622859,7,68,1,46,0,75
75,189,1695093,1269697,20,32,0,1540159,370.1313134,7,88,18,56,1,60
60,160,560476,263964,21,21,10,1140347,301.4628454,1,66,5,52,1,62
62,194,1694425,754655,22,204,43,1306842,354.0603133,11,70,10,40,0,130
130,477,1977156,149020,23,122,6,3107748,699.3604872,26,143,26,103,0,61
61,245,17290665,5617057,0,100,3,1058476,314.556907,12,67,8,46,0,57
57,90,188466,55761,1,0,4,960152,280.2330881,5,57,0,43,0,120
120,233,2373685,1691196,2,50,3,1951061,578.258246,3,129,12,67,1,83
83,341,823798,345376,3,192,2,1059774,408.29645,9,92,16,72,0,72
72,357,942847,790790,4,200,1,738173,321.9488231,4,76,8,49,1,68
68,135,388125,148044,5,0,0,753149,310.8333748,3,69,1,60,1,44
44,140,467004,158391,6,97,1,642399,210.8657831,6,53,40,47,0,42
42,81,81636,21966,7,-3,2,258125,184.4368906,2,46,7,32,0,20
20,33,81751,63572,8,0,0,207793,99.007595,1,21,0,21,0,9
9,14,6853,4209,9,0,2,36592,38.3746297,0,9,0,8,0,8
8,9,2444,703,10,0,0,38109,32.8768361,0,8,0,2,0,7
7,11,13597,5301,11,0,0,485768,45.3599655,0,7,0,5,0,15
15,35,1277851,1270683,12,85,0,210026,63.8026517,1,17,5,12,0,21
21,38,183008,148147,13,0,0,447988,100.893205,1,22,3,21,0,27
27,142,9211294,9050567,14,-14,0,832271,144.2176426,6,58,37,26,0,35
35,79,172613,65584,15,0,3,375853,174.7240249,4,37,2,31,0,55
55,117,215420,73566,16,0,0,1086742,270.7520569,5,58,2,34,0,90
90,244,1760906,360027,17,0,3,2249665,468.4906633,11,96,8,63,0,132
132,394,900449,170957,18,-53,0,1908870,653.2015739,18,150,17,83,1,160
160,330,1675420,360069,19,-86,2,2417252,782.2176815,10,169,7,102,0,263
263,634,3036322,1091007,20,96,1,3709240,1309.962181,24,291,50,216,1,185
185,596,1583897,360101,21,200,2,1659339,853.0856855,20,199,24,148,0,107
107,385,1302711,360106,22,56,4,1157207,478.3677571,7,113,10,84,0,132
132,454,477878,148295,23,0,0,1006251,591.5057651,6,138,6,194,0,114
114,225,28535914,5618934,0,0,1,1734896,523.9034884,4,121,12,156,2,66
66,111,516739,350813,1,0,3,491779,310.4942474,2,67,2,63,1,81
81,308,9347059,9064372,2,214,1,733825,370.4008808,8,131,123,63,0,85
85,179,375860,148369,3,79,2,984922,381.5536196,4,93,11,93,0,64
64,115,566268,434742,4,-87,0,854399,274.6108884,2,69,2,88,0,48
48,77,197157,158655,5,0,0,801597,225.3719287,5,48,0,57,0,47
47,88,90209,17341,6,0,0,356544,225.5003136,0,49,2,48,0,26
26,37,171874,95582,7,0,0,345494,119.5618177,0,27,0,11,0,20
20,28,29509,7474,8,0,0,334460,89.7728431,1,22,2,18,0,19
19,23,54971,46268,9,0,0,181040,78.3599966,0,19,0,15,0,4
4,4,1710,1077,10,0,0,103784,15.3852401,0,4,0,0,0,9
9,17,4791,1171,11,0,0,541710,43.2477376,1,9,1,8,0,12
12,19,12713,5565,12,0,0,95107,51.1738621,0,13,0,5,0,27
27,72,886116,537214,13,0,2,1343545,111.5039645,0,27,7,19,0,24
24,40,65000,18632,14,0,1,330894,116.770295,3,24,0,41,0,33
33,63,115389,20308,15,0,4,428298,155.0928255,2,33,0,43,1,75
75,170,3118735,1274386,16,-6,4,1738196,384.5847516,2,100,38,51,0,80
80,175,342723,67821,17,0,2,941067,397.8229244,5,84,4,49,0,125
125,406,2590760,434903,18,100,4,2077238,615.3254422,14,128,11,82,0,133
133,607,1759342,794795,19,0,10,2290156,651.9992414,27,150,24,112,0,114
114,1264,987943,318723,20,231,28,1806333,577.2278717,38,135,32,76,0,93
93,150,481309,107286,21,200,3,1027876,426.2841641,5,94,6,86,0,119
119,692,2116271,1174960,22,400,7,1334685,541.7666298,15,126,17,94,0,126
126,385,1327455,435003,23,100,2,1543542,575.1848442,12,133,12,95,0,101
101,369,17392772,5619674,0,-26,5,1456628,498.3958616,7,109,7,64,0,82
82,302,1101613,572576,1,398,6,838647,375.5589565,6,102,36,58,0,94
94,289,1691790,1275223,2,52,9,1334362,424.4264627,6,122,32,91,0,84
84,174,2217873,1691528,3,167,8,1158282,396.5548369,5,91,10,55,0,70
70,129,328091,148751,4,0,1,715373,323.4711898,3,71,2,60,0,14
14,24,47925,42361,5,0,1,52270,59.3432242,1,14,0,10,0,5
5,20,823636,796757,6,100,119,80858,32.5068729,1,5,2,5,0,4
4,26,275733,148838,7,-33,90,190864,24.7059817,3,4,0,3,0,4
4,20,319281,148825,8,0,35,214339,25.4780846,2,4,0,0,0,54
54,85,292592,95837,9,31,1,1447139,247.7665604,1,60,11,66,0,66
66,115,1970438,1738159,10,193,0,1672223,281.6984957,3,81,12,71,1,61
61,100,178058,28572,11,-45,1,1434440,275.676736,2,79,11,85,0,93
93,196,563352,155557,12,672,0,2690554,430.4257508,7,130,51,93,0,138
138,560,2194357,155559,13,816,4,2083831,649.2121236,20,274,127,141,0,192
192,451,1712305,357166,14,535,16,2958609,950.9913348,22,280,104,156,0,255
255,736,3273958,865634,15,501,70,2995635,1220.059254,28,386,145,280,0,505
505,1866,12715310,1538982,16,1791,40,6453041,2381.364527,51,798,349,484,0,635
635,2597,14895223,4757166,17,1758,60,7418479,2984.155894,61,1069,549,647,1,771
771,5209,28343004,9101488,18,2805,47,11003631,3661.311017,97,2051,1834,686,1,779
779,2151,20436502,9102747,19,2042,34,10667603,3567.290717,46,1225,553,683,1,636
636,3742,32674695,9103951,20,1382,225,9408119,2985.422502,104,1428,979,591,1,549
549,14424,37358922,9118167,21,1861,7621,7752493,2531.859559,142,1324,1653,602,2,705
705,3975,42213239,9107299,22,2608,934,13820045,3361.850894,88,1495,1083,758,2,661
661,5893,33962631,9108233,23,1426,242,10524122,2978.197143,106,1196,1493,811,3,680
680,3478,31838414,9109768,0,1335,3006,9539501,3031.32976,53,1314,846,834,1,739
739,2405,19283257,4950797,1,3301,21,11082609,3291.077777,56,1190,687,829,1,590
590,2796,39802615,9123313,2,1161,459,9191006,2604.869844,58,1245,903,616,0,433
433,7513,23297512,9112444,3,695,862,8285074,1948.76729,63,886,858,483,1,634
634,2310,14650272,4339348,4,1512,6,9157665,2756.444586,29,1049,567,715,0,284
284,972,12916563,9114433,5,-300,191,3559696,1205.70079,23,461,189,290,0,187
187,678,4963632,1446599,6,1334,266,2624349,834.6612354,15,276,163,209,1,329
329,685,2294820,410143,7,1164,0,4112153,1390.821527,13,435,140,403,1,137
137,252,1212945,283807,8,128,0,2116156,603.4240281,4,170,39,124,0,110
110,171,920076,283810,9,-100,0,3065402,484.3068753,3,139,14,114,0,80
80,181,1974489,1446766,10,113,0,1558624,367.4317273,1,107,36,64,0,97
97,242,3948490,3146843,11,95,0,2196235,443.4138394,8,136,62,80,1,145
145,290,4281817,2559265,12,370,0,3502444,671.1503538,9,178,49,162,0,130
130,407,3499505,2559265,13,-56,18,2167743,617.0320934,8,234,68,112,0,61
61,1394,1496371,407109,14,-80,1124,1103573,301.6443196,21,115,59,52,0,205
205,1095,6547169,1024769,15,1424,557,2933027,1000.661492,30,286,117,206,0,875
875,4518,64911239,14495339,16,2310,25,12971658,4307.535788,98,1785,1225,827,0,970
970,4916,43189223,9124851,17,2203,37,18519583,4532.379195,164,1915,1095,965,1,653
653,2567,27576174,9126337,18,1475,226,8872946,3171.41802,81,943,451,612,0,924
924,4026,38199831,4953397,19,2641,166,11883577,4492.570719,105,1408,702,834,2,1204
1204,3193,22267899,6321403,20,2947,8,22037990,5622.536274,93,1610,551,1128,2,1118
1118,6498,43551004,5673138,21,3201,11,16871047,5330.831351,115,1711,887,1115,5,885
885,3350,44811187,9130783,22,1428,28,12093755,4228.429142,68,1486,698,818,3,976
976,4020,45096781,9131458,23,2235,1096,13347521,4543.28286,81,1851,1168,992,3,665
665,2086,24490754,9132398,0,2879,1391,9213253,3096.13377,54,967,447,679,2,322
322,1713,22258499,4793819,1,562,1504,4320696,1520.151166,26,638,478,315,1,93
93,651,22837915,9173324,2,-110,1858,1806780,443.5135967,8,127,29,93,1,195
195,787,14810019,4959018,3,676,2576,3481737,909.9441457,14,311,182,207,1,108
108,627,12348882,9136767,4,199,1224,1701242,487.1963424,12,199,156,98,0,131
131,833,15438467,9161043,5,344,3640,1710660,600.6031603,14,214,137,118,0,105
105,540,5806503,4784939,6,267,1349,989193,454.8377768,11,117,19,98,0,76
76,262,10276774,9161534,7,234,1140,1105442,342.2938147,5,86,20,77,0,49
49,87,488618,275558,8,71,201,582156,220.9943977,0,52,1,40,0,35
35,107,1446268,411096,9,106,196,377161,148.8019649,0,39,7,29,0,45
45,58,184951,132430,10,72,2,375087,191.2158812,0,47,3,33,0,20
20,31,250593,210432,11,100,2,431114,94.802456,0,22,4,15,0,34
34,1776,179442,68005,12,21,2,558060,161.5959286,4,36,2,25,0,39
39,156,328167,68005,13,133,398,786479,177.908311,1,51,11,28,0,67
67,140,1772025,494025,14,180,175,1179764,313.8906271,3,77,14,59,1,87
87,982,6205284,2000938,15,147,682,1649518,431.0652614,24,150,125,102,0,141
141,427,2897248,365127,16,293,719,2302410,687.1085876,11,168,33,114,0,207
207,1358,15656687,3186945,17,587,4917,2734732,1002.232529,16,352,279,164,0,243
243,864,14011022,7294854,18,337,1782,3384479,1155.957942,19,305,58,211,1,255
255,1767,23072861,9159000,19,810,2776,3735020,1264.400508,36,441,258,227,0,301
301,3441,34630414,9153087,20,977,9077,4982766,1447.993458,51,765,710,324,2,370
370,1705,19762621,9159034,21,1069,4463,5820006,1740.4764,38,543,305,292,1,353
353,2846,36894205,9159038,22,938,2806,4319827,1675.43301,69,579,383,303,1,358
358,1791,16905673,4992260,23,1012,2545,5494169,1721.347189,42,496,226,299,1,367
367,6020,37497104,9331014,0,1516,4540,5794860,1809.942873,109,1012,727,296,1,814
814,3063,23466056,3734576,1,3612,145,11770508,3821.764422,88,1251,569,665,4,893
893,3281,27455589,6330000,2,2134,22,12300349,4111.950201,57,1227,424,743,3,913
913,3803,20525297,4398322,3,1760,22,14574062,4208.026842,79,1491,771,772,1,432
432,1917,13257945,2393559,4,789,1054,6858349,2013.609665,41,531,150,418,0,772
772,3466,20428504,4992696,5,1919,16,10800824,3474.771065,53,1346,893,651,1,697
697,10232,43565392,6068754,6,1835,1,11266849,3196.607863,99,1417,1283,546,1,654
654,6018,9591375,1519356,7,1107,1,8628563,2869.372657,56,1415,1403,437,1,430
430,3362,8923307,4993087,8,804,0,5781410,1892.791886,26,725,686,302,1,527
527,7183,17474550,9168865,9,419,301,6878244,2289.462874,61,1123,666,352,0,371
371,2296,6250096,3096710,10,-45,0,4805570,1605.661807,8,591,492,199,1,310
310,675,6819231,4399860,11,304,2,5224192,1332.600376,11,362,67,167,1,375
375,950,2186894,494234,12,721,1,5047216,1649.168928,7,473,128,218,2,493
493,1273,4784018,1692309,13,423,8,6410516,2226.13222,17,632,147,311,1,1084
1084,10013,24957588,9222829,14,2406,1674,13898436,4925.665789,103,2480,1759,746,6,2008
2008,13610,35073491,9174251,15,4728,28,26031229,9095.176081,123,3469,2155,1211,11,2698
2698,10011,49878064,9177117,16,6574,403,31141077,12241.98302,184,3635,1513,1624,5,1864
1864,10479,58766215,9219639,17,3279,7689,27736385,8604.05906,162,2457,813,1375,11,3030
3030,17724,88281061,9180853,18,9890,4095,38673949,14073.83399,327,3960,1556,1886,8,22236
22236,44567,113307359,14542201,19,0,190,242353949,93287.44479,455,22252,1028,37751,16,111597
111597,142880,186093945,9185215,20,0,1230,924685102,459093.7873,550,111632,1943,215396,26,96478
96478,133585,177092936,9186897,21,0,697,648358399,396706.2037,765,96495,2734,183407,17,74035
74035,113114,290529484,64319726,22,0,793,486587832,305431.4321,759,74098,3589,136999,22,66414
66414,112510,387491957,15790612,23,0,2303,459089579,276423.7379,1026,66466,3802,113483,47,95900
95900,238603,1031106542,9198013,0,3658,3835,1064637360,419060.073,3310,96329,26640,105430,118,93921
93921,276248,1099624240,15737352,1,-63,3844,1155328055,421305.09,4665,94075,41840,70785,145,86144
86144,267137,1118147596,26801236,2,-82,20632,1034261374,392983.6925,4221,86918,31081,43602,277,53177
53177,162251,742855241,15738504,3,3604,5797,727180592,238113.6127,2806,54942,19893,28037,120,14184
14184,36849,127350261,15746605,4,2071,6110,156111217,63663.05682,443,14481,1997,4277,62,7057
7057,33756,112977868,9233526,5,10487,44251,90230941,30578.79119,413,7554,1747,4861,16,2724
2724,18389,48203258,9219804,6,4642,5634,40320294,11860.32366,215,3086,1713,2012,3,3782
3782,11013,39648000,9220282,7,5752,6,67683498,16037.99301,163,4026,775,3477,14,1984
1984,7645,54492920,9222001,8,2737,0,28202905,8472.806146,115,2251,816,1223,0,1277
1277,2215,16293829,4961382,9,1386,5,22397450,5469.045496,30,1337,113,716,0,994
994,1592,8431568,3016090,10,1016,5,25878769,4299.472845,25,1064,88,747,2,964
964,4036,28924828,4240270,11,1751,0,18508881,4201.330547,30,1185,663,553,5,1394
1394,3865,18176632,4961712,12,1813,2,24810089,6087.03169,43,1468,237,839,4,1731
1731,5837,47926091,13887295,13,2620,28,28176699,7610.956637,68,2104,807,1267,3,1978
1978,6878,45807085,9227939,14,4267,24,24377855,8767.180223,93,2193,543,1381,2,2096
2096,5750,42895846,4962111,15,2871,147,25205235,9309.495152,117,2343,518,1563,3,2078
2078,11730,45574143,9229876,16,4583,109,33666117,9277.859935,196,2350,740,1605,6,1965
1965,4911,22303857,5855804,17,3194,224,25043586,8786.999375,95,2294,492,1331,4,2673
2673,16248,43467844,9233314,18,4036,32,40570306,11756.47954,143,3371,1651,1776,7,2084
2084,5226,42292192,9234426,19,3599,91,29631481,9229.889589,89,2300,459,1572,3,1745
1745,7375,34964045,9236858,20,4151,103,24491566,7756.444141,165,2514,1286,1370,2,1614
1614,5818,36983237,9238799,21,3638,35,21221932,7159.974853,111,2230,894,1218,1,1518
1518,4912,41199312,6688918,22,2461,33,20044695,6759.858023,98,1891,514,1175,2,1426
1426,5927,44430815,9241857,23,2196,15,19452582,6421.850849,96,2055,749,1175,2,1288
1288,4537,19987041,3395868,0,2783,0,15544484,5740.541861,70,1840,1027,1087,4,1253
1253,3973,21491804,1692844,1,1793,6,18554600,5611.807206,28,1490,490,1329,1,1085
1085,24601,23382110,9245613,2,1448,12,11179583,4667.150884,215,1875,1747,894,3,881
881,5734,15468122,4795887,3,525,5,13211608,3789.041669,142,1307,677,901,3,822
822,1312,6919870,1190248,4,684,2,13514691,3532.86973,33,931,118,868,0,630
630,2409,20614225,4796875,5,827,3,9401451,2691.71363,47,788,227,654,1,457
457,3564,42974841,9251373,6,591,7,7673785,1965.397744,32,1166,690,447,0,355
355,555,5005491,4338875,7,692,2,4916188,1444.979432,3,376,32,371,0,197
197,1999,16181180,9252255,8,216,0,3206927,844.7485297,19,377,274,165,1,159
159,276,6750099,4964778,9,-23,0,4310268,706.7625378,2,170,7,83,0,108
108,182,750287,220642,10,334,0,2813194,457.2938759,0,113,15,46,0,112
112,2169,2076505,1376479,11,179,0,2273478,489.351572,6,269,400,74,0,149
149,218,727755,147202,12,212,1,2763443,652.0670264,0,158,4,121,2,212
212,922,3609081,1757532,13,311,1,3932220,966.478417,16,281,84,132,1,275
275,1599,4082468,1559768,14,340,0,5671809,1223.656954,20,447,298,224,1,378
378,2637,23678178,9258239,15,1074,9,5472196,1714.308374,16,647,449,293,0,420
420,3353,20529063,9259104,16,1697,4,5813664,1932.042585,21,699,477,310,0,536
536,4617,7661258,1560155,17,1743,6,7841607,2352.328989,39,987,957,492,0,558
558,3442,23605735,9261886,18,529,4,8824186,2428.66476,22,1285,985,485,0,507
507,2006,21539548,9262951,19,1089,2,7072333,2247.346148,24,809,472,441,0,407
407,1432,8696462,3397871,20,996,0,5390128,1797.420757,24,742,513,345,0,375
375,1068,18351989,9264669,21,938,1,4638258,1691.577553,17,682,310,317,0,431
431,1440,13360365,9266507,22,181,2,5141744,1916.600803,32,918,657,329,1,297
297,1345,30108353,9268059,23,985,95,4572866,1398.502478,20,709,570,236,0,282
282,1259,5337834,1561579,0,736,11,4509870,1313.451202,15,515,470,256,1,250
250,3116,32589484,9270425,1,539,12,3694800,1137.547611,43,819,1424,255,1,306
306,486,2114890,494085,2,279,4,3832023,1325.190552,7,386,86,274,1,219
219,414,2996075,277292,3,688,30,3802210,983.564374,11,264,99,196,1,108
108,319,2283320,1563475,4,7,947,1273412,489.1341198,4,141,32,53,1,234
234,338,1219946,277302,5,76,6,2639739,988.3816208,3,280,50,179,0,130
130,1107,12254374,9287403,6,590,1242,2121787,574.8491676,11,491,620,104,0,69
69,83,95157,29217,7,17,2,1884356,284.6113978,1,74,2,42,0,54
54,68,70660,16768,8,86,0,1206696,226.2481656,1,57,1,28,0,49
49,180,9414745,9276750,9,32,0,1563048,223.2532832,1,89,46,27,0,40
40,53,77190,16769,10,63,0,1041134,165.3391679,0,48,1,25,0,39
39,69,86026,37803,11,217,0,921990,171.3617685,1,51,17,35,0,37
37,68,64632,24292,12,-46,0,719653,166.3706505,0,42,2,28,0,66
66,804,272445,65362,13,237,0,1324043,287.3583033,15,314,220,49,0,102
102,250,625323,130028,14,53,7,1496193,454.7196936,2,160,69,87,0,142
142,359,994069,228744,15,750,97,1828185,680.007017,9,225,111,108,0,156
156,397,3345534,1289164,16,292,9,1478020,688.3819106,9,234,145,115,1,246
246,514,2626890,494125,17,251,5,2227522,1102.250631,8,332,114,151,1,244
244,1012,4292716,1563537,18,422,13,3478500,1073.004878,9,590,426,156,0,210
210,442,3548972,1191443,19,697,8,2609071,959.1296518,12,297,125,172,1,249
249,969,7228034,1289703,20,-2006,8,4051534,1123.414442,12,609,391,200,1,116
116,354,7034269,5006886,21,1300,265,1643234,528.0006793,5,191,170,97,0,146
146,723,10432639,9289530,22,-975,8,1800325,663.3248707,6,476,203,134,0,150
150,608,5922511,5004882,23,1400,3,1300335,655.6206222,4,291,490,122,1,156
156,437,2694773,1290060,0,-791,1,2763697,652.3817818,6,314,90,136,0,171
171,662,10183370,9292789,1,1900,2,1327864,726.3339045,6,361,532,149,0,200
200,3451,13573419,9294267,2,-487,22,2917396,860.1199078,32,2021,2684,175,0,177
177,992,11528230,9295078,3,1800,2,2456992,778.3435651,12,504,836,148,0,156
156,1045,4195558,1246190,4,-1313,14,2246878,677.5865972,13,586,277,155,1,109
109,147,208061,72130,5,600,2,1397703,452.7814299,4,126,34,92,0,86
86,141,633544,360305,6,-76,0,1524990,377.1400516,3,116,20,73,0,64
64,311,9563502,9298341,7,300,0,1816850,267.0356622,4,148,224,55,0,36
36,50,14201,1603,8,-100,0,527923,143.0954284,0,42,0,29,0,34
34,137,52308,29909,9,100,0,247281,138.5839716,0,133,196,29,0,30
30,46,33604,18133,10,-166,0,286412,127.7655223,0,41,4,15,0,28
28,40,24294,5551,11,300,1,387947,126.1851671,1,37,12,18,0,27
27,47,19587,6690,12,-100,0,362759,120.3601869,0,35,2,19,0,54
54,455,297034,142535,13,600,1,772248,250.1774127,3,215,392,55,1,78
78,133,289294,101930,14,-33,1,914655,337.6086035,1,100,30,79,0,91
91,364,3148893,1247299,15,1000,5,1033520,404.6587016,7,187,236,62,0,88
88,237,1076731,163507,16,-296,3,1996682,405.0860458,5,165,64,62,0,117
117,709,19921296,9319127,17,1300,397,2801981,539.6942817,12,367,684,90,1,126
126,255,1657023,577760,18,-747,1,1732267,550.3261903,5,187,29,106,0,118
118,177,529678,161581,19,1100,0,1243191,510.9288291,4,137,42,106,0,73
73,196,971230,257865,20,-889,3,1038945,353.6735556,7,169,27,53,0,83
83,154,444688,182160,21,800,1,1085612,365.2004609,4,107,52,65,0,92
92,197,2184517,1315826,22,-763,2,769112,406.4564811,2,145,31,75,0,105
105,1214,12771537,9312492,23,1300,334,2031467,498.967595,8,586,1290,111,0,92
92,302,3332790,1291122,0,-482,11,1652258,412.8005818,4,196,85,77,0,95
95,1258,7926578,4974249,1,1100,4,987071,437.1682841,32,381,724,69,1,102
102,389,2737043,1291186,2,161,6,2386992,469.7285737,4,241,183,83,0,100
100,226,927915,326894,3,800,60,1812220,456.6794967,6,151,150,103,0,54
54,98,404822,208360,4,-89,6,1243211,232.1673201,1,76,14,57,0,88
88,1332,10228110,9319265,5,600,21,915303,373.2889634,12,343,710,90,0,112
112,341,2247525,1291482,6,-170,1,1447867,468.1562603,7,225,105,104,1,57
57,452,9946933,9320282,7,300,0,1405519,250.1319437,6,179,360,53,0,28
28,43,164699,133088,8,-300,4,355427,117.0883941,0,34,0,26,0,37
37,57,37329,16410,9,600,0,294393,148.8340715,0,45,18,24,1,20
20,25,38013,18126,10,0,0,121030,90.1835918,0,24,0,10,0,33
33,49,243561,221155,11,200,0,388164,145.2109818,0,42,8,29,0,27
27,36,180445,139128,12,-200,0,681959,123.1558615,0,34,0,19,0,40
40,118,2402673,166079,13,1500,0,1740629,165.6666007,0,84,102,42,0,22
22,29,11688,2786,14,0,4,137457,91.3737677,0,24,2,24,0,67
67,121,608883,416999,15,500,0,786348,306.3356573,2,93,60,48,0,153
153,358,458714,91743,16,-353,2,3625803,645.035544,8,200,47,288,0,108
108,134,501119,187104,17,700,2,942071,456.8248065,1,116,20,148,1,83
83,328,1940188,1291701,18,-448,0,690782,385.1892287,6,200,112,90,0,69
69,109,221747,72108,19,300,0,604809,299.7886906,1,85,30,41,0,79
79,410,4485767,3941373,20,-314,1,919487,356.2969321,9,305,93,93,0,85
85,556,6420509,2257688,21,1300,0,1894478,421.3296017,13,254,450,81,1,97
97,4333,5832041,2569354,22,-497,0,2128649,449.3497854,61,1913,3922,76,0,130
130,1005,10102869,9335379,23,1700,1,2521495,578.9317377,16,498,870,137,0,77
77,347,5711681,5009675,0,-360,0,1243950,355.0330076,3,170,60,72,0,70
70,122,332720,130587,1,700,0,783566,314.8859035,0,97,66,69,0,59
59,146,1433751,1291953,2,-470,0,882135,261.2228235,4,110,17,61,0,60
60,180,2851761,2569681,3,500,0,900916,278.0828285,3,113,126,56,0,59
59,129,606045,284775,4,-174,0,1482780,261.0150321,2,106,21,49,0,40
40,411,9401049,9340982,5,200,0,282869,168.1697374,2,138,278,38,0,31
31,34,112466,91592,6,0,0,583035,124.126194,0,32,0,31,0,26
26,30,9181,2905,7,100,0,189331,103.5699491,0,26,2,24,0,21
21,26,153933,139127,8,0,0,655577,87.9039377,2,21,0,8,0,22
22,26,284384,157383,9,0,0,893809,88.505664,0,22,0,13,0,28
28,128,4997786,4978262,10,127,0,549980,122.7104309,6,78,25,15,0,24
24,47,68994,54215,11,300,1,375291,98.4402492,0,32,18,12,1,12
12,14,75869,68275,12,0,0,99765,49.9409934,0,13,0,14,0,14
14,18,7216,5607,13,100,0,43650,56.7891303,0,16,4,7,0,33
33,68,53433,38367,14,-23,0,328188,144.7351305,0,41,10,24,0,33
33,42,231374,139678,15,100,0,260538,139.2890589,0,35,2,34,0,81
81,258,1650396,157495,16,-1005,3,925477,359.6450704,3,201,62,101,0,49
49,454,1456923,1250356,17,400,6,516928,212.4325636,6,173,310,32,0,47
47,100,531600,157507,18,-568,0,594034,218.203502,1,78,11,52,0,46
46,73,567516,157438,19,500,0,1132559,196.5576882,0,55,30,29,0,45
